event_id,mag,depth_km,lon,lat,sig,felt,cdi,gap,dmin,nst,tsunami,place,distance_prefix,location,depth_category,pct_of_great_threshold,significant,station_network,local_claims_filed,time,magType,status,net,scaled_mag
us6000tn9r,4.6,10.0,124.9935,23.7741,326.0,0.0,0.0,128.0,0.919,25.0,0,"103 km SSE of Tarama, Japan",103 km SSE,"Tarama, Japan",shallow,57.49999999999999,0,USGS-WEST,10,1787614016418,mb,reviewed,us,0.40384615384615374
aka2026qtvqfq,3.1,0.7,-151.482,63.159,148.0,1.0,1.0,31.0,0.4,125.0,0,"44 km SSE of Denali National Park, Alaska",44 km SSE,"Denali National Park, Alaska",shallow,38.75,0,PNSN-07,4,1787613239061,ml,reviewed,ak,0.11538461538461539
aka2026qtuxwd,3.0,86.1,-157.999,56.41,138.0,0.0,0.0,129.0,0.3,72.0,0,"28 km ENE of Chignik, Alaska",28 km ENE,"Chignik, Alaska",intermediate,37.5,0,CEA-12,15,1787611966440,ml,reviewed,ak,0.09615384615384615
us6000tn9b,2.7,7.616,-107.551,35.2636,112.0,0.0,0.0,67.0,0.949,22.0,0,"11 km SE of San Mateo, New Mexico",11 km SE,"San Mateo, New Mexico",shallow,33.75,0,PNSN-07,4,1787611883883,ml,reviewed,us,0.03846153846153849
us6000tn8w,4.6,10.0,152.0529,-6.4947,326.0,0.0,0.0,110.0,2.291,23.0,0,"236 km ESE of Kimbe, Papua New Guinea",236 km ESE,"Kimbe, Papua New Guinea",shallow,57.49999999999999,0,CEA-12,8,1787605334533,mb,reviewed,us,0.40384615384615374
aka2026qtqaig,2.6,51.0,178.332,51.441,104.0,0.0,0.0,277.0,0.5,15.0,0,"Rat Islands, Aleutian Islands, Alaska",,"Rat Islands, Aleutian Islands, Alaska",shallow,32.5,0,PNSN-07,,1787603143215,ml,reviewed,ak,0.019230769230769246
aka2026qtpptp,3.9,125.5,-154.314,58.966,234.0,0.0,0.0,33.0,0.3,269.0,0,"58 km SSE of Kokhanok, Alaska",58 km SSE,"Kokhanok, Alaska",intermediate,48.75,0,SCEDC-01,0,1787602415518,ml,reviewed,ak,0.2692307692307692
aka2026qtonse,2.9,6.1,176.334,52.031,129.0,0.0,0.0,190.0,1.3,12.0,0,"232 km ESE of Attu Station, Alaska",232 km ESE,"Attu Station, Alaska",shallow,36.25,0,SCEDC-01,15,1787600470850,ml,reviewed,ak,0.0769230769230769
aka2026qtoknv,2.5,29.3,-166.291,53.222,96.0,0.0,0.0,212.0,0.6,28.0,0,"74 km SSE of Unalaska, Alaska",74 km SSE,"Unalaska, Alaska",shallow,31.25,0,USGS-WEST,10,1787600245837,ml,reviewed,ak,0.0
us6000tn80,5.0,9.947,127.5019,-6.6912,385.0,0.0,0.0,47.0,3.218,56.0,0,"209 km NNE of Lospalos, Timor Leste",209 km NNE,"Lospalos, Timor Leste",shallow,62.5,1,CEA-12,7,1787598003416,mb,reviewed,us,0.4807692307692307
aka2026qtmvkv,2.5,90.5,-151.98,60.407,96.0,1.0,1.0,34.0,0.4,98.0,0,"37 km W of Cohoe, Alaska",37 km W,"Cohoe, Alaska",intermediate,31.25,0,CEA-12,,1787597404881,ml,reviewed,ak,0.0
aka2026qtlnac,2.5,0.4,-160.21,54.515,96.0,0.0,0.0,274.0,1.1,14.0,0,"93 km SSE of Sand Point, Alaska",93 km SSE,"Sand Point, Alaska",shallow,31.25,0,USGS-WEST,11,1787595024641,ml,reviewed,ak,0.0
pr71529668,2.92,8.85,-67.5286666666667,18.7896666666667,131.0,0.0,0.0,180.0,0.4058,15.0,0,"56 km NW of San Antonio, Puerto Rico",56 km NW,"San Antonio, Puerto Rico",shallow,36.5,0,SCEDC-01,7,1787591799470,md,reviewed,pr,0.08076923076923075
aka2026qtjffr,3.2,5.0,176.285,52.038,158.0,0.0,0.0,190.0,1.4,11.0,0,"229 km ESE of Attu Station, Alaska",229 km ESE,"Attu Station, Alaska",shallow,40.0,0,,,1787590884365,ml,reviewed,ak,0.13461538461538464
aka2026qtiqeg,3.2,1.1,176.257,51.943,158.0,0.0,0.0,196.0,1.4,12.0,0,"231 km ESE of Attu Station, Alaska",231 km ESE,"Attu Station, Alaska",shallow,40.0,0,SCEDC-01,12,1787589841658,ml,reviewed,ak,0.13461538461538464
us6000tn6z,4.7,205.654,145.6671,18.6438,340.0,0.0,0.0,98.0,3.393,58.0,0,"Pagan region, Northern Mariana Islands",,"Pagan region, Northern Mariana Islands",intermediate,58.75,0,USGS-WEST,4,1787588724020,mb,reviewed,us,0.4230769230769231
us6000tn4t,2.6,7.364,-93.3902,31.8417,108.0,10.0,3.8,136.0,0.163,13.0,0,"11 km ENE of Pleasant Hill, Louisiana",11 km ENE,"Pleasant Hill, Louisiana",shallow,32.5,0,CEA-12,9,1787587104573,mb_lg,reviewed,us,0.019230769230769246
aka2026qtgozp,2.6,85.7,-151.479,61.934,104.0,1.0,1.0,36.0,0.1,97.0,0,"7 km SW of Skwentna, Alaska",7 km SW,"Skwentna, Alaska",intermediate,32.5,0,SCEDC-01,3,1787586177039,ml,reviewed,ak,0.019230769230769246
us6000tn4p,4.9,10.0,128.6513,26.111,369.0,0.0,0.0,75.0,2.334,48.0,0,"76 km SE of Taira, Japan",76 km SE,"Taira, Japan",shallow,61.25000000000001,0,PNSN-07,8,1787585252740,mb,reviewed,us,0.46153846153846156
us6000tn4m,4.8,10.0,120.4543,-7.7836,354.0,0.0,0.0,118.0,2.838,27.0,0,"91 km N of Ruteng, Indonesia",91 km N,"Ruteng, Indonesia",shallow,60.0,0,USGS-WEST,6,1787584334584,mb,reviewed,us,0.44230769230769224
us6000tn41,6.0,10.0,127.4598,-6.6264,554.0,0.0,0.0,24.0,3.208,111.0,0,"215 km NNE of Lospalos, Timor Leste",215 km NNE,"Lospalos, Timor Leste",shallow,75.0,1,PNSN-07,8,1787580617299,mww,reviewed,us,0.673076923076923
nc75424162,2.85,2.05999994277954,-118.833335876465,37.4463348388672,125.0,0.0,0.0,96.0,0.1435,28.0,0,"19 km SW of Toms Place, CA",19 km SW,"Toms Place, CA",shallow,35.625,0,PNSN-07,8,1787577790670,md,automatic,nc,0.06730769230769232
us6000tn3t,5.0,10.0,-13.8368,-17.7036,385.0,0.0,0.0,89.0,7.939,50.0,0,southern Mid-Atlantic Ridge,,southern Mid-Atlantic Ridge,shallow,62.5,1,PNSN-07,12,1787574571627,mb,reviewed,us,0.4807692307692307
aka2026qszhpu,3.6,17.9,176.292,51.953,199.0,0.0,0.0,195.0,1.4,12.0,0,"233 km ESE of Attu Station, Alaska",233 km ESE,"Attu Station, Alaska",shallow,45.0,0,,,1787573061453,ml,reviewed,ak,0.21153846153846154
pr71529618,2.98,11.07,-67.3421666666667,18.7565,137.0,0.0,0.0,274.0,0.3614,9.0,0,"38 km NW of San Antonio, Puerto Rico",38 km NW,"San Antonio, Puerto Rico",shallow,37.25,0,CEA-12,,1787572833730,md,reviewed,pr,0.0923076923076923
aka2026qsyeyt,2.5,189.2,-157.578,57.753,96.0,0.0,0.0,73.0,0.2,67.0,0,"21 km N of Pilot Point, Alaska",21 km N,"Pilot Point, Alaska",intermediate,31.25,0,USGS-WEST,12,1787571077430,ml,reviewed,ak,0.0
aka2026qsxzcf,2.7,1.2,-156.219,57.067,112.0,0.0,0.0,75.0,0.6,46.0,0,"86 km SE of Ugashik, Alaska",86 km SE,"Ugashik, Alaska",shallow,33.75,0,USGS-WEST,11,1787570671689,ml,reviewed,ak,0.03846153846153849
aka2026qsxtmb,3.0,8.0,176.354,52.094,138.0,0.0,0.0,185.0,1.3,10.0,0,"230 km ESE of Attu Station, Alaska",230 km ESE,"Attu Station, Alaska",shallow,37.5,0,PNSN-07,10,1787570276731,ml,reviewed,ak,0.09615384615384615
aka2026qsxksj,2.6,0.8,-151.147,58.389,104.0,0.0,0.0,152.0,0.7,78.0,0,"95 km ENE of Ouzinkie, Alaska",95 km ENE,"Ouzinkie, Alaska",shallow,32.5,0,SCEDC-01,4,1787569680264,ml,reviewed,ak,0.019230769230769246
tx2026qqfrzq,3.1,6.0486,-104.541,31.739,148.0,0.0,0.0,65.0,0.0,47.0,0,"50 km SSW of Whites City, New Mexico",50 km SSW,"Whites City, New Mexico",shallow,38.75,0,SCEDC-01,5,1787569533704,ml,reviewed,tx,0.11538461538461539
us6000tn37,4.9,10.0,-171.9977,-18.1013,369.0,0.0,0.0,154.0,19.783,30.0,0,"218 km ENE of Neiafu, Tonga",218 km ENE,"Neiafu, Tonga",shallow,61.25000000000001,0,CEA-12,3,1787566783962,mb,reviewed,us,0.46153846153846156
us6000tn33,5.5,10.0,129.6871,-5.0525,465.0,0.0,0.0,27.0,0.569,79.0,0,"207 km SSE of Amahai, Indonesia",207 km SSE,"Amahai, Indonesia",shallow,68.75,1,CEA-12,0,1787565778888,mww,reviewed,us,0.5769230769230769
nc75424082,2.78,2.04999995231628,-118.832832336426,37.445499420166,119.0,0.0,0.0,96.0,0.1443,28.0,0,"19 km SW of Toms Place, CA",19 km SW,"Toms Place, CA",shallow,34.75,0,SCEDC-01,2,1787564380640,md,automatic,nc,0.05384615384615381
nc75424037,2.69,6.09000015258789,-119.522163391113,38.5188331604004,111.0,0.0,0.0,64.0,0.06712,27.0,0,"4 km W of Walker, CA",4 km W,"Walker, CA",shallow,33.625,0,USGS-WEST,4,1787561693810,md,automatic,nc,0.03653846153846153
aka2026qssltt,2.5,6.5,-150.835,65.852,96.0,0.0,0.0,30.0,0.2,46.0,0,"49 km NW of Rampart, Alaska",49 km NW,"Rampart, Alaska",shallow,31.25,0,CEA-12,6,1787560754278,ml,reviewed,ak,0.0
aka2026qsrzue,3.1,0.9,176.328,52.015,148.0,0.0,0.0,191.0,1.4,11.0,0,"232 km ESE of Attu Station, Alaska",232 km ESE,"Attu Station, Alaska",shallow,38.75,0,SCEDC-01,,1787559903738,ml,reviewed,ak,0.11538461538461539
ci41534880,2.71,2.31,-117.8435,36.0666666666667,113.0,0.0,0.0,41.0,0.05163,34.0,0,"10 km ENE of Coso Junction, CA",10 km ENE,"Coso Junction, CA",shallow,33.875,0,PNSN-07,7,1787557904630,ml,reviewed,ci,0.04038461538461537
us6000tn2j,4.9,10.0,-83.9132,9.9853,428.0,90.0,6.5,74.0,0.196,103.0,0,"10 km NNW of Cot, Costa Rica",10 km NNW,"Cot, Costa Rica",shallow,61.25000000000001,0,PNSN-07,1,1787557037435,mb,reviewed,us,0.46153846153846156
us6000tn2d,4.5,209.196,-176.289,-20.9867,312.0,0.0,0.0,105.0,6.085,62.0,0,"104 km WNW of Houma, Tonga",104 km WNW,"Houma, Tonga",intermediate,56.25,0,CEA-12,13,1787550047930,mb,reviewed,us,0.3846153846153846
us6000tn29,4.5,129.457,-67.1543,-28.143,312.0,0.0,0.0,65.0,3.236,95.0,0,"41 km ESE of Tinogasta, Argentina",41 km ESE,"Tinogasta, Argentina",intermediate,56.25,0,USGS-WEST,1,1787547844171,mb,reviewed,us,0.3846153846153846
pr71529603,2.55,13.07,-67.376,18.3316666666667,100.0,0.0,0.0,158.0,0.1111,9.0,0,"13 km W of Rincón, Puerto Rico",13 km W,"Rincón, Puerto Rico",shallow,31.874999999999996,0,SCEDC-01,3,1787547169800,md,reviewed,pr,0.009615384615384581
aka2026qsjfaz,2.7,15.4,-179.055,51.044,112.0,0.0,0.0,231.0,0.5,18.0,0,"191 km WSW of Adak, Alaska",191 km WSW,"Adak, Alaska",shallow,33.75,0,SCEDC-01,15,1787544095157,ml,reviewed,ak,0.03846153846153849
us6000tn25,4.8,68.263,125.2291,5.3312,354.0,0.0,0.0,120.0,1.762,29.0,0,"27 km WSW of Sarangani, Philippines",27 km WSW,"Sarangani, Philippines",shallow,60.0,0,PNSN-07,3,1787543973162,mb,reviewed,us,0.44230769230769224
aka2026qsiroo,2.5,7.6,-174.434,51.724,96.0,0.0,0.0,252.0,0.5,12.0,0,"54 km SSW of Atka, Alaska",54 km SSW,"Atka, Alaska",shallow,31.25,0,PNSN-07,12,1787543163551,ml,reviewed,ak,0.0
aka2026qsiljd,3.2,1.3,176.313,51.981,158.0,0.0,0.0,193.0,1.4,9.0,0,"233 km ESE of Attu Station, Alaska",233 km ESE,"Attu Station, Alaska",shallow,40.0,0,PNSN-07,1,1787542732912,ml,reviewed,ak,0.13461538461538464
us6000tn20,4.1,10.0,-93.2276,14.1906,259.0,0.0,0.0,188.0,2.33,36.0,0,"104 km SW of Puerto Madero, Mexico",104 km SW,"Puerto Madero, Mexico",shallow,51.24999999999999,0,CEA-12,5,1787542438106,mb,reviewed,us,0.3076923076923076
us6000tn1z,4.9,10.0,-14.921,-12.6363,369.0,0.0,0.0,159.0,21.631,41.0,0,southern Mid-Atlantic Ridge,,southern Mid-Atlantic Ridge,shallow,61.25000000000001,0,PNSN-07,14,1787539508660,mb,reviewed,us,0.46153846153846156
us6000tn1x,4.4,77.675,-76.8403,4.5166,298.0,0.0,0.0,94.0,2.114,24.0,0,"26 km SW of Sipí, Colombia",26 km SW,"Sipí, Colombia",intermediate,55.00000000000001,0,USGS-WEST,11,1787539260646,mb,reviewed,us,0.3653846153846154
us6000tn1v,4.7,10.0,120.4679,-7.9644,340.0,0.0,0.0,83.0,3.016,25.0,0,"71 km N of Ruteng, Indonesia",71 km N,"Ruteng, Indonesia",shallow,58.75,0,USGS-WEST,15,1787537979063,mb,reviewed,us,0.4230769230769231
aka2026qsfeey,3.2,23.8,-151.04,58.552,158.0,0.0,0.0,129.0,0.7,154.0,0,"99 km SSE of Port Graham, Alaska",99 km SSE,"Port Graham, Alaska",shallow,40.0,0,SCEDC-01,2,1787536843917,ml,reviewed,ak,0.13461538461538464
pr71529588,3.39,40.02,-67.7316666666667,19.0983333333333,177.0,0.0,0.0,197.0,0.8459,24.0,0,"91 km NE of Punta Cana, Dominican Republic",91 km NE,"Punta Cana, Dominican Republic",shallow,42.375,0,SCEDC-01,2,1787535784030,md,reviewed,pr,0.17115384615384618
aka2026qsebnq,2.5,28.3,-178.181,51.155,96.0,0.0,0.0,222.0,0.6,15.0,0,"133 km SW of Adak, Alaska",133 km SW,"Adak, Alaska",shallow,31.25,0,,,1787534847618,ml,reviewed,ak,0.0
us6000tn1k,4.6,10.0,120.4857,-8.2203,326.0,0.0,0.0,86.0,4.035,26.0,0,"43 km N of Ruteng, Indonesia",43 km N,"Ruteng, Indonesia",shallow,57.49999999999999,0,PNSN-07,13,1787533979871,mb,reviewed,us,0.40384615384615374
aka2026qsdhpp,2.9,5.0,-150.068,56.238,129.0,0.0,0.0,219.0,2.1,35.0,0,"203 km SE of Chiniak, Alaska",203 km SE,"Chiniak, Alaska",shallow,36.25,0,SCEDC-01,7,1787533449549,ml,reviewed,ak,0.0769230769230769
aka2026qscmuy,3.0,5.0,-150.026,56.278,138.0,0.0,0.0,204.0,2.1,52.0,0,"202 km SE of Chiniak, Alaska",202 km SE,"Chiniak, Alaska",shallow,37.5,0,,,1787532068907,ml,reviewed,ak,0.09615384615384615
us6000tn1h,4.9,44.666,105.0691,28.3791,369.0,1.0,1.0,29.0,7.644,96.0,0,"8 km NNE of Bowangshan, China",8 km NNE,"Bowangshan, China",shallow,61.25000000000001,0,SCEDC-01,10,1787531186410,mww,reviewed,us,0.46153846153846156
aka2026qsarkp,2.6,28.9,-166.884,52.946,104.0,0.0,0.0,220.0,0.8,31.0,0,"105 km SSW of Unalaska, Alaska",105 km SSW,"Unalaska, Alaska",shallow,32.5,0,PNSN-07,1,1787528758531,ml,reviewed,ak,0.019230769230769246
aka2026qsaocx,3.0,18.6,178.528,50.995,138.0,0.0,0.0,290.0,0.6,11.0,0,"Rat Islands, Aleutian Islands, Alaska",,"Rat Islands, Aleutian Islands, Alaska",shallow,37.5,0,USGS-WEST,14,1787528555972,ml,reviewed,ak,0.09615384615384615
us6000tn19,5.0,13.186,176.3834,52.1941,385.0,1.0,3.1,82.0,1.334,87.0,0,"Rat Islands, Aleutian Islands, Alaska",,"Rat Islands, Aleutian Islands, Alaska",shallow,62.5,1,PNSN-07,13,1787527235668,mb,reviewed,us,0.4807692307692307
tx2026qphxaj,2.8,6.3232,-101.607,32.4,121.0,0.0,0.0,69.0,0.0,55.0,0,"17 km SE of Ackerly, Texas",17 km SE,"Ackerly, Texas",shallow,35.0,0,SCEDC-01,0,1787526414978,ml,reviewed,tx,0.057692307692307654
us6000tn15,4.2,182.936,-66.8517,-24.1005,271.0,0.0,0.0,119.0,5.982,22.0,0,"55 km WNW of San Antonio de los Cobres, Argentina",55 km WNW,"San Antonio de los Cobres, Argentina",intermediate,52.5,0,CEA-12,4,1787525887446,mb,reviewed,us,0.3269230769230769
us6000tn14,4.7,35.0,120.6944,-8.0432,340.0,0.0,0.0,87.0,3.919,40.0,0,"67 km NNE of Ruteng, Indonesia",67 km NNE,"Ruteng, Indonesia",shallow,58.75,0,,,1787525854074,mb,reviewed,us,0.4230769230769231
pr71529563,2.6,11.8,-66.9196666666667,17.8563333333333,104.0,0.0,0.0,254.0,0.1242,6.0,0,"12 km S of Guánica, Puerto Rico",12 km S,"Guánica, Puerto Rico",shallow,32.5,0,SCEDC-01,14,1787522938760,md,reviewed,pr,0.019230769230769246
us6000tn0t,5.3,10.0,164.6977,-10.6943,432.0,0.0,0.0,52.0,4.841,66.0,0,"120 km W of Lata, Solomon Islands",120 km W,"Lata, Solomon Islands",shallow,66.25,1,PNSN-07,,1787520740775,mww,reviewed,us,0.5384615384615384
aka2026qrwflf,3.2,75.1,-176.926,51.647,158.0,0.0,0.0,194.0,0.2,33.0,0,"32 km SW of Adak, Alaska",32 km SW,"Adak, Alaska",intermediate,40.0,0,PNSN-07,4,1787520734415,ml,reviewed,ak,0.13461538461538464
us6000tn0s,5.2,10.0,120.8354,-8.1992,417.0,3.0,3.8,49.0,3.342,62.0,0,"61 km NE of Ruteng, Indonesia",61 km NE,"Ruteng, Indonesia",shallow,65.0,1,,,1787520015767,mb,reviewed,us,0.5192307692307693
us6000tn0n,4.5,102.487,-71.6087,-36.7356,312.0,0.0,0.0,81.0,0.983,42.0,0,"23 km ESE of Coihueco, Chile",23 km ESE,"Coihueco, Chile",intermediate,56.25,0,SCEDC-01,8,1787517494973,mb,reviewed,us,0.3846153846153846
aka2026qruhyn,2.6,28.3,-176.091,51.377,104.0,0.0,0.0,235.0,0.5,16.0,0,"66 km SE of Adak, Alaska",66 km SE,"Adak, Alaska",shallow,32.5,0,CEA-12,5,1787517309812,ml,reviewed,ak,0.019230769230769246
aka2026qrtpin,2.5,183.8,179.911,52.001,96.0,0.0,0.0,178.0,0.2,22.0,0,"238 km W of Adak, Alaska",238 km W,"Adak, Alaska",intermediate,31.25,0,CEA-12,3,1787516023025,ml,reviewed,ak,0.0
us6000tn0j,4.4,61.444,100.6511,-2.0711,298.0,0.0,0.0,177.0,3.235,28.0,0,"82 km W of Sungai Penuh, Indonesia",82 km W,"Sungai Penuh, Indonesia",shallow,55.00000000000001,0,CEA-12,15,1787515007314,mb,reviewed,us,0.3653846153846154
aka2026qrszer,2.5,71.9,-150.942,61.609,96.0,1.0,1.0,24.0,0.2,83.0,0,"23 km WNW of Susitna, Alaska",23 km WNW,"Susitna, Alaska",intermediate,31.25,0,SCEDC-01,6,1787514904576,ml,reviewed,ak,0.0
us6000tn0a,4.7,9.989,126.1936,5.7891,340.0,0.0,0.0,109.0,1.411,48.0,0,"61 km ESE of Mangili, Philippines",61 km ESE,"Mangili, Philippines",shallow,58.75,0,PNSN-07,0,1787511458731,mb,reviewed,us,0.4230769230769231
us6000tn01,2.7,10.0,-127.2419,43.4143,112.0,0.0,0.0,293.0,1.72,24.0,0,"232 km W of Bandon, Oregon",232 km W,"Bandon, Oregon",shallow,33.75,0,PNSN-07,1,1787509599779,ml,reviewed,us,0.03846153846153849
aka2026qrpslf,3.0,22.5,-169.463,52.068,138.0,0.0,0.0,224.0,0.7,31.0,0,"105 km SSW of Nikolski, Alaska",105 km SSW,"Nikolski, Alaska",shallow,37.5,0,SCEDC-01,2,1787509046778,ml,reviewed,ak,0.09615384615384615
us6000tmzy,4.5,224.789,-66.457,-23.1294,312.0,0.0,0.0,90.0,1.596,38.0,0,"80 km W of El Aguilar, Argentina",80 km W,"El Aguilar, Argentina",intermediate,56.25,0,SCEDC-01,6,1787507790373,mb,reviewed,us,0.3846153846153846
us6000tmzw,4.9,35.0,-25.264,-58.7481,369.0,0.0,0.0,69.0,7.648,56.0,0,South Sandwich Islands region,,South Sandwich Islands region,shallow,61.25000000000001,0,SCEDC-01,1,1787505809822,mb,reviewed,us,0.46153846153846156
us6000tmzm,4.5,63.193,142.8825,42.2325,312.0,0.0,0.0,83.0,0.298,42.0,0,"11 km NE of Urakawa, Japan",11 km NE,"Urakawa, Japan",shallow,56.25,0,CEA-12,0,1787502975398,mb,reviewed,us,0.3846153846153846
us6000tmzi,2.7,35.0,-164.8067,53.7362,112.0,0.0,0.0,204.0,0.646,24.0,0,"77 km SE of Akutan, Alaska",77 km SE,"Akutan, Alaska",shallow,33.75,0,SCEDC-01,10,1787497707688,ml,reviewed,us,0.03846153846153849
aka2026qrirzq,3.3,80.3,177.36,51.735,168.0,0.0,0.0,192.0,0.7,18.0,0,"Rat Islands, Aleutian Islands, Alaska",,"Rat Islands, Aleutian Islands, Alaska",intermediate,41.25,0,USGS-WEST,10,1787496468919,ml,reviewed,ak,0.1538461538461538
us6000tn83,3.5,67.185,176.2953,51.9075,188.0,0.0,0.0,197.0,1.373,15.0,0,"236 km ESE of Attu Station, Alaska",236 km ESE,"Attu Station, Alaska",shallow,43.75,0,PNSN-07,3,1787496402243,ml,reviewed,us,0.1923076923076923
us6000tmzd,4.6,28.59,155.5104,-6.9773,326.0,0.0,0.0,94.0,4.33,47.0,0,"73 km S of Panguna, Papua New Guinea",73 km S,"Panguna, Papua New Guinea",shallow,57.49999999999999,0,PNSN-07,,1787493961369,mb,reviewed,us,0.40384615384615374
aka2026qrhenk,2.7,20.7,-170.421,52.146,112.0,0.0,0.0,219.0,0.7,20.0,0,"137 km SW of Nikolski, Alaska",137 km SW,"Nikolski, Alaska",shallow,33.75,0,PNSN-07,0,1787493683362,ml,reviewed,ak,0.03846153846153849
us6000tmz6,6.0,42.867,142.8255,41.8344,558.0,12.0,3.4,101.0,0.306,118.0,0,"33 km SSW of Honchō, Japan",33 km SSW,"Honchō, Japan",shallow,75.0,1,PNSN-07,2,1787492693514,mww,reviewed,us,0.673076923076923
aka2026qrgjis,2.5,64.5,-152.16,58.936,96.0,0.0,0.0,124.0,0.3,94.0,0,"48 km SSW of Nanwalek, Alaska",48 km SSW,"Nanwalek, Alaska",shallow,31.25,0,PNSN-07,2,1787492254432,ml,reviewed,ak,0.0
aka2026qrevbe,3.1,101.1,-150.805,62.898,148.0,0.0,0.0,26.0,0.4,164.0,0,"44 km N of Petersville, Alaska",44 km N,"Petersville, Alaska",intermediate,38.75,0,SCEDC-01,13,1787489429604,ml,reviewed,ak,0.11538461538461539
hv75022847,3.17,7.82,-155.497,19.3665,155.0,4.0,2.2,32.0,0.03795,59.0,0,"18 km N of Pāhala, Hawaii",18 km N,"Pāhala, Hawaii",shallow,39.625,0,PNSN-07,4,1787487917190,ml,reviewed,hv,0.12884615384615383
aka2026qrdoey,2.6,10.7,-162.169,54.468,104.0,0.0,0.0,213.0,0.5,32.0,0,"66 km S of King Cove, Alaska",66 km S,"King Cove, Alaska",shallow,32.5,0,SCEDC-01,7,1787487155599,ml,reviewed,ak,0.019230769230769246
aka2026qrdhim,2.7,38.2,-150.346,60.108,112.0,1.0,1.0,113.0,0.4,99.0,0,"44 km NE of Fox River, Alaska",44 km NE,"Fox River, Alaska",shallow,33.75,0,USGS-WEST,4,1787486681421,ml,reviewed,ak,0.03846153846153849
us6000tmyk,5.3,10.0,-14.8524,-12.8299,432.0,0.0,0.0,56.0,4.89,78.0,0,southern Mid-Atlantic Ridge,,southern Mid-Atlantic Ridge,shallow,66.25,1,,,1787484161913,mb,reviewed,us,0.5384615384615384
us6000tmyf,4.3,103.003,146.8216,-6.2034,284.0,0.0,0.0,104.0,3.198,25.0,0,"60 km NNW of Lae, Papua New Guinea",60 km NNW,"Lae, Papua New Guinea",intermediate,53.75,0,CEA-12,14,1787481891354,mb,reviewed,us,0.3461538461538461
us6000tmy7,4.1,40.589,-61.0799,16.7766,259.0,0.0,0.0,205.0,0.461,52.0,0,"52 km N of Beauséjour, Guadeloupe",52 km N,"Beauséjour, Guadeloupe",shallow,51.24999999999999,0,CEA-12,13,1787480198297,mb,reviewed,us,0.3076923076923076
us6000tmy3,4.6,45.456,74.4767,36.7596,326.0,0.0,0.0,54.0,2.216,79.0,0,"52 km NNW of Barishal, Pakistan",52 km NNW,"Barishal, Pakistan",shallow,57.49999999999999,0,PNSN-07,7,1787479482433,mwr,reviewed,us,0.40384615384615374
nc75423527,2.75,10.8999996185303,-122.946502685547,39.4966659545898,116.0,0.0,0.0,40.0,0.01821,41.0,0,"10 km N of Lake Pillsbury, CA",10 km N,"Lake Pillsbury, CA",shallow,34.375,0,SCEDC-01,,1787477828200,md,automatic,nc,0.04807692307692307
ci41533752,3.5077201994852,2.78,-117.841833333333,36.0655,190.0,2.0,2.2,35.0,0.05303,40.0,0,"10 km ENE of Coso Junction, CA",10 km ENE,"Coso Junction, CA",shallow,43.846502493565,0,,,1787476618750,mw,reviewed,ci,0.19379234605484613
pr71529488,3.09,4.98,-67.3723333333333,18.7888333333333,147.0,0.0,0.0,189.0,0.4043,28.0,0,"43 km NW of San Antonio, Puerto Rico",43 km NW,"San Antonio, Puerto Rico",shallow,38.625,0,PNSN-07,7,1787475433730,md,reviewed,pr,0.11346153846153843
ci41533512,2.65,2.63,-117.8375,36.0611666666667,108.0,0.0,0.0,40.0,0.05803,35.0,0,"10 km E of Coso Junction, CA",10 km E,"Coso Junction, CA",shallow,33.125,0,SCEDC-01,3,1787472917820,ml,reviewed,ci,0.028846153846153827
us6000tmxn,5.2,120.328,162.9618,-10.9015,416.0,0.0,0.0,96.0,3.304,67.0,0,"124 km ESE of Kirakira, Solomon Islands",124 km ESE,"Kirakira, Solomon Islands",intermediate,65.0,1,,,1787472758133,mww,reviewed,us,0.5192307692307693
ci41533424,3.36,2.55,-117.839333333333,36.0658333333333,174.0,1.0,2.0,41.0,0.05315,39.0,0,"10 km ENE of Coso Junction, CA",10 km ENE,"Coso Junction, CA",shallow,42.0,0,PNSN-07,11,1787472075840,ml,reviewed,ci,0.16538461538461535
ci41533416,3.96264786337985,2.83,-117.838666666667,36.0671666666667,244.0,8.0,3.4,35.0,0.05199,40.0,0,"10 km ENE of Coso Junction, CA",10 km ENE,"Coso Junction, CA",shallow,49.53309829224813,0,SCEDC-01,3,1787471995920,mw,reviewed,ci,0.28127843526535573
us6000tn78,2.8,51.72,-174.3301,51.728,121.0,0.0,0.0,204.0,0.481,18.0,0,"52 km S of Atka, Alaska",52 km S,"Atka, Alaska",shallow,35.0,0,CEA-12,6,1787471791104,ml,reviewed,us,0.057692307692307654
us6000tn08,4.0,34.167,176.5608,51.6929,246.0,0.0,0.0,206.0,1.237,32.0,0,"263 km ESE of Attu Station, Alaska",263 km ESE,"Attu Station, Alaska",shallow,50.0,0,PNSN-07,1,1787471464642,mb,reviewed,us,0.28846153846153844
aka2026qqunxm,3.8,64.8,-153.49,58.056,223.0,4.0,3.1,53.0,0.6,281.0,0,"34 km W of Aleneva, Alaska",34 km W,"Aleneva, Alaska",shallow,47.5,0,PNSN-07,12,1787470942366,ml,reviewed,ak,0.24999999999999994
pr71529478,3.41,45.63,-65.3983333333333,19.4295,179.0,0.0,0.0,263.0,1.121,11.0,0,"120 km NNE of Vieques, Puerto Rico",120 km NNE,"Vieques, Puerto Rico",shallow,42.625,0,PNSN-07,11,1787469715960,md,reviewed,pr,0.17500000000000002
us6000tn77,2.5,85.224,-166.557,53.6172,96.0,0.0,0.0,193.0,0.223,19.0,0,"28 km S of Unalaska, Alaska",28 km S,"Unalaska, Alaska",intermediate,31.25,0,CEA-12,1,1787466506790,ml,reviewed,us,0.0
us6000tmx1,2.5,5.0,-139.8795,60.6012,96.0,0.0,0.0,162.0,0.597,24.0,0,"117 km N of Yakutat, Alaska",117 km N,"Yakutat, Alaska",shallow,31.25,0,PNSN-07,2,1787465032921,ml,reviewed,us,0.0
us6000tmx3,4.0,10.0,-65.3417,10.6742,247.0,4.0,3.1,74.0,1.458,23.0,0,"60 km N of Boca de Uchire, Venezuela",60 km N,"Boca de Uchire, Venezuela",shallow,50.0,0,PNSN-07,14,1787464071452,mb,reviewed,us,0.28846153846153844
us6000tmww,4.6,571.282,-178.1181,-18.3505,326.0,0.0,0.0,101.0,3.036,53.0,0,"273 km E of Levuka, Fiji",273 km E,"Levuka, Fiji",deep,57.49999999999999,0,PNSN-07,0,1787463561468,mb,reviewed,us,0.40384615384615374
aka2026qqpiix,3.4,48.5,-150.52,60.691,199.0,69.0,3.1,46.0,0.2,193.0,0,"21 km NE of Sterling, Alaska",21 km NE,"Sterling, Alaska",shallow,42.5,0,CEA-12,8,1787461564556,ml,reviewed,ak,0.17307692307692304
aka2026qqpfaq,3.3,61.8,-150.271,61.569,172.0,15.0,2.7,12.0,0.3,195.0,0,"13 km ENE of Susitna, Alaska",13 km ENE,"Susitna, Alaska",shallow,41.25,0,SCEDC-01,14,1787461355495,ml,reviewed,ak,0.1538461538461538
aka2026qqocjo,2.5,96.5,-152.135,60.663,96.0,1.0,1.0,36.0,0.3,111.0,0,"44 km W of Salamatof, Alaska",44 km W,"Salamatof, Alaska",intermediate,31.25,0,CEA-12,1,1787459354812,ml,reviewed,ak,0.0
us6000tmwk,4.6,10.0,96.0025,17.7854,326.0,0.0,0.0,96.0,2.875,22.0,0,"26 km E of Letpandan, Burma (Myanmar)",26 km E,"Letpandan, Burma (Myanmar)",shallow,57.49999999999999,0,CEA-12,5,1787456697056,mb,reviewed,us,0.40384615384615374
aka2026qqksvt,2.5,5.3,-174.98,50.821,96.0,0.0,0.0,274.0,1.3,20.0,0,"162 km SSW of Atka, Alaska",162 km SSW,"Atka, Alaska",shallow,31.25,0,PNSN-07,5,1787453295395,ml,reviewed,ak,0.0
aka2026qqjxri,3.1,2.3,-155.752,61.967,148.0,0.0,0.0,50.0,0.5,80.0,0,"48 km ENE of Stony River, Alaska",48 km ENE,"Stony River, Alaska",shallow,38.75,0,SCEDC-01,2,1787451827243,ml,reviewed,ak,0.11538461538461539
aka2026qqjesw,2.6,10.2,-162.997,53.875,104.0,0.0,0.0,245.0,0.9,16.0,0,"112 km SSE of False Pass, Alaska",112 km SSE,"False Pass, Alaska",shallow,32.5,0,USGS-WEST,5,1787450523745,ml,reviewed,ak,0.019230769230769246
aka2026qqizeb,2.7,5.0,-179.399,50.182,112.0,0.0,0.0,293.0,1.4,12.0,0,"270 km SW of Adak, Alaska",270 km SW,"Adak, Alaska",shallow,33.75,0,,,1787450112971,ml,reviewed,ak,0.03846153846153849
pr71529443,3.32,19.92,-67.6825,18.9918333333333,170.0,0.0,0.0,315.0,0.6342,14.0,0,"82 km NW of San Antonio, Puerto Rico",82 km NW,"San Antonio, Puerto Rico",shallow,41.5,0,CEA-12,7,1787448812650,md,reviewed,pr,0.15769230769230766
aka2026qqgwoh,2.6,26.3,-176.091,51.324,104.0,0.0,0.0,235.0,0.6,21.0,0,"71 km SSE of Adak, Alaska",71 km SSE,"Adak, Alaska",shallow,32.5,0,CEA-12,7,1787446358602,ml,reviewed,ak,0.019230769230769246
nc75423267,2.82,4.30000019073486,-120.471832275391,35.920166015625,123.0,2.0,2.2,39.0,0.01529,58.0,0,"4 km NW of Parkfield, CA",4 km NW,"Parkfield, CA",shallow,35.25,0,PNSN-07,11,1787446073980,md,automatic,nc,0.06153846153846151
us6000tmw4,4.4,24.086,141.9148,36.9495,298.0,0.0,0.0,150.0,3.004,38.0,0,"90 km ESE of Tomioka, Japan",90 km ESE,"Tomioka, Japan",shallow,55.00000000000001,0,CEA-12,4,1787445144675,mb,reviewed,us,0.3653846153846154
aka2026qqcbwo,3.4,3.6,-160.265,54.564,178.0,0.0,0.0,209.0,1.1,57.0,0,"87 km S of Sand Point, Alaska",87 km S,"Sand Point, Alaska",shallow,42.5,0,PNSN-07,5,1787437724179,ml,reviewed,ak,0.17307692307692304
us6000tmuw,4.4,175.8,71.3423,36.7096,298.0,0.0,0.0,67.0,2.787,49.0,0,"17 km W of Ashkāsham, Afghanistan",17 km W,"Ashkāsham, Afghanistan",intermediate,55.00000000000001,0,PNSN-07,8,1787436883323,mb,reviewed,us,0.3653846153846154
us6000tmut,4.5,10.0,120.741,-8.1213,312.0,0.0,0.0,96.0,3.239,17.0,0,"62 km NNE of Ruteng, Indonesia",62 km NNE,"Ruteng, Indonesia",shallow,56.25,0,USGS-WEST,9,1787436062600,mb,reviewed,us,0.3846153846153846
us6000tmuq,4.5,10.0,-93.3288,14.1261,312.0,0.0,0.0,190.0,2.432,48.0,0,"117 km SW of Puerto Madero, Mexico",117 km SW,"Puerto Madero, Mexico",shallow,56.25,0,PNSN-07,5,1787435621193,mb,reviewed,us,0.3846153846153846
pr71529418,2.55,10.24,-66.8456666666667,17.881,100.0,0.0,0.0,208.0,0.09886,19.0,0,"11 km SSE of Maria Antonia, Puerto Rico",11 km SSE,"Maria Antonia, Puerto Rico",shallow,31.874999999999996,0,PNSN-07,1,1787434839680,md,reviewed,pr,0.009615384615384581
aka2026qqagal,2.6,2.0,-156.605,67.436,104.0,0.0,0.0,84.0,1.2,13.0,0,"60 km NNE of Kobuk, Alaska",60 km NNE,"Kobuk, Alaska",shallow,32.5,0,PNSN-07,13,1787434413994,ml,reviewed,ak,0.019230769230769246
aka2026qpzhrv,2.6,5.8,-159.917,54.57,104.0,0.0,0.0,279.0,1.3,11.0,0,"93 km SSE of Sand Point, Alaska",93 km SSE,"Sand Point, Alaska",shallow,32.5,0,PNSN-07,13,1787432722723,ml,reviewed,ak,0.019230769230769246
us6000tmwh,3.7,10.0,176.3905,52.0166,211.0,0.0,0.0,189.0,1.313,17.0,0,"236 km ESE of Attu Station, Alaska",236 km ESE,"Attu Station, Alaska",shallow,46.25,0,USGS-WEST,6,1787432656269,ml,reviewed,us,0.23076923076923078
aka2026qpxgev,3.1,1.3,-160.081,54.102,148.0,0.0,0.0,232.0,1.5,16.0,0,"140 km S of Sand Point, Alaska",140 km S,"Sand Point, Alaska",shallow,38.75,0,SCEDC-01,10,1787429025386,ml,reviewed,ak,0.11538461538461539
us6000tmtu,4.9,116.29,123.0095,-0.1709,369.0,0.0,0.0,64.0,5.808,68.0,0,"78 km S of Gorontalo, Indonesia",78 km S,"Gorontalo, Indonesia",intermediate,61.25000000000001,0,USGS-WEST,13,1787428447957,mb,reviewed,us,0.46153846153846156
us6000tmwj,4.0,10.0,176.3258,52.0104,246.0,0.0,0.0,185.0,1.353,47.0,0,"232 km ESE of Attu Station, Alaska",232 km ESE,"Attu Station, Alaska",shallow,50.0,0,SCEDC-01,,1787426382572,mb,reviewed,us,0.28846153846153844
us6000tmwg,3.4,10.0,176.3508,52.0372,178.0,0.0,0.0,188.0,1.339,18.0,0,"233 km ESE of Attu Station, Alaska",233 km ESE,"Attu Station, Alaska",shallow,42.5,0,,,1787424956073,ml,reviewed,us,0.17307692307692304
us6000tmtm,4.6,105.494,-68.793,-22.1927,326.0,0.0,0.0,48.0,0.902,55.0,0,"32 km NNE of Calama, Chile",32 km NNE,"Calama, Chile",intermediate,57.49999999999999,0,PNSN-07,9,1787424387765,mwr,reviewed,us,0.40384615384615374
us6000tmtp,4.4,90.805,128.6145,28.1901,298.0,0.0,0.0,118.0,3.315,28.0,0,"50 km NW of Amagi, Japan",50 km NW,"Amagi, Japan",intermediate,55.00000000000001,0,SCEDC-01,4,1787424297000,mb,reviewed,us,0.3653846153846154
aka2026qpunpd,3.0,20.0,176.177,51.698,138.0,0.0,0.0,212.0,1.5,14.0,0,"240 km ESE of Attu Station, Alaska",240 km ESE,"Attu Station, Alaska",shallow,37.5,0,SCEDC-01,1,1787424138854,ml,reviewed,ak,0.09615384615384615
aka2026qpttof,3.0,54.4,-158.471,55.798,138.0,0.0,0.0,195.0,0.5,62.0,0,"44 km ESE of Perryville, Alaska",44 km ESE,"Perryville, Alaska",shallow,37.5,0,PNSN-07,15,1787422758312,ml,reviewed,ak,0.09615384615384615
aka2026qptqpi,3.1,16.0,176.372,52.086,148.0,0.0,0.0,186.0,1.3,13.0,0,"232 km ESE of Attu Station, Alaska",232 km ESE,"Attu Station, Alaska",shallow,38.75,0,,,1787422548791,ml,reviewed,ak,0.11538461538461539
us6000tmte,4.5,43.194,100.8738,-3.0302,312.0,0.0,0.0,193.0,2.462,26.0,0,"122 km SSW of Sungai Penuh, Indonesia",122 km SSW,"Sungai Penuh, Indonesia",shallow,56.25,0,USGS-WEST,1,1787420408982,mb,reviewed,us,0.3846153846153846
aka2026qpretv,2.6,100.4,177.116,51.616,104.0,0.0,0.0,203.0,0.9,12.0,0,"Rat Islands, Aleutian Islands, Alaska",,"Rat Islands, Aleutian Islands, Alaska",intermediate,32.5,0,USGS-WEST,0,1787418130846,ml,reviewed,ak,0.019230769230769246
us6000tmta,5.8,61.0,140.0778,35.9375,605.0,153.0,5.7,47.0,1.627,119.0,0,"4 km N of Toride, Japan",4 km N,"Toride, Japan",shallow,72.5,1,SCEDC-01,4,1787418039472,mww,reviewed,us,0.6346153846153846
us6000tmt8,4.6,10.0,120.5992,-7.8936,326.0,0.0,0.0,60.0,2.982,33.0,0,"80 km N of Ruteng, Indonesia",80 km N,"Ruteng, Indonesia",shallow,57.49999999999999,0,PNSN-07,13,1787416976593,mb,reviewed,us,0.40384615384615374
us6000tmt7,4.7,26.342,100.4875,-3.2971,340.0,0.0,0.0,143.0,2.68,75.0,0,"170 km SW of Sungai Penuh, Indonesia",170 km SW,"Sungai Penuh, Indonesia",shallow,58.75,0,CEA-12,11,1787416384780,mb,reviewed,us,0.4230769230769231
us6000tn7s,3.0,82.774,176.3302,52.064,138.0,0.0,0.0,187.0,1.353,11.0,0,"230 km ESE of Attu Station, Alaska",230 km ESE,"Attu Station, Alaska",intermediate,37.5,0,USGS-WEST,3,1787409291307,ml,reviewed,us,0.09615384615384615
us6000tmsn,2.6,18.142,-126.6956,41.8838,104.0,0.0,0.0,240.0,1.798,39.0,0,"195 km WSW of Pistol River, Oregon",195 km WSW,"Pistol River, Oregon",shallow,32.5,0,,,1787403647561,ml,reviewed,us,0.019230769230769246
aka2026qpglhf,2.8,27.8,-178.106,51.221,121.0,0.0,0.0,210.0,0.6,28.0,0,"125 km SW of Adak, Alaska",125 km SW,"Adak, Alaska",shallow,35.0,0,SCEDC-01,12,1787398795130,ml,reviewed,ak,0.057692307692307654
us6000tms8,4.1,10.0,-107.533,35.313,273.0,39.0,3.6,60.0,0.953,24.0,0,"10 km ESE of San Mateo, New Mexico",10 km ESE,"San Mateo, New Mexico",shallow,51.24999999999999,0,PNSN-07,,1787393953862,mb,reviewed,us,0.3076923076923076
aka2026qpdfbj,2.5,10.3,-176.614,51.859,96.0,0.0,0.0,168.0,0.0,28.0,0,"2 km SE of Adak, Alaska",2 km SE,"Adak, Alaska",shallow,31.25,0,PNSN-07,0,1787392965722,ml,reviewed,ak,0.0
pr71529353,3.41,14.77,-64.8276666666667,19.3886666666667,179.0,0.0,0.0,274.0,0.9802,14.0,0,"116 km N of Charlotte Amalie, U.S. Virgin Islands",116 km N,"Charlotte Amalie, U.S. Virgin Islands",shallow,42.625,0,,,1787389610820,md,reviewed,pr,0.17500000000000002
pr71529348,3.27,66.43,-68.5321666666667,18.004,165.0,0.0,0.0,224.0,0.5276,12.0,0,"42 km S of Boca de Yuma, Dominican Republic",42 km S,"Boca de Yuma, Dominican Republic",shallow,40.875,0,SCEDC-01,5,1787389170720,md,reviewed,pr,0.14807692307692308
us6000tmrx,4.8,10.0,120.6999,-7.8939,354.0,0.0,0.0,59.0,3.012,29.0,0,"83 km NNE of Ruteng, Indonesia",83 km NNE,"Ruteng, Indonesia",shallow,60.0,0,PNSN-07,9,1787387340857,mb,reviewed,us,0.44230769230769224
us6000tmrw,6.2,10.0,-47.6047,-60.3789,591.0,0.0,0.0,55.0,8.564,66.0,0,Scotia Sea,,Scotia Sea,shallow,77.5,1,PNSN-07,4,1787386957740,mww,reviewed,us,0.7115384615384616
aka2026qozpem,3.1,7.3,-161.354,54.43,148.0,0.0,0.0,210.0,0.8,37.0,0,"93 km SE of King Cove, Alaska",93 km SE,"King Cove, Alaska",shallow,38.75,0,PNSN-07,,1787386470695,ml,reviewed,ak,0.11538461538461539
nn00923683,2.65,6.6455,-118.9978,39.3471,108.0,0.0,0.0,56.0,0.059,23.0,0,"20 km ESE of Silver Springs, Nevada",20 km ESE,"Silver Springs, Nevada",shallow,33.125,0,PNSN-07,,1787385104976,ml,reviewed,nn,0.028846153846153827
us6000tmrq,4.6,115.924,145.3295,14.337,326.0,0.0,0.0,83.0,0.997,67.0,0,"76 km SSW of San Jose Village, Northern Mariana Islands",76 km SSW,"San Jose Village, Northern Mariana Islands",intermediate,57.49999999999999,0,SCEDC-01,15,1787384631050,mb,reviewed,us,0.40384615384615374
aka2026qoynpe,3.9,31.3,-149.666,60.911,594.0,947.0,3.8,42.0,0.2,212.0,0,"1 km WSW of Hope, Alaska",1 km WSW,"Hope, Alaska",shallow,48.75,0,CEA-12,4,1787384560939,ml,reviewed,ak,0.2692307692307692
us6000tmrn,5.7,10.0,-47.2591,-60.2649,500.0,0.0,0.0,69.0,8.359,55.0,0,Scotia Sea,,Scotia Sea,shallow,71.25,1,USGS-WEST,9,1787384412697,mb,reviewed,us,0.6153846153846154
us6000tmri,4.9,10.0,-44.6327,12.5208,369.0,0.0,0.0,64.0,10.808,71.0,0,northern Mid-Atlantic Ridge,,northern Mid-Atlantic Ridge,shallow,61.25000000000001,0,PNSN-07,4,1787383285611,mb,reviewed,us,0.46153846153846156
aka2026qoxams,2.6,14.0,-169.674,52.192,104.0,0.0,0.0,302.0,0.6,9.0,0,"99 km SSW of Nikolski, Alaska",99 km SSW,"Nikolski, Alaska",shallow,32.5,0,USGS-WEST,13,1787381855556,ml,reviewed,ak,0.019230769230769246
us6000tmrf,5.0,107.802,126.7362,6.7397,385.0,2.0,2.0,105.0,1.195,92.0,0,"45 km SE of Lukatan, Philippines",45 km SE,"Lukatan, Philippines",intermediate,62.5,1,SCEDC-01,,1787381019032,mb,reviewed,us,0.4807692307692307
pr71529313,3.21,17.23,-67.5663333333333,18.8396666666667,159.0,0.0,0.0,212.0,0.4603,21.0,0,"62 km NW of San Antonio, Puerto Rico",62 km NW,"San Antonio, Puerto Rico",shallow,40.125,0,PNSN-07,11,1787379760370,md,reviewed,pr,0.13653846153846153
pr2026234001,3.7,71.0,-67.7711,19.039,211.0,1.0,2.7,178.0,0.8051,24.0,0,"83 km NE of Punta Cana, Dominican Republic",83 km NE,"Punta Cana, Dominican Republic",intermediate,46.25,0,PNSN-07,5,1787377831820,md,reviewed,pr,0.23076923076923078
us6000tmra,4.9,10.0,146.7194,13.8954,370.0,1.0,2.7,89.0,1.605,53.0,0,"167 km SE of San Jose Village, Northern Mariana Islands",167 km SE,"San Jose Village, Northern Mariana Islands",shallow,61.25000000000001,0,PNSN-07,6,1787377627443,mb,reviewed,us,0.46153846153846156
us6000tmr7,4.7,10.0,121.4575,-8.2301,340.0,0.0,0.0,76.0,3.162,31.0,0,"71 km NNW of Ende, Indonesia",71 km NNW,"Ende, Indonesia",shallow,58.75,0,,,1787377511914,mb,reviewed,us,0.4230769230769231
aka2026qotnql,3.2,26.3,176.346,51.992,158.0,0.0,0.0,192.0,1.3,14.0,0,"235 km ESE of Attu Station, Alaska",235 km ESE,"Attu Station, Alaska",shallow,40.0,0,PNSN-07,12,1787375567369,ml,reviewed,ak,0.13461538461538464
aka2026qotkvo,2.7,18.7,-163.204,53.924,112.0,0.0,0.0,245.0,0.9,17.0,0,"104 km S of False Pass, Alaska",104 km S,"False Pass, Alaska",shallow,33.75,0,,,1787375377560,ml,reviewed,ak,0.03846153846153849
us6000tmr2,5.0,10.0,125.5805,9.3981,385.0,2.0,2.7,78.0,2.313,38.0,0,"6 km S of Kitcharao, Philippines",6 km S,"Kitcharao, Philippines",shallow,62.5,1,PNSN-07,15,1787373848744,mb,reviewed,us,0.4807692307692307
aka2026qoqwmh,3.0,24.5,176.234,51.803,138.0,0.0,0.0,205.0,1.4,12.0,0,"238 km ESE of Attu Station, Alaska",238 km ESE,"Attu Station, Alaska",shallow,37.5,0,CEA-12,0,1787370774510,ml,reviewed,ak,0.09615384615384615
us6000tmqf,4.4,38.316,122.0811,24.4244,299.0,4.0,2.7,56.0,0.509,40.0,0,"49 km SE of Yilan, Taiwan",49 km SE,"Yilan, Taiwan",shallow,55.00000000000001,0,PNSN-07,12,1787370014817,mwr,reviewed,us,0.3653846153846154
us6000tmq8,4.6,10.0,120.6927,-8.3069,326.0,0.0,0.0,110.0,3.402,16.0,0,"42 km NE of Ruteng, Indonesia",42 km NE,"Ruteng, Indonesia",shallow,57.49999999999999,0,CEA-12,9,1787363968543,mb,reviewed,us,0.40384615384615374
pr2026234000,3.68,11.0,-64.7776,19.5103,208.0,0.0,0.0,274.0,1.0865,21.0,0,"130 km N of Charlotte Amalie, U.S. Virgin Islands",130 km N,"Charlotte Amalie, U.S. Virgin Islands",shallow,46.0,0,SCEDC-01,5,1787363636120,md,reviewed,pr,0.22692307692307695
us6000tmq6,5.3,10.0,-14.8824,-12.7714,432.0,0.0,0.0,54.0,4.836,55.0,0,southern Mid-Atlantic Ridge,,southern Mid-Atlantic Ridge,shallow,66.25,1,SCEDC-01,3,1787362497606,mb,reviewed,us,0.5384615384615384
us6000tmq5,5.2,10.0,120.5614,-8.2752,416.0,0.0,0.0,61.0,3.338,39.0,0,"38 km NNE of Ruteng, Indonesia",38 km NNE,"Ruteng, Indonesia",shallow,65.0,1,PNSN-07,2,1787362259335,mww,reviewed,us,0.5192307692307693
us6000tmpu,4.4,251.591,-66.3169,-22.5642,298.0,0.0,0.0,83.0,1.761,30.0,0,"66 km WNW of Abra Pampa, Argentina",66 km WNW,"Abra Pampa, Argentina",intermediate,55.00000000000001,0,PNSN-07,,1787357020653,mb,reviewed,us,0.3653846153846154
us6000tmq2,2.9,10.0,-149.8189,56.1055,129.0,0.0,0.0,212.0,2.263,31.0,0,"225 km SE of Chiniak, Alaska",225 km SE,"Chiniak, Alaska",shallow,36.25,0,PNSN-07,8,1787356600886,ml,reviewed,us,0.0769230769230769
us6000tmnz,4.7,102.426,-68.8817,-25.5675,340.0,0.0,0.0,52.0,0.757,59.0,0,"147 km NE of Diego de Almagro, Chile",147 km NE,"Diego de Almagro, Chile",intermediate,58.75,0,SCEDC-01,,1787351163081,mb,reviewed,us,0.4230769230769231
us6000tmny,4.4,74.665,158.3489,51.9171,298.0,0.0,0.0,160.0,1.257,32.0,0,"112 km S of Vilyuchinsk, Russia",112 km S,"Vilyuchinsk, Russia",intermediate,55.00000000000001,0,SCEDC-01,12,1787349604478,mb,reviewed,us,0.3653846153846154
us6000tmnw,4.1,10.0,69.669,34.6161,259.0,0.0,0.0,150.0,0.452,22.0,0,"26 km S of Tagāb, Afghanistan",26 km S,"Tagāb, Afghanistan",shallow,51.24999999999999,0,PNSN-07,12,1787349287902,mb,reviewed,us,0.3076923076923076
nn00923660,2.58,8.278,-117.1202,37.2141,102.0,0.0,0.0,61.0,0.104,53.0,0,"46 km NW of Beatty, Nevada",46 km NW,"Beatty, Nevada",shallow,32.25,0,SCEDC-01,11,1787349231693,ml,reviewed,nn,0.015384615384615398
us6000tmn5,4.9,10.0,120.6371,-7.8778,369.0,0.0,0.0,73.0,2.978,79.0,0,"83 km NNE of Ruteng, Indonesia",83 km NNE,"Ruteng, Indonesia",shallow,61.25000000000001,0,CEA-12,9,1787343713693,mb,reviewed,us,0.46153846153846156
us6000tmms,3.4,5.0,-93.358,32.1138,211.0,78.0,4.3,61.0,0.038,27.0,0,"7 km NNW of Edgefield, Louisiana",7 km NNW,"Edgefield, Louisiana",shallow,42.5,0,,,1787342437001,mb_lg,reviewed,us,0.17307692307692304
us6000tmm3,4.7,10.0,126.8077,23.6827,340.0,0.0,0.0,78.0,2.453,71.0,0,"195 km SE of Miyakojima, Japan",195 km SE,"Miyakojima, Japan",shallow,58.75,0,PNSN-07,2,1787335520972,mb,reviewed,us,0.4230769230769231
us6000tmlu,5.7,10.0,104.5501,-7.5836,500.0,1.0,2.0,42.0,3.076,84.0,0,"194 km SW of Labuan, Indonesia",194 km SW,"Labuan, Indonesia",shallow,71.25,1,PNSN-07,15,1787334104453,mww,reviewed,us,0.6153846153846154
ci41532240,3.29,2.54,-117.841833333333,36.0685,167.0,3.0,2.0,30.0,0.0501,53.0,0,"10 km ENE of Coso Junction, CA",10 km ENE,"Coso Junction, CA",shallow,41.125,0,PNSN-07,2,1787333177660,ml,reviewed,ci,0.15192307692307694
us6000tmlk,4.9,10.0,120.4576,-7.7653,369.0,0.0,0.0,62.0,2.822,64.0,0,"93 km N of Ruteng, Indonesia",93 km N,"Ruteng, Indonesia",shallow,61.25000000000001,0,CEA-12,7,1787331997647,mb,reviewed,us,0.46153846153846156
us6000tmlh,4.6,271.068,-175.596,-19.6881,326.0,0.0,0.0,127.0,5.754,40.0,0,"130 km W of Pangai, Tonga",130 km W,"Pangai, Tonga",intermediate,57.49999999999999,0,PNSN-07,10,1787330736096,mb,reviewed,us,0.40384615384615374
us6000tmkv,4.5,10.0,120.2714,-8.3813,312.0,1.0,2.0,130.0,3.385,16.0,0,"33 km NW of Ruteng, Indonesia",33 km NW,"Ruteng, Indonesia",shallow,56.25,0,PNSN-07,12,1787328328869,mb,reviewed,us,0.3846153846153846
us6000tmyx,4.5,10.0,-105.5665,-35.3341,312.0,0.0,0.0,131.0,27.978,27.0,0,southern East Pacific Rise,,southern East Pacific Rise,shallow,56.25,0,PNSN-07,1,1787327365182,mb,reviewed,us,0.3846153846153846
ci41532104,2.98,2.7,-117.841666666667,36.0648333333333,137.0,0.0,0.0,32.0,0.05371,50.0,0,"10 km ENE of Coso Junction, CA",10 km ENE,"Coso Junction, CA",shallow,37.25,0,,,1787325418230,ml,reviewed,ci,0.0923076923076923
us6000tmiz,4.5,10.0,142.636,28.4731,312.0,0.0,0.0,137.0,8.403,28.0,0,"Bonin Islands, Japan region",,"Bonin Islands, Japan region",shallow,56.25,0,SCEDC-01,8,1787324910808,mb,reviewed,us,0.3846153846153846
us6000tmip,4.3,523.713,179.7867,-24.4793,284.0,0.0,0.0,99.0,5.166,30.0,0,south of the Fiji Islands,south,the Fiji Islands,deep,53.75,0,PNSN-07,0,1787322458711,mb,reviewed,us,0.3461538461538461
us6000tmys,4.6,10.0,-27.6347,48.0286,326.0,0.0,0.0,116.0,16.755,48.0,0,northern Mid-Atlantic Ridge,,northern Mid-Atlantic Ridge,shallow,57.49999999999999,0,,,1787319847229,mb,reviewed,us,0.40384615384615374
pr71529213,3.4,11.74,-64.8663333333333,19.3255,178.0,0.0,0.0,270.0,0.9302,6.0,0,"109 km N of Charlotte Amalie, U.S. Virgin Islands",109 km N,"Charlotte Amalie, U.S. Virgin Islands",shallow,42.5,0,PNSN-07,10,1787319107070,md,reviewed,pr,0.17307692307692304
us6000tmfv,4.4,511.586,179.8841,-24.518,298.0,0.0,0.0,99.0,5.097,36.0,0,south of the Fiji Islands,south,the Fiji Islands,deep,55.00000000000001,0,,,1787317872019,mb,reviewed,us,0.3653846153846154
us6000tmft,5.4,158.986,-26.5571,-58.8509,449.0,0.0,0.0,46.0,7.142,57.0,0,South Sandwich Islands region,,South Sandwich Islands region,intermediate,67.5,1,SCEDC-01,2,1787317600821,mb,reviewed,us,0.5576923076923077
aka2026qnmnxf,2.7,16.8,-165.793,53.286,112.0,0.0,0.0,212.0,0.8,37.0,0,"81 km SE of Unalaska, Alaska",81 km SE,"Unalaska, Alaska",shallow,33.75,0,PNSN-07,15,1787316215012,ml,reviewed,ak,0.03846153846153849
us6000tmfl,4.9,10.0,131.0401,-3.4075,369.0,0.0,0.0,69.0,1.301,56.0,0,"149 km WSW of Fakfak, Indonesia",149 km WSW,"Fakfak, Indonesia",shallow,61.25000000000001,0,CEA-12,9,1787315570793,mb,reviewed,us,0.46153846153846156
us6000tmfi,4.9,69.842,-178.7122,-31.9377,369.0,0.0,0.0,132.0,2.768,30.0,0,Kermadec Islands region,,Kermadec Islands region,shallow,61.25000000000001,0,PNSN-07,15,1787314742927,mb,reviewed,us,0.46153846153846156
us6000tmfe,5.4,61.666,140.3802,33.7171,451.0,9.0,2.7,49.0,3.125,114.0,0,"148 km SSE of Tateyama, Japan",148 km SSE,"Tateyama, Japan",shallow,67.5,1,CEA-12,9,1787313727072,mww,reviewed,us,0.5576923076923077
us6000tmfc,4.6,169.579,129.8904,-6.4826,326.0,0.0,0.0,98.0,1.947,27.0,0,Banda Sea,,Banda Sea,intermediate,57.49999999999999,0,PNSN-07,11,1787313328424,mb,reviewed,us,0.40384615384615374
us6000tmfd,4.6,10.0,120.9404,-8.3093,326.0,0.0,0.0,106.0,3.48,20.0,0,"62 km ENE of Ruteng, Indonesia",62 km ENE,"Ruteng, Indonesia",shallow,57.49999999999999,0,,,1787313289678,mb,reviewed,us,0.40384615384615374
aka2026qnjvsi,3.1,22.3,179.707,51.3,148.0,0.0,0.0,212.0,0.3,29.0,0,"261 km WSW of Adak, Alaska",261 km WSW,"Adak, Alaska",shallow,38.75,0,SCEDC-01,,1787311356073,ml,reviewed,ak,0.11538461538461539
us6000tmf7,4.5,10.0,120.5325,-8.1896,312.0,0.0,0.0,110.0,3.248,19.0,0,"47 km N of Ruteng, Indonesia",47 km N,"Ruteng, Indonesia",shallow,56.25,0,CEA-12,6,1787311012056,mb,reviewed,us,0.3846153846153846
nc75422337,2.57,13.289999961853,-124.232833862305,40.5596656799316,102.0,0.0,0.0,316.0,0.2081,5.0,0,"3 km SE of Ferndale, CA",3 km SE,"Ferndale, CA",shallow,32.125,0,CEA-12,0,1787310657000,md,automatic,nc,0.013461538461538431
us6000tmf5,4.6,9.98,120.5403,-8.213,326.0,0.0,0.0,83.0,3.273,25.0,0,"44 km N of Ruteng, Indonesia",44 km N,"Ruteng, Indonesia",shallow,57.49999999999999,0,PNSN-07,0,1787310183763,mb,reviewed,us,0.40384615384615374
us6000tmf2,4.5,350.501,146.7826,47.2192,312.0,0.0,0.0,92.0,4.27,129.0,0,"237 km NNW of Kuril’sk, Russia",237 km NNW,"Kuril’sk, Russia",deep,56.25,0,USGS-WEST,7,1787308737051,mb,reviewed,us,0.3846153846153846
us6000tmmw,3.5,35.0,-160.1073,54.4254,188.0,0.0,0.0,201.0,1.25,60.0,0,"104 km SSE of Sand Point, Alaska",104 km SSE,"Sand Point, Alaska",shallow,43.75,0,PNSN-07,14,1787306189113,mb,reviewed,us,0.1923076923076923
tx2026qkpsfm,3.2,6.7151,-104.435,31.654,158.0,1.0,1.0,67.0,0.0,51.0,0,"58 km S of Whites City, New Mexico",58 km S,"Whites City, New Mexico",shallow,40.0,0,CEA-12,10,1787305215626,ml,reviewed,tx,0.13461538461538464
us6000tmes,5.1,10.0,125.5784,9.4833,400.0,1.0,2.5,74.0,2.398,84.0,0,"1 km N of Alegria, Philippines",1 km N,"Alegria, Philippines",shallow,63.74999999999999,1,,,1787304156390,mb,reviewed,us,0.4999999999999999
us6000tmer,5.2,10.0,125.342,9.3382,418.0,5.0,3.8,59.0,2.266,87.0,0,"19 km W of Jabonga, Philippines",19 km W,"Jabonga, Philippines",shallow,65.0,1,USGS-WEST,13,1787303540890,mb,reviewed,us,0.5192307692307693
us6000tmeq,4.5,10.194,120.6565,-8.3581,312.0,0.0,0.0,110.0,3.441,12.0,0,"35 km NE of Ruteng, Indonesia",35 km NE,"Ruteng, Indonesia",shallow,56.25,0,CEA-12,13,1787302498799,mb,reviewed,us,0.3846153846153846
us6000tmek,4.5,9.293,120.5246,-8.106,312.0,0.0,0.0,103.0,3.166,17.0,0,"56 km N of Ruteng, Indonesia",56 km N,"Ruteng, Indonesia",shallow,56.25,0,,,1787301016137,mb,reviewed,us,0.3846153846153846
us6000tmej,4.9,36.554,120.5155,-7.8156,369.0,0.0,0.0,72.0,2.885,31.0,0,"88 km N of Ruteng, Indonesia",88 km N,"Ruteng, Indonesia",shallow,61.25000000000001,0,USGS-WEST,6,1787300040844,mb,reviewed,us,0.46153846153846156
us6000tmei,5.1,10.0,-175.3072,-24.7124,400.0,0.0,0.0,128.0,5.084,42.0,0,south of Tonga,south,Tonga,shallow,63.74999999999999,1,CEA-12,10,1787299954179,mb,reviewed,us,0.4999999999999999
aka2026qncylv,3.2,35.7,-156.848,54.731,158.0,0.0,0.0,225.0,1.3,49.0,0,"196 km SE of Perryville, Alaska",196 km SE,"Perryville, Alaska",shallow,40.0,0,CEA-12,0,1787298955920,ml,reviewed,ak,0.13461538461538464
us6000tmlc,3.4,10.0,176.3281,52.0444,178.0,0.0,0.0,188.0,1.353,17.0,0,"231 km ESE of Attu Station, Alaska",231 km ESE,"Attu Station, Alaska",shallow,42.5,0,CEA-12,0,1787296890624,ml,reviewed,us,0.17307692307692304
uu80149666,3.12,-2.84,-109.8725,41.562,150.0,1.0,0.0,113.0,0.1118,24.0,0,"2 km NNW of Little America, Wyoming",2 km NNW,"Little America, Wyoming",shallow,39.0,0,PNSN-07,,1787296164920,ml,reviewed,uu,0.11923076923076925
us6000tme0,4.6,10.0,23.5692,-53.142,326.0,0.0,0.0,68.0,20.846,33.0,0,south of Africa,south,Africa,shallow,57.49999999999999,0,USGS-WEST,4,1787291806764,mb,reviewed,us,0.40384615384615374
aka2026qmxwhm,2.6,4.2,-168.259,52.359,104.0,0.0,0.0,265.0,0.7,17.0,0,"76 km SSE of Nikolski, Alaska",76 km SSE,"Nikolski, Alaska",shallow,32.5,0,PNSN-07,4,1787289802301,ml,reviewed,ak,0.019230769230769246
us6000tmdx,2.8,10.0,-163.2628,53.8814,121.0,0.0,0.0,236.0,0.815,22.0,0,"108 km S of False Pass, Alaska",108 km S,"False Pass, Alaska",shallow,35.0,0,USGS-WEST,11,1787289725102,ml,reviewed,us,0.057692307692307654
us6000tmd6,4.2,30.859,-163.3413,53.9496,271.0,0.0,0.0,154.0,0.91,32.0,0,"100 km S of False Pass, Alaska",100 km S,"False Pass, Alaska",shallow,52.5,0,USGS-WEST,15,1787282064017,mb,reviewed,us,0.3269230769230769
pr71529188,3.4,72.97,-64.8143333333333,19.2751666666667,178.0,0.0,0.0,269.0,0.8701,11.0,0,"104 km N of Charlotte Amalie, U.S. Virgin Islands",104 km N,"Charlotte Amalie, U.S. Virgin Islands",intermediate,42.5,0,PNSN-07,8,1787280078750,md,reviewed,pr,0.17307692307692304
pr2026233000,3.73,18.0,-64.8648,19.4205,214.0,0.0,0.0,267.0,1.0352,18.0,0,"119 km N of Charlotte Amalie, U.S. Virgin Islands",119 km N,"Charlotte Amalie, U.S. Virgin Islands",shallow,46.625,0,USGS-WEST,15,1787279809390,md,reviewed,pr,0.23653846153846153
us6000tmd2,4.6,10.0,120.5112,-8.3786,326.0,0.0,0.0,83.0,3.426,16.0,0,"26 km NNE of Ruteng, Indonesia",26 km NNE,"Ruteng, Indonesia",shallow,57.49999999999999,0,PNSN-07,12,1787279587261,mb,reviewed,us,0.40384615384615374
us6000tmcv,4.4,10.0,120.4258,-8.2543,298.0,0.0,0.0,141.0,3.288,10.0,0,"39 km N of Ruteng, Indonesia",39 km N,"Ruteng, Indonesia",shallow,55.00000000000001,0,PNSN-07,7,1787278641555,mb,reviewed,us,0.3653846153846154
us6000tmct,4.3,10.0,33.5713,41.0198,284.0,0.0,0.0,54.0,1.294,26.0,0,"11 km NNW of Ilgaz, Turkey",11 km NNW,"Ilgaz, Turkey",shallow,53.75,0,PNSN-07,6,1787277978768,mb,reviewed,us,0.3461538461538461
aka2026qmqubn,2.5,3.7,-156.182,67.874,96.0,0.0,0.0,48.0,1.2,22.0,0,"111 km NNE of Kobuk, Alaska",111 km NNE,"Kobuk, Alaska",shallow,31.25,0,,,1787277057709,ml,reviewed,ak,0.0
us6000tmds,3.4,32.36,176.3593,52.0089,178.0,0.0,0.0,190.0,1.332,15.0,0,"235 km ESE of Attu Station, Alaska",235 km ESE,"Attu Station, Alaska",shallow,42.5,0,PNSN-07,9,1787276969708,ml,reviewed,us,0.17307692307692304
us6000tmcn,4.6,10.0,121.2731,-8.2838,326.0,0.0,0.0,80.0,3.299,19.0,0,"75 km NW of Ende, Indonesia",75 km NW,"Ende, Indonesia",shallow,57.49999999999999,0,USGS-WEST,15,1787276322430,mb,reviewed,us,0.40384615384615374
aka2026qmqaka,2.5,4.4,-165.243,53.417,96.0,0.0,0.0,212.0,0.7,36.0,0,"87 km SSE of Akutan, Alaska",87 km SSE,"Akutan, Alaska",shallow,31.25,0,CEA-12,1,1787275704480,ml,reviewed,ak,0.0
us6000tmcj,4.6,10.0,120.5956,-8.2183,326.0,0.0,0.0,110.0,3.292,21.0,0,"45 km NNE of Ruteng, Indonesia",45 km NNE,"Ruteng, Indonesia",shallow,57.49999999999999,0,,,1787275085726,mb,reviewed,us,0.40384615384615374
us6000tmdp,3.0,12.139,176.3544,52.0558,138.0,0.0,0.0,187.0,1.338,10.0,0,"232 km ESE of Attu Station, Alaska",232 km ESE,"Attu Station, Alaska",shallow,37.5,0,USGS-WEST,0,1787274806436,ml,reviewed,us,0.09615384615384615
us6000tmcf,4.3,35.0,-165.3313,53.524,284.0,0.0,0.0,159.0,0.677,36.0,0,"73 km SSE of Akutan, Alaska",73 km SSE,"Akutan, Alaska",shallow,53.75,0,SCEDC-01,5,1787274710896,mwr,reviewed,us,0.3461538461538461
us6000tmdn,3.4,6.43,-176.2539,51.2868,178.0,0.0,0.0,220.0,0.584,26.0,0,"70 km SSE of Adak, Alaska",70 km SSE,"Adak, Alaska",shallow,42.5,0,CEA-12,0,1787274492247,ml,reviewed,us,0.17307692307692304
tx2026qjynzf,2.5,6.5485,-104.223,31.655,96.0,0.0,0.0,64.0,0.0,52.0,0,"55 km NW of Toyah, Texas",55 km NW,"Toyah, Texas",shallow,31.25,0,PNSN-07,8,1787274281821,ml,reviewed,tx,0.0
us6000tmdi,3.2,10.0,176.4013,52.0698,158.0,0.0,0.0,186.0,1.31,10.0,0,"234 km ESE of Attu Station, Alaska",234 km ESE,"Attu Station, Alaska",shallow,40.0,0,PNSN-07,2,1787270819446,ml,reviewed,us,0.13461538461538464
us6000tmc4,4.7,44.11,127.7859,26.4848,340.0,1.0,3.4,81.0,3.16,41.0,0,"6 km W of Onna, Japan",6 km W,"Onna, Japan",shallow,58.75,0,,,1787270480430,mb,reviewed,us,0.4230769230769231
us6000tmpp,3.2,10.0,176.3942,52.2028,158.0,0.0,0.0,178.0,1.331,12.0,0,"229 km ESE of Attu Station, Alaska",229 km ESE,"Attu Station, Alaska",shallow,40.0,0,SCEDC-01,14,1787269167019,ml,reviewed,us,0.13461538461538464
us6000tmbw,5.0,10.0,-141.4541,-56.5921,385.0,0.0,0.0,88.0,32.633,22.0,0,Pacific-Antarctic Ridge,,Pacific-Antarctic Ridge,shallow,62.5,1,PNSN-07,9,1787269001054,mb,reviewed,us,0.4807692307692307
us6000tmbl,4.4,10.0,120.0081,-8.0474,298.0,0.0,0.0,111.0,3.024,19.0,0,"51 km NNE of Labuan Bajo, Indonesia",51 km NNE,"Labuan Bajo, Indonesia",shallow,55.00000000000001,0,CEA-12,8,1787266897175,mb,reviewed,us,0.3653846153846154
us6000tmpg,3.0,10.0,176.3369,52.0203,138.0,0.0,0.0,190.0,1.347,13.0,0,"233 km ESE of Attu Station, Alaska",233 km ESE,"Attu Station, Alaska",shallow,37.5,0,CEA-12,5,1787263611640,ml,reviewed,us,0.09615384615384615
us6000tmph,2.8,35.0,-163.5843,54.0087,121.0,0.0,0.0,205.0,0.644,20.0,0,"94 km S of False Pass, Alaska",94 km S,"False Pass, Alaska",shallow,35.0,0,PNSN-07,8,1787263524500,ml,reviewed,us,0.057692307692307654
us6000tmpf,2.6,35.0,-163.8315,54.1096,104.0,0.0,0.0,204.0,0.539,27.0,0,"87 km SSW of False Pass, Alaska",87 km SSW,"False Pass, Alaska",shallow,32.5,0,PNSN-07,12,1787263506286,ml,reviewed,us,0.019230769230769246
us6000tmb4,4.5,213.529,145.6176,15.9742,312.0,0.0,0.0,108.0,0.755,78.0,0,"85 km N of Saipan, Northern Mariana Islands",85 km N,"Saipan, Northern Mariana Islands",intermediate,56.25,0,PNSN-07,15,1787263060312,mb,reviewed,us,0.3846153846153846
us6000tmpe,3.1,10.0,176.3338,52.0115,148.0,0.0,0.0,190.0,1.348,10.0,0,"233 km ESE of Attu Station, Alaska",233 km ESE,"Attu Station, Alaska",shallow,38.75,0,PNSN-07,0,1787262618806,ml,reviewed,us,0.11538461538461539
us6000tmpd,3.0,10.0,176.3122,51.9308,138.0,0.0,0.0,196.0,1.361,14.0,0,"235 km ESE of Attu Station, Alaska",235 km ESE,"Attu Station, Alaska",shallow,37.5,0,SCEDC-01,1,1787262133611,ml,reviewed,us,0.09615384615384615
us6000tmau,4.4,86.026,-73.9735,-14.9534,298.0,0.0,0.0,167.0,4.059,18.0,0,"17 km SSW of Tambo, Peru",17 km SSW,"Tambo, Peru",intermediate,55.00000000000001,0,SCEDC-01,,1787261431187,mb,reviewed,us,0.3653846153846154
aka2026qmfwlo,3.4,5.0,176.27,51.895,178.0,0.0,0.0,199.0,1.4,18.0,0,"235 km ESE of Attu Station, Alaska",235 km ESE,"Attu Station, Alaska",shallow,42.5,0,PNSN-07,10,1787257413354,ml,reviewed,ak,0.17307692307692304
us6000tm9h,5.0,10.0,121.3299,-8.214,385.0,0.0,0.0,88.0,3.281,41.0,0,"78 km NNW of Ende, Indonesia",78 km NNW,"Ende, Indonesia",shallow,62.5,1,CEA-12,0,1787255631824,mb,reviewed,us,0.4807692307692307
us6000tm93,5.0,10.0,121.2709,-8.423,385.0,0.0,0.0,76.0,3.242,52.0,0,"63 km NW of Ende, Indonesia",63 km NW,"Ende, Indonesia",shallow,62.5,1,PNSN-07,7,1787253843495,mb,reviewed,us,0.4807692307692307
aka2026qmdhuk,3.1,3.6,176.281,51.873,148.0,0.0,0.0,200.0,1.4,12.0,0,"237 km ESE of Attu Station, Alaska",237 km ESE,"Attu Station, Alaska",shallow,38.75,0,PNSN-07,9,1787252821260,ml,reviewed,ak,0.11538461538461539
aka2026qmcgdw,2.8,5.0,176.298,51.979,121.0,0.0,0.0,193.0,1.4,10.0,0,"232 km ESE of Attu Station, Alaska",232 km ESE,"Attu Station, Alaska",shallow,35.0,0,PNSN-07,5,1787250893532,ml,reviewed,ak,0.057692307692307654
us6000tm8j,5.1,35.0,153.5631,-5.3709,400.0,0.0,0.0,121.0,1.822,41.0,0,"183 km SE of Kokopo, Papua New Guinea",183 km SE,"Kokopo, Papua New Guinea",shallow,63.74999999999999,1,CEA-12,6,1787250319502,mb,reviewed,us,0.4999999999999999
us6000tm8h,5.6,10.0,121.3981,-8.2877,482.0,0.0,0.0,45.0,3.187,54.0,0,"67 km NNW of Ende, Indonesia",67 km NNW,"Ende, Indonesia",shallow,70.0,1,CEA-12,,1787249571721,mb,reviewed,us,0.596153846153846
us6000tm81,6.7,99.0,-73.5236,-14.6414,729.0,74.0,5.2,34.0,4.17,113.0,0,"31 km NW of Aniso, Peru",31 km NW,"Aniso, Peru",intermediate,83.75,1,SCEDC-01,11,1787248818626,mww,reviewed,us,0.8076923076923077
aka2026qmbais,3.5,12.4,-148.103,61.566,190.0,6.0,2.2,20.0,0.2,190.0,0,"31 km SE of Chickaloon, Alaska",31 km SE,"Chickaloon, Alaska",shallow,43.75,0,PNSN-07,3,1787248707739,ml,reviewed,ak,0.1923076923076923
aka2026qmanuu,3.2,5.0,176.315,51.946,158.0,0.0,0.0,195.0,1.4,15.0,0,"235 km ESE of Attu Station, Alaska",235 km ESE,"Attu Station, Alaska",shallow,40.0,0,SCEDC-01,15,1787247824308,ml,reviewed,ak,0.13461538461538464
aka2026qlzknm,2.7,5.0,-149.088,56.782,112.0,0.0,0.0,278.0,2.1,20.0,0,"213 km ESE of Chiniak, Alaska",213 km ESE,"Chiniak, Alaska",shallow,33.75,0,,,1787245802311,ml,reviewed,ak,0.03846153846153849
us6000tmnq,2.5,10.0,-166.1821,51.7614,96.0,0.0,0.0,293.0,1.96,17.0,0,"224 km SE of Nikolski, Alaska",224 km SE,"Nikolski, Alaska",shallow,31.25,0,USGS-WEST,5,1787243627004,ml,reviewed,us,0.0
aka2026qlxomk,3.1,2.0,-136.37,59.024,148.0,0.0,0.0,99.0,0.4,15.0,0,"48 km SSW of Covenant Life, Alaska",48 km SSW,"Covenant Life, Alaska",shallow,38.75,0,PNSN-07,,1787242480736,ml,reviewed,ak,0.11538461538461539
aka2026qlvebe,2.8,5.0,-136.396,59.03,121.0,1.0,2.0,99.0,0.4,15.0,0,"48 km SSW of Covenant Life, Alaska",48 km SSW,"Covenant Life, Alaska",shallow,35.0,0,CEA-12,12,1787238157005,ml,reviewed,ak,0.057692307692307654
us6000tm46,3.7,10.0,-160.5879,55.2887,211.0,1.0,2.0,192.0,0.819,23.0,0,"7 km SW of Sand Point, Alaska",7 km SW,"Sand Point, Alaska",shallow,46.25,0,CEA-12,3,1787237199024,ml,reviewed,us,0.23076923076923078
us6000tm44,4.5,60.864,107.8108,-8.0612,312.0,0.0,0.0,106.0,0.616,23.0,0,"85 km SSW of Singaparna, Indonesia",85 km SSW,"Singaparna, Indonesia",shallow,56.25,0,USGS-WEST,15,1787236293917,mb,reviewed,us,0.3846153846153846
us6000tmnd,2.8,10.0,176.2894,51.9768,121.0,0.0,0.0,193.0,1.375,12.0,0,"232 km ESE of Attu Station, Alaska",232 km ESE,"Attu Station, Alaska",shallow,35.0,0,SCEDC-01,1,1787234684735,ml,reviewed,us,0.057692307692307654
us6000tm42,4.9,10.0,148.5355,-1.1659,369.0,0.0,0.0,77.0,1.458,63.0,0,"170 km NE of Lorengau, Papua New Guinea",170 km NE,"Lorengau, Papua New Guinea",shallow,61.25000000000001,0,SCEDC-01,1,1787234100053,mb,reviewed,us,0.46153846153846156
us6000tm40,2.9,10.0,-108.581,34.8169,129.0,0.0,0.0,89.0,0.995,13.0,0,"20 km NNE of Fence Lake, New Mexico",20 km NNE,"Fence Lake, New Mexico",shallow,36.25,0,PNSN-07,2,1787233006947,ml,reviewed,us,0.0769230769230769
ci41531152,2.69,8.28,-115.251333333333,32.2066666666667,111.0,0.0,0.0,83.0,0.07673,26.0,0,"8 km WSW of Alberto Oviedo Mota, B.C., MX",8 km WSW,"Alberto Oviedo Mota, B.C., MX",shallow,33.625,0,CEA-12,,1787232748050,ml,reviewed,ci,0.03653846153846153
aka2026qlrlhg,2.6,143.4,-153.347,59.978,104.0,0.0,0.0,48.0,0.1,111.0,0,"47 km ENE of Pedro Bay, Alaska",47 km ENE,"Pedro Bay, Alaska",intermediate,32.5,0,PNSN-07,6,1787231475033,ml,reviewed,ak,0.019230769230769246
us6000tm3t,4.8,564.28,-178.6517,-17.7971,354.0,0.0,0.0,125.0,2.302,72.0,0,"217 km E of Levuka, Fiji",217 km E,"Levuka, Fiji",deep,60.0,0,USGS-WEST,0,1787228856440,mb,reviewed,us,0.44230769230769224
aka2026qlnvqp,3.0,28.5,-149.217,61.185,149.0,34.0,3.1,44.0,0.2,80.0,0,"23 km ESE of Elmendorf Air Force Base, Alaska",23 km ESE,"Elmendorf Air Force Base, Alaska",shallow,37.5,0,CEA-12,1,1787224993895,ml,reviewed,ak,0.09615384615384615
aka2026qlnush,2.9,120.4,-152.862,60.033,129.0,0.0,0.0,49.0,0.1,152.0,0,"63 km W of Happy Valley, Alaska",63 km W,"Happy Valley, Alaska",intermediate,36.25,0,CEA-12,13,1787224926059,ml,reviewed,ak,0.0769230769230769
us6000tmmf,2.6,35.203,-174.9334,50.3276,104.0,0.0,0.0,235.0,1.775,16.0,0,"209 km SE of Adak, Alaska",209 km SE,"Adak, Alaska",shallow,32.5,0,CEA-12,4,1787223733104,ml,reviewed,us,0.019230769230769246
us6000tmmc,3.7,8.748,176.3029,51.9652,211.0,0.0,0.0,194.0,1.367,18.0,0,"233 km ESE of Attu Station, Alaska",233 km ESE,"Attu Station, Alaska",shallow,46.25,0,SCEDC-01,12,1787223237265,ml,reviewed,us,0.23076923076923078
us6000tm31,4.6,10.0,120.8686,-7.9402,326.0,0.0,0.0,96.0,3.111,19.0,0,"86 km NNE of Ruteng, Indonesia",86 km NNE,"Ruteng, Indonesia",shallow,57.49999999999999,0,PNSN-07,4,1787220506207,mb,reviewed,us,0.40384615384615374
us6000tm2y,5.2,10.0,95.4454,37.8058,416.0,0.0,1.0,35.0,6.865,100.0,0,"270 km SSE of Dunhuang, China",270 km SSE,"Dunhuang, China",shallow,65.0,1,USGS-WEST,1,1787219387975,mb,reviewed,us,0.5192307692307693
us6000tm2v,5.3,10.0,120.6701,-8.2215,432.0,1.0,2.7,49.0,3.314,60.0,0,"48 km NNE of Ruteng, Indonesia",48 km NNE,"Ruteng, Indonesia",shallow,66.25,1,SCEDC-01,1,1787218252720,mb,reviewed,us,0.5384615384615384
us6000tm2t,4.8,38.005,120.656,-8.0659,354.0,0.0,0.0,87.0,3.162,34.0,0,"63 km NNE of Ruteng, Indonesia",63 km NNE,"Ruteng, Indonesia",shallow,60.0,0,PNSN-07,9,1787216038760,mb,reviewed,us,0.44230769230769224
us6000tmcx,2.6,35.0,-163.5004,53.4511,104.0,0.0,0.0,240.0,1.208,18.0,0,"156 km S of False Pass, Alaska",156 km S,"False Pass, Alaska",shallow,32.5,0,PNSN-07,9,1787216035266,ml,reviewed,us,0.019230769230769246
pr71529103,3.01,26.19,-65.0173333333333,18.7753333333333,139.0,0.0,0.0,216.0,0.4246,14.0,0,"48 km N of Charlotte Amalie, U.S. Virgin Islands",48 km N,"Charlotte Amalie, U.S. Virgin Islands",shallow,37.625,0,SCEDC-01,13,1787214729410,md,reviewed,pr,0.09807692307692303
nn00923566,2.58,6.2916,-116.5065,38.442,102.0,0.0,0.0,150.0,0.215,10.0,0,"75 km ENE of Tonopah, Nevada",75 km ENE,"Tonopah, Nevada",shallow,32.25,0,PNSN-07,8,1787214422155,ml,reviewed,nn,0.015384615384615398
us6000tm2l,2.5,5.0,-139.8646,60.5893,96.0,0.0,0.0,163.0,0.608,20.0,0,"116 km N of Yakutat, Alaska",116 km N,"Yakutat, Alaska",shallow,31.25,0,SCEDC-01,9,1787214350690,ml,reviewed,us,0.0
us6000tm2k,5.0,35.0,120.4879,-8.2196,385.0,0.0,0.0,76.0,3.267,43.0,0,"43 km N of Ruteng, Indonesia",43 km N,"Ruteng, Indonesia",shallow,62.5,1,USGS-WEST,12,1787212893945,mb,reviewed,us,0.4807692307692307
us6000tm2j,5.0,10.0,120.377,-8.2868,385.0,0.0,0.0,104.0,3.31,27.0,0,"37 km NNW of Ruteng, Indonesia",37 km NNW,"Ruteng, Indonesia",shallow,62.5,1,USGS-WEST,12,1787212503208,mb,reviewed,us,0.4807692307692307
us6000tm2i,4.1,124.202,-68.8583,-21.2621,259.0,0.0,0.0,82.0,0.64,13.0,0,"62 km W of Ollagüe, Chile",62 km W,"Ollagüe, Chile",intermediate,51.24999999999999,0,PNSN-07,4,1787212095326,mb,reviewed,us,0.3076923076923076
aka2026qlcjyh,3.0,125.2,-150.949,63.008,138.0,0.0,0.0,27.0,0.5,155.0,0,"57 km N of Petersville, Alaska",57 km N,"Petersville, Alaska",intermediate,37.5,0,PNSN-07,1,1787204389981,ml,reviewed,ak,0.09615384615384615
nn00923551,2.72,7.2091,-115.7455,36.712,114.0,1.0,2.0,136.0,0.146,46.0,0,"17 km NNW of Indian Springs, Nevada",17 km NNW,"Indian Springs, Nevada",shallow,34.0,0,,,1787204245830,ml,reviewed,nn,0.042307692307692345
us6000tm2a,4.3,47.772,140.6399,36.651,285.0,1.0,2.0,194.0,1.959,40.0,0,"5 km N of Hitachi, Japan",5 km N,"Hitachi, Japan",shallow,53.75,0,PNSN-07,,1787203721414,mb,reviewed,us,0.3461538461538461
us6000tmcl,2.5,10.0,176.4638,52.2671,96.0,0.0,0.0,173.0,1.299,8.0,0,"231 km ESE of Attu Station, Alaska",231 km ESE,"Attu Station, Alaska",shallow,31.25,0,,,1787202103784,ml,reviewed,us,0.0
aka2026qlazoq,2.5,1.4,-168.048,52.181,96.0,0.0,0.0,267.0,0.9,14.0,0,"100 km SSE of Nikolski, Alaska",100 km SSE,"Nikolski, Alaska",shallow,31.25,0,PNSN-07,1,1787201870741,ml,reviewed,ak,0.0
us6000tm25,4.7,35.275,-70.4642,-24.4187,340.0,0.0,0.0,135.0,0.905,52.0,0,"85 km S of Antofagasta, Chile",85 km S,"Antofagasta, Chile",shallow,58.75,0,PNSN-07,15,1787201571796,mwr,reviewed,us,0.4230769230769231
us6000tmbv,3.0,6.546,176.2852,51.9888,138.0,0.0,0.0,192.0,1.378,11.0,0,"231 km ESE of Attu Station, Alaska",231 km ESE,"Attu Station, Alaska",shallow,37.5,0,PNSN-07,12,1787201385583,ml,reviewed,us,0.09615384615384615
us6000tmbt,2.8,35.0,-172.2564,50.7664,121.0,0.0,0.0,246.0,1.881,13.0,0,"208 km SE of Atka, Alaska",208 km SE,"Atka, Alaska",shallow,35.0,0,SCEDC-01,6,1787200604720,ml,reviewed,us,0.057692307692307654
us6000tm22,4.6,10.0,120.3917,-7.9704,326.0,0.0,0.0,126.0,3.005,15.0,0,"71 km N of Ruteng, Indonesia",71 km N,"Ruteng, Indonesia",shallow,57.49999999999999,0,PNSN-07,0,1787200403405,mb,reviewed,us,0.40384615384615374
us6000tm1y,4.6,10.0,120.3951,-8.386,326.0,0.0,0.0,120.0,3.41,21.0,0,"26 km NNW of Ruteng, Indonesia",26 km NNW,"Ruteng, Indonesia",shallow,57.49999999999999,0,PNSN-07,2,1787199837331,mb,reviewed,us,0.40384615384615374
pr71529088,2.94,20.48,-67.6003333333333,18.7431666666667,133.0,0.0,0.0,210.0,0.3749,12.0,0,"57 km NW of Rincón, Puerto Rico",57 km NW,"Rincón, Puerto Rico",shallow,36.75,0,,,1787198225120,md,reviewed,pr,0.0846153846153846
pr71529118,2.77,26.94,-64.723,18.9418333333333,118.0,0.0,0.0,284.0,0.5279,4.0,0,"67 km N of Cruz Bay, U.S. Virgin Islands",67 km N,"Cruz Bay, U.S. Virgin Islands",shallow,34.625,0,SCEDC-01,15,1787198079460,md,reviewed,pr,0.051923076923076926
us6000tm1m,4.7,166.707,-67.1154,-24.3365,340.0,0.0,0.0,48.0,1.688,60.0,0,"81 km W of San Antonio de los Cobres, Argentina",81 km W,"San Antonio de los Cobres, Argentina",intermediate,58.75,0,PNSN-07,12,1787195346998,mb,reviewed,us,0.4230769230769231
us6000tm1l,4.7,10.0,120.662,-8.2547,340.0,0.0,0.0,122.0,3.344,16.0,0,"45 km NNE of Ruteng, Indonesia",45 km NNE,"Ruteng, Indonesia",shallow,58.75,0,CEA-12,15,1787194857597,mb,reviewed,us,0.4230769230769231
aka2026qkxamm,2.6,118.5,-151.01,62.994,104.0,0.0,0.0,32.0,0.5,96.0,0,"56 km NNW of Petersville, Alaska",56 km NNW,"Petersville, Alaska",intermediate,32.5,0,SCEDC-01,8,1787194736527,ml,reviewed,ak,0.019230769230769246
us6000tm1j,5.7,10.0,120.6104,-8.3582,500.0,1.0,2.0,50.0,3.43,71.0,0,"32 km NNE of Ruteng, Indonesia",32 km NNE,"Ruteng, Indonesia",shallow,71.25,1,CEA-12,,1787194019072,mww,reviewed,us,0.6153846153846154
us6000tm1i,4.0,35.0,178.7648,50.9497,246.0,0.0,0.0,224.0,0.546,64.0,0,"Rat Islands, Aleutian Islands, Alaska",,"Rat Islands, Aleutian Islands, Alaska",shallow,50.0,0,CEA-12,7,1787193905026,mb,reviewed,us,0.28846153846153844
us6000tm1h,2.5,35.0,-165.6306,53.2986,96.0,0.0,0.0,222.0,0.814,18.0,0,"87 km SE of Unalaska, Alaska",87 km SE,"Unalaska, Alaska",shallow,31.25,0,PNSN-07,11,1787193744319,ml,reviewed,us,0.0
us6000tm1e,4.7,10.0,120.6074,-8.2293,340.0,0.0,0.0,96.0,3.305,20.0,0,"45 km NNE of Ruteng, Indonesia",45 km NNE,"Ruteng, Indonesia",shallow,58.75,0,PNSN-07,7,1787192688024,mb,reviewed,us,0.4230769230769231
pr71529063,3.42,4.46,-64.4091666666667,18.823,180.0,0.0,0.0,277.0,0.3311,16.0,0,"67 km NE of Cruz Bay, U.S. Virgin Islands",67 km NE,"Cruz Bay, U.S. Virgin Islands",shallow,42.75,0,CEA-12,3,1787190593500,md,reviewed,pr,0.1769230769230769
us6000tm1g,3.0,1.252,176.3211,52.0042,138.0,0.0,0.0,191.0,1.356,11.0,0,"232 km ESE of Attu Station, Alaska",232 km ESE,"Attu Station, Alaska",shallow,37.5,0,SCEDC-01,10,1787189475052,ml,reviewed,us,0.09615384615384615
us6000tm16,5.0,72.946,169.1514,-20.324,385.0,0.0,0.0,71.0,2.776,46.0,0,"87 km S of Isangel, Vanuatu",87 km S,"Isangel, Vanuatu",intermediate,62.5,1,USGS-WEST,,1787185224938,mb,reviewed,us,0.4807692307692307
us6000tm1f,2.7,10.0,176.9783,51.853,112.0,0.0,0.0,335.0,0.955,12.0,0,"281 km ESE of Attu Station, Alaska",281 km ESE,"Attu Station, Alaska",shallow,33.75,0,USGS-WEST,12,1787183565707,ml,reviewed,us,0.03846153846153849
us6000tm10,4.5,10.0,120.7214,-8.2733,312.0,0.0,0.0,117.0,3.378,18.0,0,"46 km NE of Ruteng, Indonesia",46 km NE,"Ruteng, Indonesia",shallow,56.25,0,USGS-WEST,9,1787181614116,mb,reviewed,us,0.3846153846153846
aka2026qkpgrh,2.9,2.3,179.518,50.309,129.0,0.0,0.0,291.0,1.1,21.0,0,"Rat Islands, Aleutian Islands, Alaska",,"Rat Islands, Aleutian Islands, Alaska",shallow,36.25,0,CEA-12,0,1787180752624,ml,reviewed,ak,0.0769230769230769
us6000tm0u,5.8,10.0,120.5278,-8.3922,520.0,5.0,4.1,39.0,3.443,100.0,0,"25 km NNE of Ruteng, Indonesia",25 km NNE,"Ruteng, Indonesia",shallow,72.5,1,CEA-12,15,1787179517395,mww,reviewed,us,0.6346153846153846
us6000tm0s,5.2,10.0,120.4718,-8.3101,416.0,0.0,1.0,77.0,3.352,47.0,0,"33 km N of Ruteng, Indonesia",33 km N,"Ruteng, Indonesia",shallow,65.0,1,PNSN-07,6,1787178488388,mb,reviewed,us,0.5192307692307693
us7000tbrt,4.4,338.826,-179.7942,-28.1363,298.0,0.0,0.0,112.0,1.976,19.0,0,Kermadec Islands region,,Kermadec Islands region,deep,55.00000000000001,0,USGS-WEST,15,1787173898885,mb,reviewed,us,0.3653846153846154
us7000tbrs,4.3,9.78,120.2832,-8.2742,284.0,0.0,0.0,141.0,3.281,21.0,0,"42 km NNW of Ruteng, Indonesia",42 km NNW,"Ruteng, Indonesia",shallow,53.75,0,USGS-WEST,10,1787173717386,mb,reviewed,us,0.3461538461538461
us6000tm08,4.5,10.0,13.0558,66.9521,316.0,10.0,4.6,77.0,5.304,67.0,0,"29 km WNW of Ørnes, Norway",29 km WNW,"Ørnes, Norway",shallow,56.25,0,SCEDC-01,9,1787173608697,mb,reviewed,us,0.3846153846153846
us6000tlzp,4.6,178.278,-94.3016,17.6051,326.0,0.0,0.0,110.0,2.454,97.0,0,"28 km NE of Niños Héroes, Mexico",28 km NE,"Niños Héroes, Mexico",intermediate,57.49999999999999,0,SCEDC-01,11,1787169989427,mb,reviewed,us,0.40384615384615374
nn00923526,2.59,5.6797,-114.788,37.0482,103.0,0.0,0.0,112.0,0.415,23.0,0,"44 km NNW of Moapa Town, Nevada",44 km NNW,"Moapa Town, Nevada",shallow,32.375,0,,,1787169908816,ml,reviewed,nn,0.01730769230769228
aka2026qkiuau,3.7,108.0,-152.531,60.029,214.0,15.0,2.2,50.0,0.1,246.0,0,"45 km W of Happy Valley, Alaska",45 km W,"Happy Valley, Alaska",intermediate,46.25,0,USGS-WEST,1,1787169103802,ml,reviewed,ak,0.23076923076923078
us6000tlzv,3.2,101.897,-171.0894,52.1846,158.0,0.0,0.0,206.0,0.936,35.0,0,"172 km WSW of Nikolski, Alaska",172 km WSW,"Nikolski, Alaska",intermediate,40.0,0,USGS-WEST,11,1787167862231,ml,reviewed,us,0.13461538461538464
us6000tlz8,5.4,557.465,-178.664,-17.7629,449.0,0.0,0.0,39.0,2.273,245.0,0,"216 km E of Levuka, Fiji",216 km E,"Levuka, Fiji",deep,67.5,1,USGS-WEST,0,1787165129787,mww,reviewed,us,0.5576923076923077
us6000tlzs,3.4,10.0,174.4931,51.1686,178.0,0.0,0.0,348.0,2.627,24.0,0,"207 km SSE of Attu Station, Alaska",207 km SSE,"Attu Station, Alaska",shallow,42.5,0,CEA-12,,1787164771187,ml,reviewed,us,0.17307692307692304
aka2026qkggsv,2.6,113.8,-151.05,62.918,104.0,0.0,0.0,32.0,0.4,112.0,0,"49 km NNW of Petersville, Alaska",49 km NNW,"Petersville, Alaska",intermediate,32.5,0,,,1787164586115,ml,reviewed,ak,0.019230769230769246
us6000tlz6,4.4,10.0,120.5649,-8.2605,298.0,0.0,0.0,104.0,3.325,17.0,0,"40 km NNE of Ruteng, Indonesia",40 km NNE,"Ruteng, Indonesia",shallow,55.00000000000001,0,PNSN-07,5,1787164456609,mb,reviewed,us,0.3653846153846154
us6000tlzn,2.7,10.195,-173.2542,52.4707,112.0,0.0,0.0,174.0,0.504,23.0,0,"71 km ENE of Atka, Alaska",71 km ENE,"Atka, Alaska",shallow,33.75,0,CEA-12,13,1787164391982,ml,reviewed,us,0.03846153846153849
aka2026qkfxfr,3.3,163.8,-153.469,60.096,168.0,0.0,0.0,19.0,0.2,207.0,0,"48 km ESE of Port Alsworth, Alaska",48 km ESE,"Port Alsworth, Alaska",intermediate,41.25,0,PNSN-07,2,1787163924917,ml,reviewed,ak,0.1538461538461538
us6000tlyx,2.9,56.244,178.3813,51.5345,129.0,0.0,0.0,265.0,0.415,29.0,0,"Rat Islands, Aleutian Islands, Alaska",,"Rat Islands, Aleutian Islands, Alaska",shallow,36.25,0,SCEDC-01,13,1787163135364,ml,reviewed,us,0.0769230769230769
us6000tlyv,5.4,41.176,155.8633,49.4799,449.0,0.0,0.0,115.0,3.811,174.0,0,"134 km S of Severo-Kuril’sk, Russia",134 km S,"Severo-Kuril’sk, Russia",shallow,67.5,1,,,1787162837251,mww,reviewed,us,0.5576923076923077
us6000tlym,4.4,10.0,46.3162,34.2005,298.0,0.0,0.0,165.0,0.939,60.0,0,"50 km SE of Sarpol-e Z̄ahāb, Iran",50 km SE,"Sarpol-e Z̄ahāb, Iran",shallow,55.00000000000001,0,SCEDC-01,1,1787160974158,mb,reviewed,us,0.3653846153846154
us6000tlyi,4.8,10.0,126.6639,5.8923,354.0,0.0,0.0,107.0,1.591,54.0,0,"74 km SE of Pondaguitan, Philippines",74 km SE,"Pondaguitan, Philippines",shallow,60.0,0,PNSN-07,1,1787159974166,mb,reviewed,us,0.44230769230769224
aka2026qkdqtt,2.7,87.9,-154.991,57.906,112.0,0.0,0.0,70.0,0.2,117.0,0,"49 km NW of Karluk, Alaska",49 km NW,"Karluk, Alaska",intermediate,33.75,0,,,1787159884362,ml,reviewed,ak,0.03846153846153849
aka2026qkcrxb,3.9,119.9,178.919,51.726,234.0,0.0,0.0,166.0,0.3,122.0,0,"Rat Islands, Aleutian Islands, Alaska",,"Rat Islands, Aleutian Islands, Alaska",intermediate,48.75,0,,,1787158183559,ml,reviewed,ak,0.2692307692307692
us6000tlxq,5.5,10.0,120.6643,-8.1769,466.0,1.0,2.5,41.0,3.27,94.0,0,"52 km NNE of Ruteng, Indonesia",52 km NNE,"Ruteng, Indonesia",shallow,68.75,1,SCEDC-01,,1787156258400,mww,reviewed,us,0.5769230769230769
us6000tlvn,4.9,538.071,125.5363,-5.1696,369.0,0.0,0.0,42.0,4.726,56.0,0,Banda Sea,,Banda Sea,deep,61.25000000000001,0,PNSN-07,15,1787149942495,mb,reviewed,us,0.46153846153846156
pr71529018,3.24,53.78,-64.6676666666667,18.6988333333333,162.0,0.0,0.0,228.0,0.2808,11.0,0,"42 km NNE of Cruz Bay, U.S. Virgin Islands",42 km NNE,"Cruz Bay, U.S. Virgin Islands",shallow,40.5,0,PNSN-07,3,1787148277890,md,reviewed,pr,0.14230769230769236
aka2026qjxeat,2.8,10.0,-152.37,62.238,121.0,1.0,1.0,19.0,0.5,101.0,0,"57 km WNW of Skwentna, Alaska",57 km WNW,"Skwentna, Alaska",shallow,35.0,0,PNSN-07,8,1787148207758,ml,reviewed,ak,0.057692307692307654
us6000tlv2,4.4,194.344,106.3523,-5.9396,298.0,0.0,0.0,110.0,1.988,47.0,0,"21 km N of Kresek, Indonesia",21 km N,"Kresek, Indonesia",intermediate,55.00000000000001,0,USGS-WEST,14,1787141942358,mb,reviewed,us,0.3653846153846154
pr71529003,2.95,33.77,-64.9135,18.3661666666667,134.0,0.0,0.0,174.0,0.04307,5.0,0,"3 km NE of Charlotte Amalie, U.S. Virgin Islands",3 km NE,"Charlotte Amalie, U.S. Virgin Islands",shallow,36.875,0,,,1787141635730,md,reviewed,pr,0.08653846153846156
aka2026qjtlsw,3.7,28.2,177.968,51.393,211.0,0.0,0.0,210.0,0.7,40.0,0,"Rat Islands, Aleutian Islands, Alaska",,"Rat Islands, Aleutian Islands, Alaska",shallow,46.25,0,,,1787141561182,ml,reviewed,ak,0.23076923076923078
us6000tluu,4.4,227.931,127.9755,29.0998,298.0,0.0,0.0,91.0,2.27,49.0,0,"151 km NW of Uken, Japan",151 km NW,"Uken, Japan",intermediate,55.00000000000001,0,PNSN-07,11,1787139807209,mb,reviewed,us,0.3653846153846154
pr71528978,2.92,75.13,-66.3171666666667,18.5313333333333,131.0,0.0,0.0,191.0,0.2086,20.0,0,"7 km NNE of Brenas, Puerto Rico",7 km NNE,"Brenas, Puerto Rico",intermediate,36.5,0,CEA-12,15,1787138188470,md,reviewed,pr,0.08076923076923075
aka2026qjrjwb,2.9,5.6,-171.337,51.881,129.0,0.0,0.0,231.0,1.3,17.0,0,"199 km E of Atka, Alaska",199 km E,"Atka, Alaska",shallow,36.25,0,CEA-12,10,1787137811661,ml,reviewed,ak,0.0769230769230769
us6000tlun,4.8,84.483,125.2714,5.4275,356.0,4.0,3.1,81.0,1.66,67.0,0,"18 km SSW of Balangonan, Philippines",18 km SSW,"Balangonan, Philippines",intermediate,60.0,0,PNSN-07,9,1787137297358,mb,reviewed,us,0.44230769230769224
us6000tlum,4.7,10.179,120.4442,-7.8858,340.0,0.0,0.0,64.0,2.935,42.0,0,"80 km N of Ruteng, Indonesia",80 km N,"Ruteng, Indonesia",shallow,58.75,0,SCEDC-01,2,1787136299407,mb,reviewed,us,0.4230769230769231
us6000tly9,2.5,61.289,-177.9603,51.4557,96.0,0.0,0.0,201.0,0.303,32.0,0,"102 km WSW of Adak, Alaska",102 km WSW,"Adak, Alaska",shallow,31.25,0,PNSN-07,8,1787136288220,ml,reviewed,us,0.0
aka2026qjqeaw,2.9,20.0,-173.972,51.679,129.0,0.0,0.0,277.0,0.6,21.0,0,"59 km SSE of Atka, Alaska",59 km SSE,"Atka, Alaska",shallow,36.25,0,USGS-WEST,,1787135612297,ml,reviewed,ak,0.0769230769230769
us6000tluz,4.4,54.038,-76.9552,-12.3156,304.0,16.0,3.8,142.0,0.344,35.0,0,"20 km WNW of San Bartolo, Peru",20 km WNW,"San Bartolo, Peru",shallow,55.00000000000001,0,PNSN-07,,1787135285035,mb,reviewed,us,0.3653846153846154
us6000tluk,4.4,10.0,-77.4357,6.0705,298.0,0.0,0.0,137.0,1.9,41.0,0,"17 km SSW of Bahía Solano, Colombia",17 km SSW,"Bahía Solano, Colombia",shallow,55.00000000000001,0,SCEDC-01,0,1787134038554,mb,reviewed,us,0.3653846153846154
us6000tluh,4.7,10.0,-172.7309,-15.9165,340.0,0.0,0.0,132.0,2.197,36.0,0,"114 km E of Hihifo, Tonga",114 km E,"Hihifo, Tonga",shallow,58.75,0,PNSN-07,2,1787130439758,mb,reviewed,us,0.4230769230769231
us6000tlud,4.1,121.958,72.4938,37.9494,259.0,0.0,0.0,128.0,0.363,32.0,0,"97 km ENE of Khorugh, Tajikistan",97 km ENE,"Khorugh, Tajikistan",intermediate,51.24999999999999,0,PNSN-07,15,1787128453350,mb,reviewed,us,0.3076923076923076
us6000tlxm,3.7,45.41,-178.2891,51.2451,211.0,0.0,0.0,203.0,0.451,40.0,0,"134 km WSW of Adak, Alaska",134 km WSW,"Adak, Alaska",shallow,46.25,0,SCEDC-01,11,1787127758000,mb,reviewed,us,0.23076923076923078
us6000tly2,2.6,9.618,176.8311,52.0677,104.0,0.0,0.0,179.0,1.045,14.0,0,"262 km ESE of Attu Station, Alaska",262 km ESE,"Attu Station, Alaska",shallow,32.5,0,PNSN-07,1,1787125459673,ml,reviewed,us,0.019230769230769246
ci41529896,3.64,4.73,-116.652,33.4063333333333,260.0,165.0,3.4,19.0,0.09335,132.0,0,"14 km N of Warner Springs, CA",14 km N,"Warner Springs, CA",shallow,45.5,0,PNSN-07,9,1787124695950,ml,reviewed,ci,0.21923076923076926
us6000tlxz,2.9,5.658,176.8034,52.0694,129.0,0.0,0.0,179.0,1.062,14.0,0,"260 km ESE of Attu Station, Alaska",260 km ESE,"Attu Station, Alaska",shallow,36.25,0,PNSN-07,11,1787124459195,ml,reviewed,us,0.0769230769230769
us6000tlxy,3.7,10.0,176.8807,51.8677,211.0,0.0,0.0,190.0,1.013,16.0,0,"274 km ESE of Attu Station, Alaska",274 km ESE,"Attu Station, Alaska",shallow,46.25,0,,,1787124352452,ml,reviewed,us,0.23076923076923078
us6000tlxr,2.5,10.0,-160.3046,54.3661,96.0,0.0,0.0,226.0,1.197,17.0,0,"108 km S of Sand Point, Alaska",108 km S,"Sand Point, Alaska",shallow,31.25,0,PNSN-07,10,1787122955979,ml,reviewed,us,0.0
aka2026qjicgs,2.7,51.9,-150.751,61.72,112.0,2.0,1.0,21.0,0.3,115.0,0,"23 km NNW of Susitna, Alaska",23 km NNW,"Susitna, Alaska",shallow,33.75,0,USGS-WEST,13,1787121119266,ml,reviewed,ak,0.03846153846153849
us6000tltz,2.9,10.0,-119.342,49.4239,140.0,30.0,3.4,159.0,0.705,45.0,0,"18 km ENE of Okanagan Falls, Canada",18 km ENE,"Okanagan Falls, Canada",shallow,36.25,0,PNSN-07,1,1787120266804,ml,reviewed,us,0.0769230769230769
us6000tltq,4.7,10.0,95.5097,37.8621,340.0,0.0,0.0,125.0,6.828,33.0,0,"265 km SSE of Dunhuang, China",265 km SSE,"Dunhuang, China",shallow,58.75,0,CEA-12,,1787116944762,mb,reviewed,us,0.4230769230769231
us6000tltj,4.4,10.0,120.4092,-8.235,298.0,0.0,0.0,123.0,3.266,12.0,0,"42 km N of Ruteng, Indonesia",42 km N,"Ruteng, Indonesia",shallow,55.00000000000001,0,PNSN-07,13,1787115427036,mb,reviewed,us,0.3653846153846154
us6000tltg,4.6,124.813,-68.5483,-21.0451,326.0,0.0,0.0,75.0,0.988,31.0,0,"36 km WNW of Ollagüe, Chile",36 km WNW,"Ollagüe, Chile",intermediate,57.49999999999999,0,USGS-WEST,10,1787115107326,mb,reviewed,us,0.40384615384615374
us6000tlta,4.8,10.0,121.324,19.1513,354.0,0.0,0.0,118.0,3.655,41.0,0,"62 km NNE of Namuac, Philippines",62 km NNE,"Namuac, Philippines",shallow,60.0,0,CEA-12,3,1787113374144,mb,reviewed,us,0.44230769230769224
us6000tlt9,5.2,30.365,121.4389,-8.2837,416.0,0.0,0.0,72.0,3.153,52.0,0,"66 km NNW of Ende, Indonesia",66 km NNW,"Ende, Indonesia",shallow,65.0,1,PNSN-07,4,1787109209805,mb,reviewed,us,0.5192307692307693
us6000tlt2,3.5,35.0,-160.2378,54.5435,188.0,0.0,0.0,194.0,1.12,52.0,0,"89 km S of Sand Point, Alaska",89 km S,"Sand Point, Alaska",shallow,43.75,0,PNSN-07,3,1787106727996,ml,reviewed,us,0.1923076923076923
aka2026qizwax,2.5,45.2,-168.343,52.784,96.0,0.0,0.0,223.0,0.4,28.0,0,"38 km ESE of Nikolski, Alaska",38 km ESE,"Nikolski, Alaska",shallow,31.25,0,PNSN-07,14,1787106273068,ml,reviewed,ak,0.0
us6000tlt1,4.5,236.641,-174.8659,-15.3235,312.0,0.0,0.0,105.0,3.299,34.0,0,"134 km WNW of Hihifo, Tonga",134 km WNW,"Hihifo, Tonga",intermediate,56.25,0,USGS-WEST,12,1787106000069,mb,reviewed,us,0.3846153846153846
aka2026qizrrl,2.5,20.4,-159.705,54.43,96.0,0.0,0.0,277.0,1.4,16.0,0,"113 km SSE of Sand Point, Alaska",113 km SSE,"Sand Point, Alaska",shallow,31.25,0,PNSN-07,5,1787105962078,ml,reviewed,ak,0.0
nn00923484,3.01,11.6578,-116.4914,38.432,140.0,2.0,3.1,185.0,0.203,5.0,0,"76 km ENE of Tonopah, Nevada",76 km ENE,"Tonopah, Nevada",shallow,37.625,0,CEA-12,,1787104799440,ml,reviewed,nn,0.09807692307692303
nn00923474,2.85,11.4209,-116.4963,38.4312,125.0,0.0,1.0,149.0,0.203,6.0,0,"75 km ENE of Tonopah, Nevada",75 km ENE,"Tonopah, Nevada",shallow,35.625,0,PNSN-07,5,1787104786596,ml,reviewed,nn,0.06730769230769232
us6000tlss,4.6,10.0,121.0211,-8.2229,326.0,0.0,0.0,128.0,3.428,13.0,0,"74 km NE of Ruteng, Indonesia",74 km NE,"Ruteng, Indonesia",shallow,57.49999999999999,0,SCEDC-01,10,1787103890319,mb,reviewed,us,0.40384615384615374
aka2026qiyeoy,2.6,10.0,-149.784,63.203,104.0,0.0,0.0,24.0,0.5,79.0,0,"46 km WSW of Cantwell, Alaska",46 km WSW,"Cantwell, Alaska",shallow,32.5,0,USGS-WEST,,1787103296974,ml,reviewed,ak,0.019230769230769246
us6000tltd,2.9,11.532,-178.1955,51.4415,129.0,0.0,0.0,197.0,0.365,20.0,0,"118 km WSW of Adak, Alaska",118 km WSW,"Adak, Alaska",shallow,36.25,0,CEA-12,14,1787102837869,ml,reviewed,us,0.0769230769230769
us7000tbqq,4.5,7.472,149.0668,-5.4802,312.0,0.0,0.0,109.0,4.333,20.0,0,"96 km NNW of Kandrian, Papua New Guinea",96 km NNW,"Kandrian, Papua New Guinea",shallow,56.25,0,CEA-12,14,1787100983003,mb,reviewed,us,0.3846153846153846
us6000tls7,4.8,35.0,121.3989,-8.2072,354.0,0.0,0.0,84.0,2.99,42.0,0,"76 km NNW of Ende, Indonesia",76 km NNW,"Ende, Indonesia",shallow,60.0,0,CEA-12,10,1787098299571,mb,reviewed,us,0.44230769230769224
us6000tls8,4.4,66.555,159.8373,53.1738,298.0,0.0,0.0,143.0,1.281,52.0,0,"81 km E of Petropavlovsk-Kamchatsky, Russia",81 km E,"Petropavlovsk-Kamchatsky, Russia",shallow,55.00000000000001,0,USGS-WEST,0,1787097998546,mb,reviewed,us,0.3653846153846154
us6000tls5,4.6,35.0,121.2068,-8.3338,326.0,0.0,0.0,88.0,3.056,38.0,0,"75 km NW of Ende, Indonesia",75 km NW,"Ende, Indonesia",shallow,57.49999999999999,0,PNSN-07,1,1787097556821,mb,reviewed,us,0.40384615384615374
aka2026qiuzyy,2.7,64.7,-148.851,62.926,112.0,0.0,0.0,25.0,0.1,89.0,0,"52 km S of Cantwell, Alaska",52 km S,"Cantwell, Alaska",shallow,33.75,0,USGS-WEST,0,1787097549590,ml,reviewed,ak,0.03846153846153849
us6000tls4,4.2,504.905,-177.7738,-20.1316,271.0,0.0,0.0,75.0,4.535,48.0,0,"282 km WNW of Houma, Tonga",282 km WNW,"Houma, Tonga",deep,52.5,0,SCEDC-01,13,1787097231403,mb,reviewed,us,0.3269230769230769
us6000tn6h,4.3,10.0,121.0201,-8.4546,284.0,0.0,0.0,129.0,3.136,16.0,0,"63 km ENE of Ruteng, Indonesia",63 km ENE,"Ruteng, Indonesia",shallow,53.75,0,USGS-WEST,6,1787096363356,mb,reviewed,us,0.3461538461538461
us6000tlu5,2.8,10.0,-172.7195,50.7105,121.0,0.0,0.0,322.0,1.756,10.0,0,"194 km SSE of Atka, Alaska",194 km SSE,"Atka, Alaska",shallow,35.0,0,PNSN-07,11,1787093667485,ml,reviewed,us,0.057692307692307654
us6000tn4w,4.3,10.0,119.9835,-8.3656,284.0,0.0,0.0,109.0,3.337,16.0,0,"17 km NE of Labuan Bajo, Indonesia",17 km NE,"Labuan Bajo, Indonesia",shallow,53.75,0,PNSN-07,3,1787092369427,mb,reviewed,us,0.3461538461538461
us6000tn6p,4.3,10.0,68.5014,-5.0065,284.0,0.0,0.0,203.0,2.81,18.0,0,Chagos Archipelago region,,Chagos Archipelago region,shallow,53.75,0,CEA-12,1,1787092270974,mb,reviewed,us,0.3461538461538461
us6000tlrt,4.5,35.0,120.4279,-8.0711,312.0,0.0,0.0,83.0,3.11,25.0,0,"59 km N of Ruteng, Indonesia",59 km N,"Ruteng, Indonesia",shallow,56.25,0,CEA-12,12,1787092015925,mb,reviewed,us,0.3846153846153846
us6000tlrq,4.4,10.0,95.414,37.7577,298.0,0.0,0.0,56.0,6.878,63.0,0,"274 km SSE of Dunhuang, China",274 km SSE,"Dunhuang, China",shallow,55.00000000000001,0,SCEDC-01,0,1787090395492,mb,reviewed,us,0.3653846153846154
nc75420867,2.54,17.4599990844727,-118.692497253418,37.3466682434082,99.0,0.0,0.0,93.0,0.2254,15.0,0,"11 km SW of Round Valley, CA",11 km SW,"Round Valley, CA",shallow,31.75,0,PNSN-07,1,1787090099120,md,automatic,nc,0.007692307692307699
us6000tlrj,5.5,6.0,95.5438,37.8333,650.0,0.0,0.0,20.0,6.795,120.0,0,"269 km SSE of Dunhuang, China",269 km SSE,"Dunhuang, China",shallow,68.75,1,CEA-12,0,1787088987999,mwb,reviewed,us,0.5769230769230769
us6000tlre,4.7,35.0,121.3656,-8.1964,340.0,0.0,0.0,82.0,3.022,41.0,0,"78 km NNW of Ende, Indonesia",78 km NNW,"Ende, Indonesia",shallow,58.75,0,PNSN-07,9,1787087500682,mb,reviewed,us,0.4230769230769231
us6000tlty,2.7,3.304,-173.3927,51.3164,112.0,0.0,0.0,301.0,1.018,16.0,0,"112 km SSE of Atka, Alaska",112 km SSE,"Atka, Alaska",shallow,33.75,0,PNSN-07,2,1787087177322,ml,reviewed,us,0.03846153846153849
aka2026qioxsy,2.9,38.1,-150.11,61.332,132.0,10.0,2.8,19.0,0.2,139.0,0,"7 km WSW of Point MacKenzie, Alaska",7 km WSW,"Point MacKenzie, Alaska",shallow,36.25,0,PNSN-07,1,1787086600138,ml,reviewed,ak,0.0769230769230769
aka2026qiopfk,2.8,10.0,-172.036,52.147,121.0,0.0,0.0,208.0,1.3,12.0,0,"148 km E of Atka, Alaska",148 km E,"Atka, Alaska",shallow,35.0,0,SCEDC-01,8,1787085984164,ml,reviewed,ak,0.057692307692307654
us6000tlqv,4.8,56.415,121.2814,-8.306,354.0,0.0,0.0,75.0,3.282,33.0,0,"72 km NW of Ende, Indonesia",72 km NW,"Ende, Indonesia",shallow,60.0,0,SCEDC-01,8,1787084146995,mb,reviewed,us,0.44230769230769224
us6000tlqq,5.3,195.937,70.7551,36.5535,433.0,2.0,3.4,22.0,2.232,99.0,0,"35 km SSW of Jurm, Afghanistan",35 km SSW,"Jurm, Afghanistan",intermediate,66.25,1,SCEDC-01,9,1787082669478,mww,reviewed,us,0.5384615384615384
aka2026qildly,2.9,49.3,-150.174,60.762,129.0,1.0,1.0,44.0,0.4,116.0,0,"33 km ESE of Point Possession, Alaska",33 km ESE,"Point Possession, Alaska",shallow,36.25,0,CEA-12,6,1787079792652,ml,reviewed,ak,0.0769230769230769
us6000tlqk,4.9,10.0,121.2432,-8.2942,369.0,0.0,0.0,75.0,3.321,66.0,0,"76 km NW of Ende, Indonesia",76 km NW,"Ende, Indonesia",shallow,61.25000000000001,0,CEA-12,5,1787079787854,mww,reviewed,us,0.46153846153846156
us6000tn65,4.4,10.0,120.8504,-8.4566,298.0,0.0,0.0,142.0,3.275,15.0,0,"45 km ENE of Ruteng, Indonesia",45 km ENE,"Ruteng, Indonesia",shallow,55.00000000000001,0,SCEDC-01,10,1787077787455,mb,reviewed,us,0.3653846153846154
us6000tn61,4.1,10.0,120.2543,-8.1915,259.0,0.0,0.0,151.0,3.196,14.0,0,"51 km NNW of Ruteng, Indonesia",51 km NNW,"Ruteng, Indonesia",shallow,51.24999999999999,0,USGS-WEST,14,1787076953458,mb,reviewed,us,0.3076923076923076
us6000tn63,4.1,10.0,120.5816,-8.5977,259.0,0.0,0.0,158.0,3.435,10.0,0,"12 km E of Ruteng, Indonesia",12 km E,"Ruteng, Indonesia",shallow,51.24999999999999,0,SCEDC-01,12,1787076772512,mb,reviewed,us,0.3076923076923076
us6000tn60,4.6,10.0,-175.0821,-24.7454,326.0,0.0,0.0,100.0,5.151,19.0,0,south of Tonga,south,Tonga,shallow,57.49999999999999,0,,,1787076236304,mb,reviewed,us,0.40384615384615374
us6000tn62,4.5,10.0,138.6099,9.8147,312.0,0.0,0.0,118.0,8.84,23.0,0,"62 km ENE of Colonia, Micronesia",62 km ENE,"Colonia, Micronesia",shallow,56.25,0,USGS-WEST,13,1787076068074,mb,reviewed,us,0.3846153846153846
nn00923448,2.54,7.097,-119.013,39.3336,99.0,0.0,0.0,73.0,0.074,25.0,0,"20 km ESE of Silver Springs, Nevada",20 km ESE,"Silver Springs, Nevada",shallow,31.75,0,PNSN-07,10,1787076014145,ml,reviewed,nn,0.007692307692307699
us6000tltv,2.5,14.959,-179.6501,51.0951,96.0,0.0,0.0,225.0,0.697,17.0,0,"226 km WSW of Adak, Alaska",226 km WSW,"Adak, Alaska",shallow,31.25,0,PNSN-07,10,1787075942282,ml,reviewed,us,0.0
pr71528918,3.42,33.93,-64.8475,19.0803333333333,180.0,0.0,0.0,255.0,0.691,9.0,0,"82 km N of Charlotte Amalie, U.S. Virgin Islands",82 km N,"Charlotte Amalie, U.S. Virgin Islands",shallow,42.75,0,CEA-12,,1787070806390,md,reviewed,pr,0.1769230769230769
nc75420662,2.61,28.0799999237061,-123.223831176758,40.865665435791,105.0,0.0,0.0,45.0,0.1069,21.0,0,"28 km WNW of Weaverville, CA",28 km WNW,"Weaverville, CA",shallow,32.625,0,USGS-WEST,12,1787068757630,md,automatic,nc,0.02115384615384613
nn00923438,2.77,6.125,-116.5121,38.4421,118.0,0.0,0.0,150.0,0.217,11.0,0,"75 km ENE of Tonopah, Nevada",75 km ENE,"Tonopah, Nevada",shallow,34.625,0,CEA-12,2,1787065923666,ml,reviewed,nn,0.051923076923076926
nc75420632,2.71,0.699999988079071,-124.988830566406,40.3638343811035,113.0,0.0,0.0,264.0,0.4998,33.0,0,"60 km W of Petrolia, CA",60 km W,"Petrolia, CA",shallow,33.875,0,PNSN-07,9,1787065186750,md,automatic,nc,0.04038461538461537
aka2026qicfyg,2.6,20.0,-173.727,51.468,104.0,0.0,0.0,292.0,0.8,17.0,0,"87 km SSE of Atka, Alaska",87 km SSE,"Atka, Alaska",shallow,32.5,0,PNSN-07,6,1787063776787,ml,reviewed,ak,0.019230769230769246
hv75020262,2.62,28.54,-155.405,19.2703333333333,106.0,0.0,0.0,81.0,0.03342,50.0,0,"10 km NE of Pāhala, Hawaii",10 km NE,"Pāhala, Hawaii",shallow,32.75,0,PNSN-07,10,1787062718540,ml,reviewed,hv,0.023076923076923096
us6000tlnz,4.3,45.866,76.6142,32.5029,284.0,0.0,0.0,122.0,3.033,46.0,0,"39 km WSW of Kyelang, India",39 km WSW,"Kyelang, India",shallow,53.75,0,PNSN-07,0,1787062203059,mb,reviewed,us,0.3461538461538461
us6000tlq9,3.2,10.0,176.9364,51.9189,158.0,0.0,0.0,186.0,0.975,19.0,0,"275 km ESE of Attu Station, Alaska",275 km ESE,"Attu Station, Alaska",shallow,40.0,0,PNSN-07,11,1787060435124,ml,reviewed,us,0.13461538461538464
ci41529160,2.69,0.74,-119.214,33.7623333333333,112.0,3.0,2.2,87.0,0.365,34.0,0,"35 km NNW of Santa Barbara Is., CA",35 km NNW,"Santa Barbara Is., CA",shallow,33.625,0,PNSN-07,7,1787058765770,ml,reviewed,ci,0.03653846153846153
us6000tlq8,3.4,25.542,-166.8684,53.1173,178.0,0.0,0.0,212.0,0.677,38.0,0,"87 km SSW of Unalaska, Alaska",87 km SSW,"Unalaska, Alaska",shallow,42.5,0,PNSN-07,,1787058316900,ml,reviewed,us,0.17307692307692304
aka2026qhzdez,2.6,10.3,-179.857,50.986,104.0,0.0,0.0,240.0,0.7,18.0,0,"244 km WSW of Adak, Alaska",244 km WSW,"Adak, Alaska",shallow,32.5,0,,,1787058193944,ml,reviewed,ak,0.019230769230769246
aka2026qhylnk,3.0,1.0,176.925,51.788,138.0,0.0,0.0,195.0,1.0,14.0,0,"280 km ESE of Attu Station, Alaska",280 km ESE,"Attu Station, Alaska",shallow,37.5,0,PNSN-07,14,1787056950509,ml,reviewed,ak,0.09615384615384615
aka2026qhydao,2.7,16.3,176.942,52.205,112.0,0.0,0.0,169.0,1.0,9.0,0,"264 km ESE of Attu Station, Alaska",264 km ESE,"Attu Station, Alaska",shallow,33.75,0,PNSN-07,0,1787056378857,ml,reviewed,ak,0.03846153846153849
aka2026qhxvyy,2.9,5.0,176.947,51.899,129.0,0.0,0.0,337.0,1.0,10.0,0,"276 km ESE of Attu Station, Alaska",276 km ESE,"Attu Station, Alaska",shallow,36.25,0,PNSN-07,,1787055887110,ml,reviewed,ak,0.0769230769230769
us6000tlnv,4.9,36.253,120.5751,-7.9051,369.0,0.0,0.0,62.0,2.986,42.0,0,"79 km N of Ruteng, Indonesia",79 km N,"Ruteng, Indonesia",shallow,61.25000000000001,0,CEA-12,5,1787054630174,mb,reviewed,us,0.46153846153846156
us6000tlmz,4.7,35.0,120.6328,-7.9812,340.0,0.0,0.0,63.0,3.075,41.0,0,"72 km NNE of Ruteng, Indonesia",72 km NNE,"Ruteng, Indonesia",shallow,58.75,0,CEA-12,14,1787054413955,mb,reviewed,us,0.4230769230769231
us6000tme3,4.8,10.0,-175.2897,-24.8258,354.0,0.0,0.0,123.0,4.991,27.0,0,south of Tonga,south,Tonga,shallow,60.0,0,CEA-12,11,1787054127398,mb,reviewed,us,0.44230769230769224
aka2026qhwbjb,2.5,11.6,-137.676,57.942,96.0,0.0,0.0,202.0,0.8,12.0,0,"83 km WSW of Elfin Cove, Alaska",83 km WSW,"Elfin Cove, Alaska",shallow,31.25,0,USGS-WEST,0,1787052665474,ml,reviewed,ak,0.0
us6000tlmt,4.7,10.259,120.3661,-7.8898,340.0,0.0,0.0,62.0,2.921,52.0,0,"80 km N of Ruteng, Indonesia",80 km N,"Ruteng, Indonesia",shallow,58.75,0,PNSN-07,2,1787051210913,mb,reviewed,us,0.4230769230769231
aka2026qhvavz,2.9,52.3,-177.872,51.364,129.0,0.0,0.0,203.0,0.4,36.0,0,"102 km SW of Adak, Alaska",102 km SW,"Adak, Alaska",shallow,36.25,0,PNSN-07,0,1787050830426,ml,reviewed,ak,0.0769230769230769
aka2026qhuzmh,2.7,4.6,176.925,51.913,112.0,0.0,0.0,187.0,1.0,8.0,0,"274 km ESE of Attu Station, Alaska",274 km ESE,"Attu Station, Alaska",shallow,33.75,0,CEA-12,13,1787050736466,ml,reviewed,ak,0.03846153846153849
aka2026qhutkf,3.3,5.0,176.286,51.986,168.0,0.0,0.0,193.0,1.4,14.0,0,"231 km ESE of Attu Station, Alaska",231 km ESE,"Attu Station, Alaska",shallow,41.25,0,SCEDC-01,8,1787050316221,ml,reviewed,ak,0.1538461538461538
us6000tlmq,4.7,10.0,-3.6598,37.1061,341.0,2.0,4.6,67.0,2.494,25.0,0,"1 km WSW of Alhendín, Spain",1 km WSW,"Alhendín, Spain",shallow,58.75,0,USGS-WEST,0,1787049583915,mb,reviewed,us,0.4230769230769231
aka2026qhtyhk,2.8,2.6,176.944,51.898,121.0,0.0,0.0,188.0,1.0,12.0,0,"276 km ESE of Attu Station, Alaska",276 km ESE,"Attu Station, Alaska",shallow,35.0,0,SCEDC-01,4,1787048855939,ml,reviewed,ak,0.057692307692307654
aka2026qhtscl,2.7,120.8,178.268,51.869,112.0,0.0,0.0,163.0,0.2,23.0,0,"Rat Islands, Aleutian Islands, Alaska",,"Rat Islands, Aleutian Islands, Alaska",intermediate,33.75,0,PNSN-07,7,1787048449991,ml,reviewed,ak,0.03846153846153849
us6000tlmc,4.6,10.0,-3.7084,37.0875,326.0,1.0,2.0,79.0,2.504,33.0,0,"5 km ENE of Escúzar, Spain",5 km ENE,"Escúzar, Spain",shallow,57.49999999999999,0,PNSN-07,9,1787045677659,mb,reviewed,us,0.40384615384615374
us6000tlma,3.3,35.0,-161.5087,54.4067,168.0,0.0,0.0,189.0,0.773,57.0,0,"89 km SE of King Cove, Alaska",89 km SE,"King Cove, Alaska",shallow,41.25,0,CEA-12,1,1787043885332,ml,reviewed,us,0.1538461538461538
us6000tlm6,4.5,130.03,-177.1264,-24.7429,312.0,0.0,0.0,132.0,4.541,37.0,0,south of the Fiji Islands,south,the Fiji Islands,intermediate,56.25,0,USGS-WEST,0,1787043755424,mb,reviewed,us,0.3846153846153846
us6000tlm3,4.8,33.11,120.4656,-7.9353,354.0,0.0,0.0,128.0,2.987,38.0,0,"74 km N of Ruteng, Indonesia",74 km N,"Ruteng, Indonesia",shallow,60.0,0,USGS-WEST,1,1787043699508,mb,reviewed,us,0.44230769230769224
us6000tllu,4.9,10.0,-3.6311,37.1786,384.0,26.0,5.6,62.0,2.429,58.0,0,"2 km WSW of Granada, Spain",2 km WSW,"Granada, Spain",shallow,61.25000000000001,0,USGS-WEST,14,1787042264898,mww,reviewed,us,0.46153846153846156
us6000tlm8,3.4,10.0,176.8919,51.8603,178.0,0.0,0.0,191.0,1.007,14.0,0,"275 km ESE of Attu Station, Alaska",275 km ESE,"Attu Station, Alaska",shallow,42.5,0,CEA-12,13,1787041905441,ml,reviewed,us,0.17307692307692304
pr71528888,2.53,16.48,-64.8353333333333,18.1481666666667,98.0,0.0,0.0,121.0,0.2335,5.0,0,"20 km SSW of Cruz Bay, U.S. Virgin Islands",20 km SSW,"Cruz Bay, U.S. Virgin Islands",shallow,31.624999999999996,0,SCEDC-01,0,1787040158150,md,reviewed,pr,0.005769230769230731
aka2026qhopyy,2.9,34.1,-153.987,56.585,129.0,0.0,0.0,188.0,0.1,45.0,0,"41 km SSE of Akhiok, Alaska",41 km SSE,"Akhiok, Alaska",shallow,36.25,0,,,1787039282428,ml,reviewed,ak,0.0769230769230769
us6000tll5,4.4,40.602,133.5244,-2.0424,298.0,0.0,0.0,127.0,1.543,27.0,0,"7 km N of Bintuni, Indonesia",7 km N,"Bintuni, Indonesia",shallow,55.00000000000001,0,USGS-WEST,12,1787038754876,mb,reviewed,us,0.3653846153846154
nc75420487,2.54,10.3000001907349,-120.17733001709,36.0536651611328,99.0,0.0,0.0,108.0,0.0973,45.0,0,"7 km NW of Avenal, CA",7 km NW,"Avenal, CA",shallow,31.75,0,SCEDC-01,0,1787038498310,md,automatic,nc,0.007692307692307699
us6000tlm5,2.7,26.104,-174.9696,51.671,112.0,0.0,0.0,225.0,0.672,17.0,0,"78 km SW of Atka, Alaska",78 km SW,"Atka, Alaska",shallow,33.75,0,,,1787037409170,ml,reviewed,us,0.03846153846153849
us6000tlva,3.8,17.389,-67.0068,10.6791,224.0,5.0,3.1,76.0,0.284,32.0,0,"8 km NNE of Catia La Mar, Venezuela",8 km NNE,"Catia La Mar, Venezuela",shallow,47.5,0,USGS-WEST,8,1787036836382,mb,reviewed,us,0.24999999999999994
us6000tll0,4.3,381.022,125.9428,-4.243,284.0,0.0,0.0,51.0,3.96,33.0,0,"241 km S of Sanana, Indonesia",241 km S,"Sanana, Indonesia",deep,53.75,0,PNSN-07,1,1787035539863,mb,reviewed,us,0.3461538461538461
us6000tlm2,3.2,10.0,176.2914,52.0286,158.0,0.0,0.0,190.0,1.375,14.0,0,"229 km ESE of Attu Station, Alaska",229 km ESE,"Attu Station, Alaska",shallow,40.0,0,,,1787033532320,ml,reviewed,us,0.13461538461538464
us6000tlkr,2.5,4.921,-107.0349,34.5876,96.0,0.0,0.0,51.0,0.234,35.0,0,"23 km W of Pueblitos, New Mexico",23 km W,"Pueblitos, New Mexico",shallow,31.25,0,CEA-12,15,1787033010256,ml,reviewed,us,0.0
us6000tlm1,3.0,10.0,176.9585,51.9024,138.0,0.0,0.0,187.0,0.963,13.0,0,"277 km ESE of Attu Station, Alaska",277 km ESE,"Attu Station, Alaska",shallow,37.5,0,PNSN-07,12,1787032986847,ml,reviewed,us,0.09615384615384615
us6000tlkt,5.6,10.0,98.416,-0.6858,482.0,0.0,0.0,137.0,2.148,42.0,0,"154 km SSE of Teluk Dalam, Indonesia",154 km SSE,"Teluk Dalam, Indonesia",shallow,70.0,1,SCEDC-01,2,1787032940229,mww,reviewed,us,0.596153846153846
us6000tlkq,4.0,35.138,-91.927,13.9935,246.0,0.0,0.0,148.0,2.086,51.0,0,"33 km S of Champerico, Guatemala",33 km S,"Champerico, Guatemala",shallow,50.0,0,PNSN-07,8,1787031745134,mb,reviewed,us,0.28846153846153844
us6000tlkl,5.7,10.0,-93.1475,14.2298,500.0,2.0,2.7,134.0,2.261,51.0,0,"95 km SW of Puerto Madero, Mexico",95 km SW,"Puerto Madero, Mexico",shallow,71.25,1,,,1787029352244,mww,reviewed,us,0.6153846153846154
pr71528893,2.98,16.19,-64.6568333333333,18.8298333333333,137.0,0.0,0.0,275.0,0.4089,4.0,0,"57 km NNE of Cruz Bay, U.S. Virgin Islands",57 km NNE,"Cruz Bay, U.S. Virgin Islands",shallow,37.25,0,PNSN-07,10,1787028586630,md,reviewed,pr,0.0923076923076923
us6000tllz,3.2,35.0,-174.2081,51.2036,158.0,0.0,0.0,219.0,1.0,19.0,0,"110 km S of Atka, Alaska",110 km S,"Atka, Alaska",shallow,40.0,0,SCEDC-01,3,1787027637872,ml,reviewed,us,0.13461538461538464
aka2026qhibyg,2.7,5.0,-169.554,64.899,112.0,0.0,0.0,243.0,1.8,9.0,0,"99 km SSW of Diomede, Alaska",99 km SSW,"Diomede, Alaska",shallow,33.75,0,USGS-WEST,2,1787027516488,ml,reviewed,ak,0.03846153846153849
aka2026qhhxol,2.6,15.6,-176.224,50.378,104.0,0.0,0.0,288.0,1.5,16.0,0,"168 km S of Adak, Alaska",168 km S,"Adak, Alaska",shallow,32.5,0,PNSN-07,2,1787027219968,ml,reviewed,ak,0.019230769230769246
us6000tllw,2.7,4.814,176.9266,51.8572,112.0,0.0,0.0,190.0,0.986,15.0,0,"277 km ESE of Attu Station, Alaska",277 km ESE,"Attu Station, Alaska",shallow,33.75,0,CEA-12,15,1787025908113,ml,reviewed,us,0.03846153846153849
aka2026qhglnv,2.6,20.0,-173.413,51.526,104.0,0.0,0.0,307.0,0.8,15.0,0,"92 km SE of Atka, Alaska",92 km SE,"Atka, Alaska",shallow,32.5,0,PNSN-07,4,1787024578516,ml,reviewed,ak,0.019230769230769246
us6000tlkf,3.1,5.0,-106.9376,34.5679,149.0,6.0,2.2,93.0,0.154,21.0,0,"15 km WSW of Pueblitos, New Mexico",15 km WSW,"Pueblitos, New Mexico",shallow,38.75,0,,,1787024413636,ml,reviewed,us,0.11538461538461539
pr2026230000,3.87,103.0,-68.9501,18.3641,230.0,0.0,0.0,215.0,0.5881,15.0,0,"7 km SSE of La Romana, Dominican Republic",7 km SSE,"La Romana, Dominican Republic",intermediate,48.375,0,PNSN-07,7,1787023987490,md,reviewed,pr,0.26346153846153847
us6000tllm,3.1,35.0,-160.188,54.4449,148.0,0.0,0.0,227.0,1.2,25.0,0,"101 km SSE of Sand Point, Alaska",101 km SSE,"Sand Point, Alaska",shallow,38.75,0,,,1787021312748,ml,reviewed,us,0.11538461538461539
us6000tlk5,4.8,34.063,120.2573,-8.2434,354.0,0.0,0.0,81.0,3.247,28.0,0,"46 km NNW of Ruteng, Indonesia",46 km NNW,"Ruteng, Indonesia",shallow,60.0,0,SCEDC-01,4,1787020958032,mb,reviewed,us,0.44230769230769224
aka2026qhebzw,2.9,3.3,-154.087,68.025,129.0,0.0,0.0,40.0,0.8,41.0,0,"98 km W of Anaktuvuk Pass, Alaska",98 km W,"Anaktuvuk Pass, Alaska",shallow,36.25,0,,,1787020300814,ml,reviewed,ak,0.0769230769230769
aka2026qhdrkl,2.5,61.2,-173.039,51.887,96.0,0.0,0.0,324.0,0.8,11.0,0,"86 km ESE of Atka, Alaska",86 km ESE,"Atka, Alaska",shallow,31.25,0,CEA-12,11,1787019578227,ml,reviewed,ak,0.0
aka2026qhcyts,3.0,10.0,-146.865,67.624,138.0,0.0,0.0,93.0,1.0,42.0,0,"70 km NNW of Venetie, Alaska",70 km NNW,"Venetie, Alaska",shallow,37.5,0,CEA-12,2,1787018303030,ml,reviewed,ak,0.09615384615384615
pr71528848,3.42,45.06,-65.7171666666667,19.417,180.0,0.0,0.0,259.0,1.178,16.0,0,"110 km N of Suárez, Puerto Rico",110 km N,"Suárez, Puerto Rico",shallow,42.75,0,USGS-WEST,1,1787016778570,md,reviewed,pr,0.1769230769230769
us6000tljs,4.8,576.355,-179.0793,-22.0411,354.0,0.0,0.0,77.0,5.054,50.0,0,south of the Fiji Islands,south,the Fiji Islands,deep,60.0,0,USGS-WEST,4,1787015403872,mb,reviewed,us,0.44230769230769224
us6000tn4y,4.6,158.298,167.2353,-14.9125,326.0,0.0,0.0,152.0,6.272,19.0,0,"22 km NE of Port-Olry, Vanuatu",22 km NE,"Port-Olry, Vanuatu",intermediate,57.49999999999999,0,PNSN-07,,1787014078943,mb,reviewed,us,0.40384615384615374
us6000tll2,2.9,13.312,177.0749,51.8224,129.0,0.0,0.0,334.0,0.899,12.0,0,"288 km ESE of Attu Station, Alaska",288 km ESE,"Attu Station, Alaska",shallow,36.25,0,,,1787014039007,ml,reviewed,us,0.0769230769230769
us6000tll1,2.8,12.636,-162.5526,54.0145,121.0,0.0,0.0,247.0,0.941,25.0,0,"108 km SSE of False Pass, Alaska",108 km SSE,"False Pass, Alaska",shallow,35.0,0,USGS-WEST,4,1787013065456,ml,reviewed,us,0.057692307692307654
us6000tn4v,4.3,10.0,120.3453,-8.2749,284.0,0.0,0.0,141.0,3.293,17.0,0,"39 km NNW of Ruteng, Indonesia",39 km NNW,"Ruteng, Indonesia",shallow,53.75,0,PNSN-07,5,1787011406537,mb,reviewed,us,0.3461538461538461
us6000tlgm,5.3,10.0,138.3124,9.6219,433.0,2.0,5.6,42.0,4.262,83.0,0,"23 km ENE of Colonia, Micronesia",23 km ENE,"Colonia, Micronesia",shallow,66.25,1,PNSN-07,15,1787007191231,mww,reviewed,us,0.5384615384615384
us6000tml2,4.4,10.0,120.0514,-8.2519,298.0,0.0,0.0,132.0,3.23,18.0,0,"32 km NNE of Labuan Bajo, Indonesia",32 km NNE,"Labuan Bajo, Indonesia",shallow,55.00000000000001,0,PNSN-07,4,1787006920391,mb,reviewed,us,0.3653846153846154
aka2026qgwiqw,2.5,10.0,-164.443,53.423,96.0,0.0,0.0,288.0,1.0,10.0,0,"118 km SE of Akutan, Alaska",118 km SE,"Akutan, Alaska",shallow,31.25,0,PNSN-07,4,1787006382493,ml,reviewed,ak,0.0
aka2026qgwerx,3.0,13.0,-146.648,66.967,138.0,0.0,0.0,40.0,0.4,54.0,0,"11 km WSW of Venetie, Alaska",11 km WSW,"Venetie, Alaska",shallow,37.5,0,SCEDC-01,7,1787006116843,ml,reviewed,ak,0.09615384615384615
us6000tml1,4.2,10.0,121.3439,-8.433,271.0,0.0,0.0,152.0,3.172,16.0,0,"57 km NW of Ende, Indonesia",57 km NW,"Ende, Indonesia",shallow,52.5,0,PNSN-07,8,1787005168825,mb,reviewed,us,0.3269230769230769
nc75420282,3.17,14.6700000762939,-124.85717010498,40.3349990844727,155.0,0.0,0.0,256.0,0.3962,49.0,0,"49 km W of Petrolia, CA",49 km W,"Petrolia, CA",shallow,39.625,0,PNSN-07,8,1787004790050,ml,automatic,nc,0.12884615384615383
us6000tlbz,5.1,85.946,151.4834,46.4513,400.0,0.0,0.0,51.0,6.021,112.0,0,Kuril Islands,,Kuril Islands,intermediate,63.74999999999999,1,,,1787002595316,mb,reviewed,us,0.4999999999999999
us6000tml0,4.5,10.0,120.1069,-7.9741,312.0,0.0,0.0,133.0,2.962,23.0,0,"62 km NNE of Labuan Bajo, Indonesia",62 km NNE,"Labuan Bajo, Indonesia",shallow,56.25,0,PNSN-07,14,1787000697844,mb,reviewed,us,0.3846153846153846
aka2026qgsene,4.5,57.9,-154.894,57.279,313.0,6.0,3.1,58.0,0.4,121.0,0,"41 km SW of Karluk, Alaska",41 km SW,"Karluk, Alaska",shallow,56.25,0,CEA-12,,1786998910038,ml,reviewed,ak,0.3846153846153846
usd0015efp,4.8,10.0,6.791,77.5754,355.0,1.0,2.9,70.0,1.711,62.0,0,"219 km WSW of Longyearbyen, Svalbard and Jan Mayen",219 km WSW,"Longyearbyen, Svalbard and Jan Mayen",shallow,60.0,0,,,1786996283274,mb,reviewed,us,0.44230769230769224
hv75019812,4.06,23.0,-155.827333333333,19.3153333333333,299.0,116.0,3.9,190.0,0.06508,51.0,0,"16 km SSE of Honaunau-Napoopoo, Hawaii",16 km SSE,"Honaunau-Napoopoo, Hawaii",shallow,50.74999999999999,0,CEA-12,8,1786994648290,ml,reviewed,hv,0.29999999999999993
usd0015efc,4.9,10.0,138.2886,9.7108,370.0,2.0,3.8,97.0,12.38,57.0,0,"28 km NE of Colonia, Micronesia",28 km NE,"Colonia, Micronesia",shallow,61.25000000000001,0,SCEDC-01,15,1786992671299,mb,reviewed,us,0.46153846153846156
aka2026qgodma,2.8,59.3,-151.609,59.716,121.0,0.0,0.0,60.0,0.3,56.0,0,"5 km NNW of Diamond Ridge, Alaska",5 km NNW,"Diamond Ridge, Alaska",shallow,35.0,0,CEA-12,9,1786991639199,ml,reviewed,ak,0.057692307692307654
usd0015ef3,4.6,496.552,117.2457,-7.0242,326.0,0.0,0.0,45.0,3.193,46.0,0,"155 km N of Pototano, Indonesia",155 km N,"Pototano, Indonesia",deep,57.49999999999999,0,PNSN-07,0,1786990205545,mb,reviewed,us,0.40384615384615374
pr71528818,2.6,12.82,-66.9606666666667,17.9473333333333,104.0,0.0,0.0,212.0,0.08225,8.0,0,"6 km WSW of Guánica, Puerto Rico",6 km WSW,"Guánica, Puerto Rico",shallow,32.5,0,PNSN-07,4,1786989787160,md,reviewed,pr,0.019230769230769246
us6000tmkh,4.2,10.0,120.7217,-7.7764,271.0,0.0,0.0,128.0,2.908,20.0,0,"96 km NNE of Ruteng, Indonesia",96 km NNE,"Ruteng, Indonesia",shallow,52.5,0,PNSN-07,13,1786976528182,mb,reviewed,us,0.3269230769230769
usd0015ee6,4.4,10.0,121.334,-8.3779,298.0,0.0,0.0,119.0,3.204,29.0,0,"62 km NW of Ende, Indonesia",62 km NW,"Ende, Indonesia",shallow,55.00000000000001,0,,,1786975948102,mb,reviewed,us,0.3653846153846154
usd0015ee2,5.0,10.0,120.345,-8.221,385.0,0.0,0.0,52.0,3.24,50.0,0,"45 km NNW of Ruteng, Indonesia",45 km NNW,"Ruteng, Indonesia",shallow,62.5,1,PNSN-07,5,1786975114247,mb,reviewed,us,0.4807692307692307
usd0015edx,4.4,114.355,126.229,5.0231,298.0,0.0,0.0,105.0,2.133,52.0,0,"94 km ESE of Sarangani, Philippines",94 km ESE,"Sarangani, Philippines",intermediate,55.00000000000001,0,CEA-12,0,1786973194652,mb,reviewed,us,0.3653846153846154
usd0015edt,4.9,30.025,120.6721,-8.2712,369.0,0.0,0.0,103.0,3.362,39.0,0,"44 km NNE of Ruteng, Indonesia",44 km NNE,"Ruteng, Indonesia",shallow,61.25000000000001,0,PNSN-07,6,1786971065572,mb,reviewed,us,0.46153846153846156
usd0015eds,4.9,10.0,120.3701,-8.0024,369.0,0.0,0.0,87.0,3.031,25.0,0,"68 km N of Ruteng, Indonesia",68 km N,"Ruteng, Indonesia",shallow,61.25000000000001,0,PNSN-07,0,1786970375566,mb,reviewed,us,0.46153846153846156
usd0015edq,5.8,54.741,159.7106,53.024,518.0,1.0,2.2,49.0,1.217,111.0,0,"72 km E of Petropavlovsk-Kamchatsky, Russia",72 km E,"Petropavlovsk-Kamchatsky, Russia",shallow,72.5,1,SCEDC-01,,1786970283466,mww,reviewed,us,0.6346153846153846
aka2026qgbqir,3.6,8.8,-145.377,69.66,199.0,0.0,0.0,92.0,0.3,63.0,0,"85 km SW of Kaktovik, Alaska",85 km SW,"Kaktovik, Alaska",shallow,45.0,0,CEA-12,5,1786969100553,ml,reviewed,ak,0.21153846153846154
ci40674370,2.54,6.8,-120.487,34.5343333333333,99.0,0.0,0.0,159.0,0.02224,39.0,0,"12 km SSW of Lompoc, CA",12 km SSW,"Lompoc, CA",shallow,31.75,0,USGS-WEST,1,1786968503600,ml,reviewed,ci,0.007692307692307699
usd0015edb,5.1,35.0,149.3577,-6.3769,400.0,0.0,0.0,121.0,4.741,67.0,0,"28 km SW of Kandrian, Papua New Guinea",28 km SW,"Kandrian, Papua New Guinea",shallow,63.74999999999999,1,PNSN-07,3,1786964423022,mb,reviewed,us,0.4999999999999999
usd0015ed8,5.4,10.0,120.4324,-7.9289,449.0,0.0,0.0,52.0,2.973,36.0,0,"75 km N of Ruteng, Indonesia",75 km N,"Ruteng, Indonesia",shallow,67.5,1,SCEDC-01,9,1786963489886,mb,reviewed,us,0.5576923076923077
usd0015ed7,5.2,10.0,120.5019,-7.8762,416.0,0.0,0.0,64.0,2.939,50.0,0,"81 km N of Ruteng, Indonesia",81 km N,"Ruteng, Indonesia",shallow,65.0,1,SCEDC-01,,1786963361971,mb,reviewed,us,0.5192307692307693
ci40674314,2.66,4.81,-120.475666666667,34.5345,109.0,1.0,2.2,142.0,0.02852,39.0,0,"12 km S of Lompoc, CA",12 km S,"Lompoc, CA",shallow,33.25,0,PNSN-07,7,1786959766870,ml,reviewed,ci,0.030769230769230795
aka2026qfvunv,2.9,102.1,-152.817,59.853,129.0,0.0,0.0,66.0,0.2,38.0,0,"55 km W of Anchor Point, Alaska",55 km W,"Anchor Point, Alaska",intermediate,36.25,0,CEA-12,8,1786958635901,ml,reviewed,ak,0.0769230769230769
usd0015ed1,4.8,10.0,121.5192,-8.3911,354.0,0.0,0.0,68.0,3.034,30.0,0,"52 km NNW of Ende, Indonesia",52 km NNW,"Ende, Indonesia",shallow,60.0,0,SCEDC-01,12,1786958165268,mb,reviewed,us,0.44230769230769224
usd0015ecv,4.5,23.728,121.1463,-8.3011,312.0,0.0,0.0,144.0,3.404,20.0,0,"82 km ENE of Ruteng, Indonesia",82 km ENE,"Ruteng, Indonesia",shallow,56.25,0,USGS-WEST,13,1786956720116,mb,reviewed,us,0.3846153846153846
usd0015ecs,4.4,516.333,-179.6951,-23.9232,298.0,0.0,0.0,117.0,5.531,66.0,0,south of the Fiji Islands,south,the Fiji Islands,deep,55.00000000000001,0,PNSN-07,0,1786955938769,mb,reviewed,us,0.3653846153846154
nc75419932,2.61,14.6300001144409,-121.996170043945,37.9486656188965,109.0,13.0,3.1,61.0,0.07918,94.0,0,"3 km SE of Concord, CA",3 km SE,"Concord, CA",shallow,32.625,0,CEA-12,1,1786954721880,md,automatic,nc,0.02115384615384613
pr2026229001,3.76,14.0,-64.4056,18.9161,218.0,0.0,0.0,278.0,0.4256,21.0,0,"76 km NNE of Cruz Bay, U.S. Virgin Islands",76 km NNE,"Cruz Bay, U.S. Virgin Islands",shallow,47.0,0,USGS-WEST,11,1786953776680,md,reviewed,pr,0.24230769230769225
usd0015ecm,4.3,239.64,-67.05,-21.4941,284.0,0.0,0.0,95.0,1.788,21.0,0,"105 km SW of Atocha, Bolivia",105 km SW,"Atocha, Bolivia",intermediate,53.75,0,PNSN-07,9,1786953551959,mb,reviewed,us,0.3461538461538461
usd0015ecj,4.6,370.457,135.6311,34.8761,326.0,1.0,1.0,85.0,1.24,128.0,0,"3 km NNE of Takatsuki, Japan",3 km NNE,"Takatsuki, Japan",deep,57.49999999999999,0,USGS-WEST,9,1786952179104,mb,reviewed,us,0.40384615384615374
usd0015ech,4.9,28.252,121.2007,-8.5254,369.0,0.0,0.0,51.0,3.265,47.0,0,"61 km NW of Ende, Indonesia",61 km NW,"Ende, Indonesia",shallow,61.25000000000001,0,PNSN-07,11,1786951232272,mb,reviewed,us,0.46153846153846156
aka2026qfrosr,3.0,89.6,-149.615,62.852,138.0,0.0,0.0,22.0,0.4,88.0,0,"51 km NNE of Chase, Alaska",51 km NNE,"Chase, Alaska",intermediate,37.5,0,SCEDC-01,,1786951036716,ml,reviewed,ak,0.09615384615384615
usd0015ecf,4.8,10.0,147.0932,14.5955,354.0,0.0,0.0,99.0,1.409,50.0,0,"159 km ESE of Saipan, Northern Mariana Islands",159 km ESE,"Saipan, Northern Mariana Islands",shallow,60.0,0,PNSN-07,13,1786949711062,mb,reviewed,us,0.44230769230769224
aka2026qfqrdq,2.5,15.5,-150.871,59.967,96.0,1.0,2.2,76.0,0.2,18.0,0,"13 km NNE of Fox River, Alaska",13 km NNE,"Fox River, Alaska",shallow,31.25,0,PNSN-07,14,1786949405442,ml,reviewed,ak,0.0
usd0015ebp,4.6,177.408,175.3138,-38.907,326.0,0.0,0.0,50.0,0.422,29.0,0,"43 km WNW of Turangi, New Zealand",43 km WNW,"Turangi, New Zealand",intermediate,57.49999999999999,0,PNSN-07,12,1786943921824,mb,reviewed,us,0.40384615384615374
usd0015ebn,4.4,35.0,121.7425,-9.7042,298.0,0.0,0.0,142.0,2.489,10.0,0,"95 km S of Ende, Indonesia",95 km S,"Ende, Indonesia",shallow,55.00000000000001,0,,,1786943368329,mb,reviewed,us,0.3653846153846154
aka2026qfngls,3.8,34.9,-150.655,59.604,240.0,59.0,3.1,135.0,0.1,59.0,0,"32 km E of Halibut Cove, Alaska",32 km E,"Halibut Cove, Alaska",shallow,47.5,0,PNSN-07,9,1786943269191,ml,reviewed,ak,0.24999999999999994
usd0015ebk,4.7,10.0,125.3812,24.0829,340.0,0.0,0.0,88.0,1.087,54.0,0,"78 km S of Miyakojima, Japan",78 km S,"Miyakojima, Japan",shallow,58.75,0,PNSN-07,4,1786942484948,mb,reviewed,us,0.4230769230769231
usd0015ebj,5.2,16.335,121.327,-8.2999,416.0,0.0,0.0,88.0,3.244,41.0,0,"70 km NNW of Ende, Indonesia",70 km NNW,"Ende, Indonesia",shallow,65.0,1,CEA-12,0,1786938484873,mb,reviewed,us,0.5192307692307693
usd0015ebi,5.3,10.0,121.407,-8.278,432.0,0.0,0.0,51.0,3.184,40.0,0,"68 km NNW of Ende, Indonesia",68 km NNW,"Ende, Indonesia",shallow,66.25,1,,,1786937799370,mb,reviewed,us,0.5384615384615384
usd0015ebh,4.9,10.0,121.0947,-8.0913,369.0,0.0,0.0,83.0,3.335,24.0,0,"90 km NE of Ruteng, Indonesia",90 km NE,"Ruteng, Indonesia",shallow,61.25000000000001,0,PNSN-07,,1786937633507,mb,reviewed,us,0.46153846153846156
aka2026qfjamr,3.1,133.9,-150.679,63.2,148.0,0.0,0.0,25.0,0.7,100.0,0,"64 km SE of Denali National Park, Alaska",64 km SE,"Denali National Park, Alaska",intermediate,38.75,0,SCEDC-01,15,1786935658287,ml,reviewed,ak,0.11538461538461539
usd0015ebf,4.2,10.0,121.5676,-8.4617,271.0,0.0,0.0,127.0,2.959,16.0,0,"43 km NNW of Ende, Indonesia",43 km NNW,"Ende, Indonesia",shallow,52.5,0,USGS-WEST,14,1786935508488,mb,reviewed,us,0.3269230769230769
usd0015ebc,4.8,29.528,120.2556,-7.8295,354.0,0.0,0.0,130.0,4.402,21.0,0,"84 km NNE of Labuan Bajo, Indonesia",84 km NNE,"Labuan Bajo, Indonesia",shallow,60.0,0,SCEDC-01,1,1786934360044,mb,reviewed,us,0.44230769230769224
aka2026qfihcb,2.7,94.3,-151.332,60.901,112.0,0.0,0.0,21.0,0.2,75.0,0,"21 km SSW of Tyonek, Alaska",21 km SSW,"Tyonek, Alaska",intermediate,33.75,0,USGS-WEST,6,1786934314907,ml,reviewed,ak,0.03846153846153849
aka2026qfhjhd,3.5,1.1,-143.311,60.171,188.0,0.0,0.0,80.0,0.1,79.0,0,"141 km ESE of Cordova, Alaska",141 km ESE,"Cordova, Alaska",shallow,43.75,0,SCEDC-01,2,1786932666505,ml,reviewed,ak,0.1923076923076923
pr71528753,3.14,36.12,-64.9165,18.709,152.0,0.0,0.0,218.0,0.3567,6.0,0,"40 km N of Charlotte Amalie, U.S. Virgin Islands",40 km N,"Charlotte Amalie, U.S. Virgin Islands",shallow,39.25,0,USGS-WEST,15,1786932615730,md,reviewed,pr,0.1230769230769231
usd0015eb3,4.6,10.0,120.4085,-7.7118,326.0,0.0,0.0,94.0,2.758,24.0,0,"99 km N of Ruteng, Indonesia",99 km N,"Ruteng, Indonesia",shallow,57.49999999999999,0,SCEDC-01,2,1786930932533,mb,reviewed,us,0.40384615384615374
pr2026229000,3.55,18.0,-64.9306,18.7603,194.0,0.0,0.0,215.0,0.4082,23.0,0,"46 km N of Charlotte Amalie, U.S. Virgin Islands",46 km N,"Charlotte Amalie, U.S. Virgin Islands",shallow,44.375,0,,,1786930821380,md,reviewed,pr,0.20192307692307687
usd0015eb2,4.5,10.0,120.4398,-7.8539,312.0,0.0,0.0,83.0,2.903,20.0,0,"83 km N of Ruteng, Indonesia",83 km N,"Ruteng, Indonesia",shallow,56.25,0,USGS-WEST,11,1786930261388,mb,reviewed,us,0.3846153846153846
usd0015eaz,4.2,10.0,69.5974,38.3307,271.0,0.0,0.0,90.0,2.065,19.0,0,"24 km ESE of Norak, Tajikistan",24 km ESE,"Norak, Tajikistan",shallow,52.5,0,SCEDC-01,,1786928491312,mb,reviewed,us,0.3269230769230769
usd0015eb0,4.5,10.0,121.0709,-1.3664,312.0,0.0,0.0,118.0,3.855,10.0,0,"35 km E of Poso, Indonesia",35 km E,"Poso, Indonesia",shallow,56.25,0,USGS-WEST,14,1786928489183,mb,reviewed,us,0.3846153846153846
us6000tmje,4.6,12.234,120.5271,-8.469,326.0,0.0,0.0,151.0,3.517,17.0,0,"17 km NNE of Ruteng, Indonesia",17 km NNE,"Ruteng, Indonesia",shallow,57.49999999999999,0,USGS-WEST,0,1786928360421,mb,reviewed,us,0.40384615384615374
us6000tmjb,4.5,10.872,120.4738,-7.7905,312.0,0.0,0.0,131.0,2.85,19.0,0,"90 km N of Ruteng, Indonesia",90 km N,"Ruteng, Indonesia",shallow,56.25,0,SCEDC-01,12,1786928194082,mb,reviewed,us,0.3846153846153846
us6000tmja,4.7,19.57,120.3418,-7.8322,340.0,1.0,2.7,80.0,2.86,23.0,0,"87 km N of Ruteng, Indonesia",87 km N,"Ruteng, Indonesia",shallow,58.75,0,PNSN-07,,1786927982293,mb,reviewed,us,0.4230769230769231
usd0015eay,5.5,5.134,121.441,-8.22,465.0,0.0,0.0,23.0,2.951,116.0,0,"73 km NNW of Ende, Indonesia",73 km NNW,"Ende, Indonesia",shallow,68.75,1,SCEDC-01,5,1786927599473,mww,reviewed,us,0.5769230769230769
usd0015eav,4.5,35.0,120.1614,-8.0332,312.0,0.0,0.0,83.0,3.027,21.0,0,"59 km NNE of Labuan Bajo, Indonesia",59 km NNE,"Labuan Bajo, Indonesia",shallow,56.25,0,SCEDC-01,2,1786926456445,mb,reviewed,us,0.3846153846153846
us6000tmj8,4.6,10.0,-174.2748,-23.2848,326.0,0.0,0.0,150.0,5.83,13.0,0,"226 km SSE of ‘Ohonua, Tonga",226 km SSE,"‘Ohonua, Tonga",shallow,57.49999999999999,0,SCEDC-01,4,1786926355708,mb,reviewed,us,0.40384615384615374
us6000tmj9,4.3,39.376,121.007,-8.1574,284.0,0.0,0.0,138.0,3.362,13.0,0,"78 km NE of Ruteng, Indonesia",78 km NE,"Ruteng, Indonesia",shallow,53.75,0,CEA-12,1,1786926117091,mb,reviewed,us,0.3461538461538461
aka2026qfdpnd,2.5,114.6,-151.962,61.119,96.0,0.0,0.0,57.0,0.5,42.0,0,"44 km W of Tyonek, Alaska",44 km W,"Tyonek, Alaska",intermediate,31.25,0,USGS-WEST,0,1786925902355,ml,reviewed,ak,0.0
usd0015eas,4.9,562.262,-178.7056,-17.7068,369.0,0.0,0.0,58.0,2.209,103.0,0,"213 km E of Levuka, Fiji",213 km E,"Levuka, Fiji",deep,61.25000000000001,0,PNSN-07,10,1786925287246,mb,reviewed,us,0.46153846153846156
us6000tmi4,4.2,10.0,120.7191,-8.607,271.0,0.0,0.0,119.0,3.311,13.0,0,"28 km E of Ruteng, Indonesia",28 km E,"Ruteng, Indonesia",shallow,52.5,0,PNSN-07,13,1786922947056,mb,reviewed,us,0.3269230769230769
us6000tmi3,4.3,10.192,120.9333,-8.6366,284.0,0.0,0.0,141.0,3.112,13.0,0,"51 km E of Ruteng, Indonesia",51 km E,"Ruteng, Indonesia",shallow,53.75,0,SCEDC-01,7,1786920261877,mb,reviewed,us,0.3461538461538461
us6000tmi2,4.2,10.0,122.4149,-6.7252,271.0,0.0,0.0,169.0,3.148,13.0,0,"141 km S of Baubau, Indonesia",141 km S,"Baubau, Indonesia",shallow,52.5,0,PNSN-07,6,1786918955770,mb,reviewed,us,0.3269230769230769
usd0015eaf,4.4,36.565,138.9837,-2.6124,298.0,0.0,0.0,99.0,1.72,18.0,0,"183 km W of Abepura, Indonesia",183 km W,"Abepura, Indonesia",shallow,55.00000000000001,0,CEA-12,1,1786917748493,mb,reviewed,us,0.3653846153846154
us6000tmhn,4.5,9.898,122.8775,-6.6575,312.0,0.0,0.0,123.0,3.371,17.0,0,"135 km SSE of Baubau, Indonesia",135 km SSE,"Baubau, Indonesia",shallow,56.25,0,PNSN-07,15,1786917185766,mb,reviewed,us,0.3846153846153846
usd0015eae,4.4,31.441,120.506,-8.1657,298.0,0.0,0.0,116.0,3.219,20.0,0,"49 km N of Ruteng, Indonesia",49 km N,"Ruteng, Indonesia",shallow,55.00000000000001,0,SCEDC-01,11,1786916925991,mb,reviewed,us,0.3653846153846154
usd0015eab,4.4,10.0,130.1863,33.4318,298.0,0.0,0.0,125.0,1.275,14.0,0,"14 km S of Maebaru-chūō, Japan",14 km S,"Maebaru-chūō, Japan",shallow,55.00000000000001,0,PNSN-07,10,1786916236420,mb,reviewed,us,0.3653846153846154
usd0015ea9,4.4,166.68,129.5388,-7.0957,298.0,0.0,0.0,122.0,2.582,28.0,0,"Kepulauan Babar, Indonesia",,"Kepulauan Babar, Indonesia",intermediate,55.00000000000001,0,PNSN-07,3,1786915699132,mb,reviewed,us,0.3653846153846154
usd0015ea6,4.5,174.627,-67.284,-24.352,312.0,0.0,0.0,61.0,1.617,43.0,0,"99 km W of San Antonio de los Cobres, Argentina",99 km W,"San Antonio de los Cobres, Argentina",intermediate,56.25,0,CEA-12,,1786914367026,mb,reviewed,us,0.3846153846153846
ci40674002,2.78,5.59,-117.589,34.0115,168.0,128.0,3.8,16.0,0.02376,131.0,0,"6 km SE of Ontario, CA",6 km SE,"Ontario, CA",shallow,34.75,0,SCEDC-01,6,1786912529250,ml,reviewed,ci,0.05384615384615381
pr71528708,2.65,23.74,-67.3435,18.3508333333333,108.0,0.0,0.0,139.0,0.08982,13.0,0,"9 km W of Rincón, Puerto Rico",9 km W,"Rincón, Puerto Rico",shallow,33.125,0,USGS-WEST,5,1786912329060,md,reviewed,pr,0.028846153846153827
nc75419622,2.6,17.1499996185303,-124.90299987793,40.4930000305176,104.0,0.0,0.0,255.0,0.4317,45.0,0,"55 km W of Ferndale, CA",55 km W,"Ferndale, CA",shallow,32.5,0,,,1786911705850,md,automatic,nc,0.019230769230769246
pr71528693,3.2,29.89,-64.5618333333333,18.2135,158.0,0.0,0.0,276.0,0.2129,11.0,0,"27 km ESE of Cruz Bay, U.S. Virgin Islands",27 km ESE,"Cruz Bay, U.S. Virgin Islands",shallow,40.0,0,PNSN-07,3,1786904335410,md,reviewed,pr,0.13461538461538464
usd0015e9a,4.9,9.309,120.4602,-7.9109,369.0,0.0,0.0,52.0,2.962,35.0,0,"77 km N of Ruteng, Indonesia",77 km N,"Ruteng, Indonesia",shallow,61.25000000000001,0,SCEDC-01,0,1786901175105,mb,reviewed,us,0.46153846153846156
usd0015e96,4.9,10.0,-20.3712,-22.5775,369.0,0.0,0.0,45.0,19.852,37.0,0,South Atlantic Ocean,,South Atlantic Ocean,shallow,61.25000000000001,0,,,1786900267915,mb,reviewed,us,0.46153846153846156
usd0015e8n,5.2,35.0,-92.969,14.4177,416.0,0.0,0.0,153.0,2.02,58.0,0,"67 km WSW of Puerto Madero, Mexico",67 km WSW,"Puerto Madero, Mexico",shallow,65.0,1,,,1786895573557,mww,reviewed,us,0.5192307692307693
hv75019517,3.03,41.14,-155.675,20.2526666666667,141.0,0.0,0.0,273.0,0.1589,51.0,0,"11 km E of Hala‘ula, Hawaii",11 km E,"Hala‘ula, Hawaii",shallow,37.875,0,USGS-WEST,7,1786893930450,ml,reviewed,hv,0.10192307692307688
pr71528688,3.05,6.96,-67.3213333333333,18.1488333333333,143.0,0.0,0.0,162.0,0.1811,31.0,0,"16 km WNW of Puerto Real, Puerto Rico",16 km WNW,"Puerto Real, Puerto Rico",shallow,38.125,0,CEA-12,15,1786892783190,md,reviewed,pr,0.10576923076923073
pr71528673,3.14,24.45,-66.7815,19.002,152.0,0.0,0.0,233.0,0.5741,20.0,0,"57 km N of Hatillo, Puerto Rico",57 km N,"Hatillo, Puerto Rico",shallow,39.25,0,SCEDC-01,9,1786892691100,md,reviewed,pr,0.1230769230769231
pr71528658,3.16,7.4,-67.3278333333333,18.147,154.0,0.0,0.0,164.0,0.1875,34.0,0,"16 km WNW of Puerto Real, Puerto Rico",16 km WNW,"Puerto Real, Puerto Rico",shallow,39.5,0,,,1786892357730,md,reviewed,pr,0.12692307692307694
aka2026qeknuv,2.5,5.0,-139.091,61.205,96.0,0.0,0.0,94.0,0.2,33.0,0,"188 km N of Yakutat, Alaska",188 km N,"Yakutat, Alaska",shallow,31.25,0,PNSN-07,6,1786891600819,ml,reviewed,ak,0.0
usd0015e86,5.0,10.0,120.7797,-7.8874,385.0,0.0,0.0,55.0,3.032,60.0,0,"87 km NNE of Ruteng, Indonesia",87 km NNE,"Ruteng, Indonesia",shallow,62.5,1,,,1786887519283,mb,reviewed,us,0.4807692307692307
aka2026qeguys,3.1,5.8,-150.766,60.908,148.0,1.0,0.0,39.0,0.2,108.0,0,"4 km WSW of Point Possession, Alaska",4 km WSW,"Point Possession, Alaska",shallow,38.75,0,SCEDC-01,,1786884898365,ml,reviewed,ak,0.11538461538461539
usd0015e7x,4.5,10.0,120.5903,-7.5415,312.0,0.0,0.0,82.0,2.645,19.0,0,"119 km N of Ruteng, Indonesia",119 km N,"Ruteng, Indonesia",shallow,56.25,0,USGS-WEST,,1786883871682,mb,reviewed,us,0.3846153846153846
aka2026qefkgq,2.8,132.1,-150.646,63.199,121.0,0.0,0.0,27.0,0.4,92.0,0,"66 km SE of Denali National Park, Alaska",66 km SE,"Denali National Park, Alaska",intermediate,35.0,0,PNSN-07,,1786882358878,ml,reviewed,ak,0.057692307692307654
usd0015e7s,4.7,10.0,120.2356,-7.8283,340.0,0.0,0.0,100.0,2.837,23.0,0,"83 km NNE of Labuan Bajo, Indonesia",83 km NNE,"Labuan Bajo, Indonesia",shallow,58.75,0,,,1786879271806,mb,reviewed,us,0.4230769230769231
usd0015e7q,4.9,10.0,120.8509,-7.6716,369.0,0.0,0.0,98.0,2.857,26.0,0,"112 km NNE of Ruteng, Indonesia",112 km NNE,"Ruteng, Indonesia",shallow,61.25000000000001,0,PNSN-07,9,1786878706392,mb,reviewed,us,0.46153846153846156
usd0015e7p,5.5,147.71,146.7882,-5.5432,466.0,1.0,3.1,28.0,3.524,91.0,0,"116 km ESE of Madang, Papua New Guinea",116 km ESE,"Madang, Papua New Guinea",intermediate,68.75,1,PNSN-07,7,1786877951283,mww,reviewed,us,0.5769230769230769
aka2026qectoa,3.3,2.4,-154.795,65.691,168.0,0.0,0.0,29.0,0.2,56.0,0,"46 km SSW of Hughes, Alaska",46 km SSW,"Hughes, Alaska",shallow,41.25,0,USGS-WEST,9,1786877766045,ml,reviewed,ak,0.1538461538461538
usd0015e7k,5.1,10.0,120.5504,-7.8791,400.0,0.0,0.0,64.0,2.955,54.0,0,"81 km N of Ruteng, Indonesia",81 km N,"Ruteng, Indonesia",shallow,63.74999999999999,1,SCEDC-01,8,1786876294822,mb,reviewed,us,0.4999999999999999
usd0015e7j,5.3,10.0,120.5995,-7.9399,432.0,0.0,0.0,41.0,3.026,91.0,0,"75 km NNE of Ruteng, Indonesia",75 km NNE,"Ruteng, Indonesia",shallow,66.25,1,USGS-WEST,8,1786875276343,mww,reviewed,us,0.5384615384615384
usd0015e7e,4.0,16.424,-109.2716,31.2009,246.0,0.0,0.0,118.0,0.174,37.0,0,"30 km ESE of Agua Prieta, Mexico",30 km ESE,"Agua Prieta, Mexico",shallow,50.0,0,PNSN-07,5,1786874258788,mb,reviewed,us,0.28846153846153844
aka2026qdxqmy,3.1,73.2,-155.568,57.238,148.0,0.0,0.0,65.0,0.7,44.0,0,"76 km WSW of Karluk, Alaska",76 km WSW,"Karluk, Alaska",intermediate,38.75,0,USGS-WEST,0,1786868383656,ml,reviewed,ak,0.11538461538461539
usd0015e6s,4.6,130.097,146.3275,-5.5296,326.0,0.0,0.0,51.0,3.615,68.0,0,"68 km ESE of Madang, Papua New Guinea",68 km ESE,"Madang, Papua New Guinea",intermediate,57.49999999999999,0,USGS-WEST,7,1786867610468,mb,reviewed,us,0.40384615384615374
aka2026qdxfcm,3.5,42.1,-158.501,55.581,188.0,0.0,0.0,177.0,0.7,44.0,0,"54 km SE of Perryville, Alaska",54 km SE,"Perryville, Alaska",shallow,43.75,0,CEA-12,2,1786867540676,ml,reviewed,ak,0.1923076923076923
aka2026qdwywz,2.7,130.0,-150.858,63.109,112.0,0.0,0.0,29.0,0.4,105.0,0,"64 km SE of Denali National Park, Alaska",64 km SE,"Denali National Park, Alaska",intermediate,33.75,0,SCEDC-01,4,1786867179395,ml,reviewed,ak,0.03846153846153849
us6000tmgq,4.1,16.548,120.3125,-7.9792,259.0,0.0,0.0,125.0,2.998,13.0,0,"71 km NNW of Ruteng, Indonesia",71 km NNW,"Ruteng, Indonesia",shallow,51.24999999999999,0,,,1786864524695,mb,reviewed,us,0.3076923076923076
us6000tmgm,4.1,10.0,120.286,-8.2729,259.0,0.0,0.0,120.0,3.281,12.0,0,"42 km NNW of Ruteng, Indonesia",42 km NNW,"Ruteng, Indonesia",shallow,51.24999999999999,0,USGS-WEST,4,1786863594211,mb,reviewed,us,0.3076923076923076
us6000tl6a,5.5,11.509,120.5537,-7.8982,465.0,0.0,0.0,42.0,2.974,68.0,0,"79 km N of Ruteng, Indonesia",79 km N,"Ruteng, Indonesia",shallow,68.75,1,SCEDC-01,11,1786863107123,mww,reviewed,us,0.5769230769230769
ci40673610,2.75,2.67,-117.841833333333,36.0678333333333,116.0,1.0,0.0,41.0,0.05075,34.0,0,"10 km ENE of Coso Junction, CA",10 km ENE,"Coso Junction, CA",shallow,34.375,0,SCEDC-01,11,1786862973270,ml,reviewed,ci,0.04807692307692307
nc75419292,2.53,7.01,-120.721166666667,35.4388333333333,114.0,61.0,2.6,37.0,0.04742,64.0,0,"7 km SW of Atascadero, CA",7 km SW,"Atascadero, CA",shallow,31.624999999999996,0,PNSN-07,7,1786862497550,md,reviewed,nc,0.005769230769230731
us6000tmgl,4.4,13.787,121.284,-8.1905,298.0,0.0,0.0,99.0,3.332,12.0,0,"83 km NNW of Ende, Indonesia",83 km NNW,"Ende, Indonesia",shallow,55.00000000000001,0,PNSN-07,1,1786862120965,mb,reviewed,us,0.3653846153846154
us6000tl61,4.5,36.184,120.9856,-7.8959,312.0,0.0,0.0,84.0,3.114,20.0,0,"97 km NE of Ruteng, Indonesia",97 km NE,"Ruteng, Indonesia",shallow,56.25,0,,,1786861514999,mb,reviewed,us,0.3846153846153846
aka2026qdtkba,2.6,19.9,-166.628,53.087,104.0,0.0,0.0,230.0,0.7,25.0,0,"87 km S of Unalaska, Alaska",87 km S,"Unalaska, Alaska",shallow,32.5,0,USGS-WEST,12,1786860752895,ml,reviewed,ak,0.019230769230769246
us6000tl5y,4.2,96.598,146.7206,-6.313,271.0,0.0,0.0,146.0,3.102,23.0,0,"54 km NW of Lae, Papua New Guinea",54 km NW,"Lae, Papua New Guinea",intermediate,52.5,0,CEA-12,14,1786859943538,mb,reviewed,us,0.3269230769230769
us6000tla9,2.8,10.0,-149.7201,56.206,121.0,0.0,0.0,263.0,2.226,23.0,0,"220 km SE of Chiniak, Alaska",220 km SE,"Chiniak, Alaska",shallow,35.0,0,CEA-12,1,1786858786484,ml,reviewed,us,0.057692307692307654
aka2026qdrzfl,2.5,38.2,-150.042,61.367,97.0,3.0,2.2,25.0,0.2,92.0,0,"3 km WNW of Point MacKenzie, Alaska",3 km WNW,"Point MacKenzie, Alaska",shallow,31.25,0,PNSN-07,7,1786858206220,ml,reviewed,ak,0.0
tx2026qbbjvl,2.6,6.0999,-104.492,31.672,104.0,1.0,2.0,71.0,0.0,40.0,0,"56 km S of Whites City, New Mexico",56 km S,"Whites City, New Mexico",shallow,32.5,0,CEA-12,12,1786855832165,ml,reviewed,tx,0.019230769230769246
us6000tl5f,2.6,5.765,-110.7645,43.5327,123.0,50.0,3.8,48.0,0.073,46.0,0,"5 km N of Jackson, Wyoming",5 km N,"Jackson, Wyoming",shallow,32.5,0,USGS-WEST,10,1786854845414,ml,reviewed,us,0.019230769230769246
us6000tl58,4.1,10.0,9.9725,44.1198,268.0,24.0,3.8,88.0,0.758,30.0,0,"1 km NE of Sarzana, Italy",1 km NE,"Sarzana, Italy",shallow,51.24999999999999,0,CEA-12,7,1786852165874,mb,reviewed,us,0.3076923076923076
us6000tl55,5.0,10.0,121.5082,-8.4615,385.0,0.0,0.0,76.0,3.013,28.0,0,"45 km NNW of Ende, Indonesia",45 km NNW,"Ende, Indonesia",shallow,62.5,1,PNSN-07,12,1786851779885,mb,reviewed,us,0.4807692307692307
us6000tl4w,6.1,188.148,167.1934,-14.5474,573.0,1.0,3.4,53.0,6.582,75.0,0,"56 km NNE of Port-Olry, Vanuatu",56 km NNE,"Port-Olry, Vanuatu",intermediate,76.25,1,SCEDC-01,15,1786850424373,mww,reviewed,us,0.6923076923076922
aka2026qdnkjd,2.6,7.7,-161.483,54.316,104.0,0.0,0.0,252.0,0.9,12.0,0,"98 km SSE of King Cove, Alaska",98 km SSE,"King Cove, Alaska",shallow,32.5,0,SCEDC-01,12,1786849969804,ml,reviewed,ak,0.019230769230769246
aka2026qdnfmv,2.5,19.5,-163.168,54.012,96.0,0.0,0.0,274.0,0.7,13.0,0,"95 km S of False Pass, Alaska",95 km S,"False Pass, Alaska",shallow,31.25,0,PNSN-07,6,1786849643582,ml,reviewed,ak,0.0
aka2026qdmxem,3.0,93.0,-174.148,51.782,138.0,0.0,0.0,200.0,0.4,26.0,0,"46 km S of Atka, Alaska",46 km S,"Atka, Alaska",intermediate,37.5,0,USGS-WEST,2,1786849067518,ml,reviewed,ak,0.09615384615384615
pr71528643,2.68,11.19,-66.9438333333333,17.9698333333333,110.0,0.0,0.0,184.0,0.03357,15.0,0,"3 km SW of Fuig, Puerto Rico",3 km SW,"Fuig, Puerto Rico",shallow,33.5,0,USGS-WEST,7,1786845246020,md,reviewed,pr,0.034615384615384645
pr71528633,2.85,13.55,-66.9413333333333,17.953,125.0,0.0,0.0,181.0,0.03651,26.0,0,"4 km WSW of Guánica, Puerto Rico",4 km WSW,"Guánica, Puerto Rico",shallow,35.625,0,PNSN-07,12,1786844325770,md,reviewed,pr,0.06730769230769232
aka2026qdkaum,3.4,18.4,-176.42,51.372,178.0,0.0,0.0,215.0,0.5,37.0,0,"57 km SSE of Adak, Alaska",57 km SSE,"Adak, Alaska",shallow,42.5,0,CEA-12,10,1786843921068,ml,reviewed,ak,0.17307692307692304
nc75419132,2.73,10.0,-125.174,40.405,115.0,0.0,0.0,250.0,0.6403,78.0,0,"76 km W of Petrolia, CA",76 km W,"Petrolia, CA",shallow,34.125,0,USGS-WEST,13,1786843206250,md,reviewed,nc,0.044230769230769226
hv75019372,3.01,7.98,-155.353166666667,19.4298333333333,142.0,9.0,2.5,48.0,0.05523,49.0,0,"12 km W of Volcano, Hawaii",12 km W,"Volcano, Hawaii",shallow,37.625,0,SCEDC-01,14,1786840326750,ml,reviewed,hv,0.09807692307692303
aka2026qdhwxa,2.6,23.6,-163.814,53.619,104.0,0.0,0.0,246.0,1.0,15.0,0,"139 km S of False Pass, Alaska",139 km S,"False Pass, Alaska",shallow,32.5,0,CEA-12,5,1786840053136,ml,reviewed,ak,0.019230769230769246
us6000tl4c,4.2,146.651,-73.0936,6.8902,271.0,0.0,0.0,118.0,0.991,29.0,0,"11 km SSW of Piedecuesta, Colombia",11 km SSW,"Piedecuesta, Colombia",intermediate,52.5,0,SCEDC-01,14,1786839496411,mb,reviewed,us,0.3269230769230769
aka2026qdgwlf,2.7,20.0,-173.847,50.681,112.0,0.0,0.0,300.0,1.5,16.0,0,"170 km S of Atka, Alaska",170 km S,"Atka, Alaska",shallow,33.75,0,PNSN-07,1,1786838215535,ml,reviewed,ak,0.03846153846153849
us6000tl44,5.0,10.0,120.5156,-7.8894,385.0,0.0,0.0,64.0,2.955,47.0,0,"80 km N of Ruteng, Indonesia",80 km N,"Ruteng, Indonesia",shallow,62.5,1,PNSN-07,9,1786835574664,mb,reviewed,us,0.4807692307692307
aka2026qdeubb,3.4,20.0,176.285,51.839,178.0,0.0,0.0,202.0,1.4,22.0,0,"239 km ESE of Attu Station, Alaska",239 km ESE,"Attu Station, Alaska",shallow,42.5,0,PNSN-07,8,1786834460424,ml,reviewed,ak,0.17307692307692304
us6000tl43,5.4,10.0,138.224,9.6571,452.0,8.0,4.4,102.0,9.236,70.0,0,"19 km NE of Colonia, Micronesia",19 km NE,"Colonia, Micronesia",shallow,67.5,1,,,1786834375761,mww,reviewed,us,0.5576923076923077
us6000tl40,4.4,10.0,-90.984,13.189,298.0,0.0,0.0,204.0,1.369,53.0,0,"83 km SSW of Puerto San José, Guatemala",83 km SSW,"Puerto San José, Guatemala",shallow,55.00000000000001,0,PNSN-07,8,1786833924028,mb,reviewed,us,0.3653846153846154
aka2026qdeiyi,3.4,49.0,-150.272,60.964,179.0,6.0,2.2,28.0,0.2,156.0,0,"23 km E of Point Possession, Alaska",23 km E,"Point Possession, Alaska",shallow,42.5,0,USGS-WEST,6,1786833690803,ml,reviewed,ak,0.17307692307692304
hv75019342,3.73,30.64,-155.275,19.3421666666667,236.0,66.0,3.4,73.0,0.02549,59.0,0,"11 km SSW of Volcano, Hawaii",11 km SSW,"Volcano, Hawaii",shallow,46.625,0,PNSN-07,3,1786833125830,ml,reviewed,hv,0.23653846153846153
us6000tl3u,4.4,93.165,126.0929,5.173,298.0,0.0,0.0,114.0,1.952,30.0,0,"74 km ESE of Sarangani, Philippines",74 km ESE,"Sarangani, Philippines",intermediate,55.00000000000001,0,PNSN-07,9,1786831803063,mb,reviewed,us,0.3653846153846154
aka2026qdbuhc,2.5,22.6,-166.899,53.012,96.0,0.0,0.0,239.0,0.7,26.0,0,"98 km SSW of Unalaska, Alaska",98 km SSW,"Unalaska, Alaska",shallow,31.25,0,USGS-WEST,15,1786829073068,ml,reviewed,ak,0.0
us6000tl3n,4.7,10.0,120.5111,-7.8284,340.0,0.0,0.0,73.0,2.896,32.0,0,"86 km N of Ruteng, Indonesia",86 km N,"Ruteng, Indonesia",shallow,58.75,0,SCEDC-01,2,1786828112582,mb,reviewed,us,0.4230769230769231
us6000tl3k,4.5,10.0,120.4927,-8.0349,312.0,0.0,0.0,90.0,3.09,26.0,0,"63 km N of Ruteng, Indonesia",63 km N,"Ruteng, Indonesia",shallow,56.25,0,SCEDC-01,1,1786825784571,mb,reviewed,us,0.3846153846153846
us6000tl3g,4.4,15.605,120.6204,-8.3601,298.0,0.0,0.0,149.0,3.434,21.0,0,"32 km NNE of Ruteng, Indonesia",32 km NNE,"Ruteng, Indonesia",shallow,55.00000000000001,0,,,1786824867503,mb,reviewed,us,0.3653846153846154
us6000tl9k,3.3,154.923,-169.8699,52.9132,168.0,0.0,0.0,127.0,0.078,26.0,0,"67 km W of Nikolski, Alaska",67 km W,"Nikolski, Alaska",intermediate,41.25,0,,,1786824041207,ml,reviewed,us,0.1538461538461538
us6000tl3c,4.2,86.361,-70.8181,-28.2225,271.0,1.0,1.0,140.0,0.792,27.0,0,"39 km N of Vallenar, Chile",39 km N,"Vallenar, Chile",intermediate,52.5,0,PNSN-07,0,1786823871472,mb,reviewed,us,0.3269230769230769
us6000tl36,5.5,39.954,142.7868,23.4461,465.0,0.0,0.0,79.0,8.647,119.0,0,"Volcano Islands, Japan region",,"Volcano Islands, Japan region",shallow,68.75,1,CEA-12,0,1786822350371,mww,reviewed,us,0.5769230769230769
us6000tl32,4.2,10.0,120.2771,-8.2108,271.0,0.0,0.0,76.0,3.218,18.0,0,"48 km NNW of Ruteng, Indonesia",48 km NNW,"Ruteng, Indonesia",shallow,52.5,0,CEA-12,2,1786821353197,mb,reviewed,us,0.3269230769230769
pr71528623,3.43,8.06,-65.347,19.182,181.0,0.0,0.0,248.0,0.872,8.0,0,"97 km N of Culebra, Puerto Rico",97 km N,"Culebra, Puerto Rico",shallow,42.875,0,SCEDC-01,1,1786820697720,md,reviewed,pr,0.17884615384615388
us6000tl30,4.2,10.0,-92.9401,14.0581,271.0,0.0,0.0,206.0,2.343,53.0,0,"92 km SW of Puerto Madero, Mexico",92 km SW,"Puerto Madero, Mexico",shallow,52.5,0,SCEDC-01,13,1786820683241,mb,reviewed,us,0.3269230769230769
us6000tl33,4.4,10.0,120.5418,-8.2027,298.0,0.0,0.0,76.0,3.263,28.0,0,"45 km N of Ruteng, Indonesia",45 km N,"Ruteng, Indonesia",shallow,55.00000000000001,0,PNSN-07,4,1786819385132,mb,reviewed,us,0.3653846153846154
us6000tl9g,2.6,34.376,178.7957,51.4042,104.0,0.0,0.0,248.0,0.318,14.0,0,"Rat Islands, Aleutian Islands, Alaska",,"Rat Islands, Aleutian Islands, Alaska",shallow,32.5,0,PNSN-07,7,1786819375183,ml,reviewed,us,0.019230769230769246
us6000tl31,4.5,10.0,120.6399,-8.2203,312.0,0.0,0.0,88.0,3.305,18.0,0,"47 km NNE of Ruteng, Indonesia",47 km NNE,"Ruteng, Indonesia",shallow,56.25,0,CEA-12,7,1786819221369,mb,reviewed,us,0.3846153846153846
tx2026qagons,2.5,3.1982,-101.997,31.669,96.0,0.0,0.0,59.0,0.1,39.0,0,"37 km SSE of Midland, Texas",37 km SSE,"Midland, Texas",shallow,31.25,0,PNSN-07,1,1786817989601,ml,reviewed,tx,0.0
us6000tl2u,4.7,10.0,120.6775,-7.7671,340.0,0.0,0.0,81.0,2.885,30.0,0,"96 km NNE of Ruteng, Indonesia",96 km NNE,"Ruteng, Indonesia",shallow,58.75,0,CEA-12,8,1786816287384,mb,reviewed,us,0.4230769230769231
us6000tl2t,4.7,10.0,120.4122,-7.9256,340.0,0.0,0.0,74.0,2.966,27.0,0,"76 km N of Ruteng, Indonesia",76 km N,"Ruteng, Indonesia",shallow,58.75,0,PNSN-07,0,1786815854375,mb,reviewed,us,0.4230769230769231
us6000tl2s,4.6,10.0,160.018,51.4866,326.0,0.0,0.0,119.0,1.754,68.0,0,"194 km SE of Vilyuchinsk, Russia",194 km SE,"Vilyuchinsk, Russia",shallow,57.49999999999999,0,CEA-12,15,1786815701607,mb,reviewed,us,0.40384615384615374
us6000tl2p,4.5,10.0,121.4515,-8.3971,312.0,0.0,0.0,75.0,3.091,33.0,0,"54 km NNW of Ende, Indonesia",54 km NNW,"Ende, Indonesia",shallow,56.25,0,CEA-12,4,1786814467593,mb,reviewed,us,0.3846153846153846
us6000tl97,2.7,10.0,-148.6888,56.669,112.0,0.0,0.0,233.0,2.394,25.0,0,"241 km ESE of Chiniak, Alaska",241 km ESE,"Chiniak, Alaska",shallow,33.75,0,CEA-12,8,1786814087125,ml,reviewed,us,0.03846153846153849
hv75019242,3.42,36.3,-156.402666666667,19.521,181.0,5.0,2.0,239.0,0.3868,58.0,0,"44 km WSW of Kailua-Kona, Hawaii",44 km WSW,"Kailua-Kona, Hawaii",shallow,42.75,0,PNSN-07,3,1786813769280,ml,reviewed,hv,0.1769230769230769
us6000tl96,3.0,10.0,-163.7693,52.9417,138.0,0.0,0.0,234.0,1.609,18.0,0,"187 km SE of Akutan, Alaska",187 km SE,"Akutan, Alaska",shallow,37.5,0,SCEDC-01,3,1786813374759,ml,reviewed,us,0.09615384615384615
us6000tl2c,4.5,9.95,120.6878,-7.795,312.0,0.0,0.0,118.0,2.915,29.0,0,"93 km NNE of Ruteng, Indonesia",93 km NNE,"Ruteng, Indonesia",shallow,56.25,0,PNSN-07,7,1786813085970,mb,reviewed,us,0.3846153846153846
us6000tl2a,4.1,99.461,73.9208,38.6186,259.0,0.0,0.0,56.0,1.168,27.0,0,"49 km N of Murghob, Tajikistan",49 km N,"Murghob, Tajikistan",intermediate,51.24999999999999,0,PNSN-07,13,1786812446516,mb,reviewed,us,0.3076923076923076
us6000tl1s,5.7,72.017,120.2965,0.2087,501.0,3.0,2.5,21.0,5.216,213.0,0,"132 km NNE of Palu, Indonesia",132 km NNE,"Palu, Indonesia",intermediate,71.25,1,SCEDC-01,2,1786811118277,mww,reviewed,us,0.6153846153846154
aka2026qcrrax,2.7,10.0,-155.592,67.902,112.0,0.0,0.0,40.0,1.1,34.0,0,"123 km NNE of Kobuk, Alaska",123 km NNE,"Kobuk, Alaska",shallow,33.75,0,PNSN-07,10,1786810859893,ml,reviewed,ak,0.03846153846153849
us6000tl9j,3.3,10.0,-159.671,54.2879,168.0,0.0,0.0,195.0,1.538,52.0,0,"128 km SSE of Sand Point, Alaska",128 km SSE,"Sand Point, Alaska",shallow,41.25,0,PNSN-07,13,1786810662994,ml,reviewed,us,0.1538461538461538
us6000tl1p,4.9,10.0,121.3861,-8.2101,369.0,0.0,0.0,67.0,3.234,55.0,0,"76 km NNW of Ende, Indonesia",76 km NNW,"Ende, Indonesia",shallow,61.25000000000001,0,USGS-WEST,15,1786809152416,mb,reviewed,us,0.46153846153846156
us6000tl9i,2.5,35.0,-175.2039,51.6506,96.0,0.0,0.0,220.0,0.56,26.0,0,"91 km SW of Atka, Alaska",91 km SW,"Atka, Alaska",shallow,31.25,0,PNSN-07,7,1786808971788,ml,reviewed,us,0.0
us6000tl1m,4.4,599.718,-179.6043,-21.8345,298.0,0.0,0.0,108.0,4.628,47.0,0,Fiji region,,Fiji region,deep,55.00000000000001,0,PNSN-07,12,1786807292784,mb,reviewed,us,0.3653846153846154
us6000tl9d,2.9,35.0,-170.7738,52.0788,129.0,0.0,0.0,215.0,0.884,26.0,0,"161 km SW of Nikolski, Alaska",161 km SW,"Nikolski, Alaska",shallow,36.25,0,SCEDC-01,2,1786805216890,ml,reviewed,us,0.0769230769230769
aka2026qcnwxu,2.7,10.4,-179.641,50.828,112.0,0.0,0.0,245.0,0.9,25.0,0,"239 km WSW of Adak, Alaska",239 km WSW,"Adak, Alaska",shallow,33.75,0,PNSN-07,1,1786804070864,ml,reviewed,ak,0.03846153846153849
hv75019212,3.24,30.7299995422363,-155.488159179688,19.1389999389648,162.0,0.0,0.0,161.0,0.02954,56.0,0,"7 km S of Pāhala, Hawaii",7 km S,"Pāhala, Hawaii",shallow,40.5,0,PNSN-07,7,1786803859780,md,automatic,hv,0.14230769230769236
us6000tl9a,2.8,23.036,-179.6366,50.8713,121.0,0.0,0.0,239.0,0.84,35.0,0,"236 km WSW of Adak, Alaska",236 km WSW,"Adak, Alaska",shallow,35.0,0,USGS-WEST,5,1786803611156,ml,reviewed,us,0.057692307692307654
us6000tl99,2.7,5.0,-166.9377,53.3728,112.0,0.0,0.0,200.0,0.423,30.0,0,"61 km SSW of Unalaska, Alaska",61 km SSW,"Unalaska, Alaska",shallow,33.75,0,CEA-12,,1786803372242,ml,reviewed,us,0.03846153846153849
us6000tl19,4.5,171.398,129.8692,-6.5656,312.0,0.0,0.0,40.0,2.03,57.0,0,Banda Sea,,Banda Sea,intermediate,56.25,0,SCEDC-01,9,1786802186203,mb,reviewed,us,0.3846153846153846
hv75019202,2.81,30.0,-155.381500244141,19.1975002288818,121.0,0.0,0.0,172.0,0.04257,43.0,0,"10 km E of Pāhala, Hawaii",10 km E,"Pāhala, Hawaii",shallow,35.125,0,USGS-WEST,2,1786801497430,md,automatic,hv,0.059615384615384626
us6000tl94,2.6,74.266,-166.1844,53.7273,104.0,0.0,0.0,194.0,0.336,33.0,0,"28 km SE of Unalaska, Alaska",28 km SE,"Unalaska, Alaska",intermediate,32.5,0,SCEDC-01,4,1786801247830,ml,reviewed,us,0.019230769230769246
us6000tl15,4.2,10.0,-93.0742,14.0047,271.0,0.0,0.0,208.0,2.438,82.0,0,"105 km SW of Puerto Madero, Mexico",105 km SW,"Puerto Madero, Mexico",shallow,52.5,0,CEA-12,13,1786800767766,mb,reviewed,us,0.3269230769230769
us6000tl0y,4.0,39.838,121.2985,-8.3434,246.0,0.0,0.0,118.0,3.25,13.0,0,"68 km NW of Ende, Indonesia",68 km NW,"Ende, Indonesia",shallow,50.0,0,SCEDC-01,8,1786797970629,mb,reviewed,us,0.28846153846153844
us6000tm61,4.0,186.577,150.5938,-5.5419,246.0,0.0,0.0,137.0,2.061,16.0,0,"50 km E of Kimbe, Papua New Guinea",50 km E,"Kimbe, Papua New Guinea",intermediate,50.0,0,PNSN-07,5,1786797006549,mb,reviewed,us,0.28846153846153844
us6000tl0v,5.1,16.658,121.2937,-8.2578,400.0,0.0,0.0,82.0,3.292,56.0,0,"76 km NNW of Ende, Indonesia",76 km NNW,"Ende, Indonesia",shallow,63.74999999999999,1,PNSN-07,11,1786796080304,mb,reviewed,us,0.4999999999999999
hv75019182,2.8,31.4,-155.513833333333,19.1675,121.0,0.0,0.0,115.0,0.05035,51.0,0,"5 km SW of Pāhala, Hawaii",5 km SW,"Pāhala, Hawaii",shallow,35.0,0,PNSN-07,3,1786795732440,ml,reviewed,hv,0.057692307692307654
us6000tm5y,4.3,32.307,121.531,-8.1638,284.0,0.0,0.0,132.0,3.132,12.0,0,"76 km N of Ende, Indonesia",76 km N,"Ende, Indonesia",shallow,53.75,0,SCEDC-01,7,1786794771559,mb,reviewed,us,0.3461538461538461
us6000tl09,4.3,115.942,-68.7314,-21.4582,284.0,0.0,0.0,55.0,0.582,18.0,0,"55 km WSW of Ollagüe, Chile",55 km WSW,"Ollagüe, Chile",intermediate,53.75,0,USGS-WEST,7,1786793621312,mb,reviewed,us,0.3461538461538461
us6000tl0a,4.9,65.242,122.2948,24.486,370.0,1.0,2.0,56.0,0.653,53.0,0,"62 km ESE of Yilan, Taiwan",62 km ESE,"Yilan, Taiwan",shallow,61.25000000000001,0,SCEDC-01,15,1786793415229,mb,reviewed,us,0.46153846153846156
us6000tm5w,4.6,10.0,147.6888,17.7294,326.0,0.0,0.0,146.0,3.077,39.0,0,Mariana Islands region,,Mariana Islands region,shallow,57.49999999999999,0,USGS-WEST,11,1786792593717,mb,reviewed,us,0.40384615384615374
us6000tkyz,5.3,112.102,144.0023,-4.4905,432.0,1.0,2.7,57.0,3.833,53.0,0,"47 km S of Angoram, Papua New Guinea",47 km S,"Angoram, Papua New Guinea",intermediate,66.25,1,PNSN-07,15,1786792224186,mb,reviewed,us,0.5384615384615384
us6000tkyk,6.9,175.0,98.9853,2.9863,751.0,44.0,4.3,34.0,2.186,114.0,0,"9 km WNW of Pematangsiantar, Indonesia",9 km WNW,"Pematangsiantar, Indonesia",intermediate,86.25,1,,,1786791291798,mww,reviewed,us,0.8461538461538461
nc75418722,2.82,10.0,-126.126166666667,40.4351666666667,122.0,0.0,0.0,282.0,1.355,47.0,0,"156 km W of Petrolia, CA",156 km W,"Petrolia, CA",shallow,35.25,0,PNSN-07,1,1786791201300,md,reviewed,nc,0.06153846153846151
us6000tm5v,4.1,9.984,121.2976,-8.3094,259.0,0.0,0.0,128.0,3.266,13.0,0,"71 km NW of Ende, Indonesia",71 km NW,"Ende, Indonesia",shallow,51.24999999999999,0,,,1786791123151,mb,reviewed,us,0.3076923076923076
us6000tm5u,4.5,25.42,120.3163,-8.2301,312.0,0.0,0.0,141.0,3.244,23.0,0,"45 km NNW of Ruteng, Indonesia",45 km NNW,"Ruteng, Indonesia",shallow,56.25,0,SCEDC-01,11,1786790178094,mb,reviewed,us,0.3846153846153846
us6000tkyg,5.0,35.0,120.3528,-8.2588,385.0,0.0,0.0,87.0,3.278,37.0,0,"40 km NNW of Ruteng, Indonesia",40 km NNW,"Ruteng, Indonesia",shallow,62.5,1,PNSN-07,9,1786789893854,mb,reviewed,us,0.4807692307692307
pr2026227000,3.54,10.0,-64.3383,19.4871,193.0,0.0,0.0,299.0,0.9986,7.0,0,"136 km NNE of Cruz Bay, U.S. Virgin Islands",136 km NNE,"Cruz Bay, U.S. Virgin Islands",shallow,44.25,0,SCEDC-01,13,1786789017590,md,reviewed,pr,0.2
us6000tkyc,4.6,35.0,121.0273,-8.044,326.0,0.0,0.0,84.0,3.266,22.0,0,"88 km NE of Ruteng, Indonesia",88 km NE,"Ruteng, Indonesia",shallow,57.49999999999999,0,PNSN-07,2,1786788483826,mb,reviewed,us,0.40384615384615374
us6000tkya,4.6,275.112,122.0143,-0.1836,326.0,0.0,0.0,68.0,5.304,42.0,0,"120 km NW of Luwuk, Indonesia",120 km NW,"Luwuk, Indonesia",intermediate,57.49999999999999,0,USGS-WEST,3,1786787505732,mb,reviewed,us,0.40384615384615374
us6000tm5t,4.5,4.078,120.0761,-8.1726,312.0,0.0,0.0,116.0,3.154,18.0,0,"41 km NNE of Labuan Bajo, Indonesia",41 km NNE,"Labuan Bajo, Indonesia",shallow,56.25,0,USGS-WEST,2,1786787251010,mb,reviewed,us,0.3846153846153846
us6000tky8,4.9,34.484,121.5159,-8.2796,369.0,0.0,0.0,83.0,3.088,48.0,0,"64 km NNW of Ende, Indonesia",64 km NNW,"Ende, Indonesia",shallow,61.25000000000001,0,CEA-12,1,1786786377221,mb,reviewed,us,0.46153846153846156
us6000tky5,4.6,25.082,120.5621,-8.1093,326.0,0.0,0.0,82.0,3.178,32.0,0,"56 km N of Ruteng, Indonesia",56 km N,"Ruteng, Indonesia",shallow,57.49999999999999,0,USGS-WEST,6,1786784904547,mb,reviewed,us,0.40384615384615374
us6000tl7g,2.9,10.0,-171.5913,52.235,129.0,0.0,0.0,200.0,1.156,17.0,0,"178 km E of Atka, Alaska",178 km E,"Atka, Alaska",shallow,36.25,0,CEA-12,15,1786784613771,ml,reviewed,us,0.0769230769230769
pr2026227002,3.52,16.0,-64.8128,19.3001,191.0,0.0,0.0,270.0,0.9061,18.0,0,"106 km N of Charlotte Amalie, U.S. Virgin Islands",106 km N,"Charlotte Amalie, U.S. Virgin Islands",shallow,44.0,0,PNSN-07,13,1786781294280,md,reviewed,pr,0.19615384615384615
us6000tkxc,4.4,10.0,120.2926,-8.2634,298.0,0.0,0.0,106.0,3.272,23.0,0,"42 km NNW of Ruteng, Indonesia",42 km NNW,"Ruteng, Indonesia",shallow,55.00000000000001,0,PNSN-07,5,1786780948350,mb,reviewed,us,0.3653846153846154
pr71528558,3.24,103.27,-67.2963333333333,18.2571666666667,162.0,0.0,0.0,163.0,0.1495,15.0,0,"8 km SW of Stella, Puerto Rico",8 km SW,"Stella, Puerto Rico",intermediate,40.5,0,SCEDC-01,13,1786780467730,md,reviewed,pr,0.14230769230769236
us6000tkx5,5.1,10.0,120.7765,-8.0446,400.0,0.0,0.0,52.0,3.178,57.0,0,"71 km NNE of Ruteng, Indonesia",71 km NNE,"Ruteng, Indonesia",shallow,63.74999999999999,1,USGS-WEST,14,1786779578975,mb,reviewed,us,0.4999999999999999
us6000tkwz,4.5,10.0,121.4064,-8.2926,312.0,0.0,0.0,118.0,3.178,22.0,0,"67 km NNW of Ende, Indonesia",67 km NNW,"Ende, Indonesia",shallow,56.25,0,PNSN-07,0,1786778167016,mb,reviewed,us,0.3846153846153846
pr2026227001,3.72,55.0,-64.5435,18.7686,213.0,0.0,0.0,258.0,0.3118,22.0,0,"55 km NNE of Cruz Bay, U.S. Virgin Islands",55 km NNE,"Cruz Bay, U.S. Virgin Islands",shallow,46.5,0,PNSN-07,,1786778085260,md,reviewed,pr,0.23461538461538464
us6000tkwt,4.7,10.0,120.6523,-8.2384,340.0,0.0,0.0,76.0,3.326,36.0,0,"46 km NNE of Ruteng, Indonesia",46 km NNE,"Ruteng, Indonesia",shallow,58.75,0,CEA-12,0,1786776187500,mb,reviewed,us,0.4230769230769231
hv75019117,3.05,31.81,-155.379,19.0461666666667,143.0,1.0,0.0,213.0,0.1341,49.0,0,"20 km SSE of Pāhala, Hawaii",20 km SSE,"Pāhala, Hawaii",shallow,38.125,0,PNSN-07,15,1786775903830,ml,reviewed,hv,0.10576923076923073
us6000tkwq,5.1,10.0,121.3664,-8.2671,400.0,0.0,0.0,76.0,3.224,58.0,0,"71 km NNW of Ende, Indonesia",71 km NNW,"Ende, Indonesia",shallow,63.74999999999999,1,,,1786775331109,mb,reviewed,us,0.4999999999999999
hv75019107,2.58,21.73,-155.241,19.4531666666667,102.0,0.0,0.0,46.0,0.03313,61.0,0,"1 km NNW of Volcano, Hawaii",1 km NNW,"Volcano, Hawaii",shallow,32.25,0,PNSN-07,2,1786774303760,ml,reviewed,hv,0.015384615384615398
aka2026qbwzhu,2.7,26.9,-149.83,61.628,112.0,1.0,1.0,30.0,0.2,89.0,0,"0 km WSW of Houston, Alaska",0 km WSW,"Houston, Alaska",shallow,33.75,0,SCEDC-01,13,1786773650614,ml,reviewed,ak,0.03846153846153849
us6000tkxt,2.9,10.0,-171.2326,51.0209,129.0,0.0,0.0,241.0,1.986,19.0,0,"243 km ESE of Atka, Alaska",243 km ESE,"Atka, Alaska",shallow,36.25,0,CEA-12,8,1786773271347,ml,reviewed,us,0.0769230769230769
us6000tkwj,5.0,10.0,121.3609,-8.3681,385.0,1.0,2.2,75.0,3.184,47.0,0,"62 km NNW of Ende, Indonesia",62 km NNW,"Ende, Indonesia",shallow,62.5,1,PNSN-07,0,1786772708046,mb,reviewed,us,0.4807692307692307
us6000tkwe,4.2,544.691,-177.9262,-20.4191,271.0,0.0,0.0,113.0,4.64,36.0,0,"285 km WNW of Houma, Tonga",285 km WNW,"Houma, Tonga",deep,52.5,0,CEA-12,,1786768278890,mb,reviewed,us,0.3269230769230769
pr71528518,2.74,18.72,-64.7925,18.4913333333333,116.0,0.0,0.0,201.0,0.1781,4.0,0,"17 km N of Cruz Bay, U.S. Virgin Islands",17 km N,"Cruz Bay, U.S. Virgin Islands",shallow,34.25,0,PNSN-07,14,1786768079380,md,reviewed,pr,0.04615384615384619
aka2026qbtske,2.7,22.4,-169.492,52.275,112.0,0.0,0.0,224.0,0.5,20.0,0,"85 km SSW of Nikolski, Alaska",85 km SSW,"Nikolski, Alaska",shallow,33.75,0,PNSN-07,9,1786767988261,ml,reviewed,ak,0.03846153846153849
us6000tkwd,4.6,10.0,121.2851,-8.3988,326.0,0.0,0.0,131.0,3.239,16.0,0,"64 km NW of Ende, Indonesia",64 km NW,"Ende, Indonesia",shallow,57.49999999999999,0,PNSN-07,0,1786767787762,mb,reviewed,us,0.40384615384615374
aka2026qbtfgi,2.6,20.0,-173.412,51.522,104.0,0.0,0.0,303.0,0.8,19.0,0,"92 km SE of Atka, Alaska",92 km SE,"Atka, Alaska",shallow,32.5,0,PNSN-07,0,1786766863963,ml,reviewed,ak,0.019230769230769246
aka2026qbswum,2.6,40.9,178.794,51.259,104.0,0.0,0.0,268.0,0.3,13.0,0,"Rat Islands, Aleutian Islands, Alaska",,"Rat Islands, Aleutian Islands, Alaska",shallow,32.5,0,CEA-12,,1786766278203,ml,reviewed,ak,0.019230769230769246
us6000tkw9,5.0,10.0,121.3458,-8.32,385.0,0.0,0.0,75.0,3.219,23.0,0,"67 km NNW of Ende, Indonesia",67 km NNW,"Ende, Indonesia",shallow,62.5,1,PNSN-07,6,1786766053099,mb,reviewed,us,0.4807692307692307
us6000tkw2,4.9,10.0,121.3427,-8.299,369.0,0.0,0.0,75.0,3.231,32.0,0,"69 km NNW of Ende, Indonesia",69 km NNW,"Ende, Indonesia",shallow,61.25000000000001,0,SCEDC-01,14,1786762015923,mb,reviewed,us,0.46153846153846156
us6000tkw0,4.5,10.0,121.3629,-8.2289,312.0,0.0,0.0,108.0,3.245,13.0,0,"75 km NNW of Ende, Indonesia",75 km NNW,"Ende, Indonesia",shallow,56.25,0,USGS-WEST,4,1786760326795,mb,reviewed,us,0.3846153846153846
us6000tkvy,4.6,10.0,121.2637,-8.1754,326.0,0.0,0.0,131.0,3.357,16.0,0,"85 km NNW of Ende, Indonesia",85 km NNW,"Ende, Indonesia",shallow,57.49999999999999,0,CEA-12,3,1786759425840,mb,reviewed,us,0.40384615384615374
us6000tkvt,4.9,10.0,120.5052,-8.0505,369.0,0.0,0.0,81.0,3.108,30.0,0,"62 km N of Ruteng, Indonesia",62 km N,"Ruteng, Indonesia",shallow,61.25000000000001,0,SCEDC-01,3,1786757860307,mb,reviewed,us,0.46153846153846156
us6000tkvp,5.1,10.0,120.6888,-8.0088,400.0,0.0,0.0,65.0,3.117,28.0,0,"71 km NNE of Ruteng, Indonesia",71 km NNE,"Ruteng, Indonesia",shallow,63.74999999999999,1,CEA-12,7,1786756640014,mb,reviewed,us,0.4999999999999999
us6000tkvn,4.7,50.197,141.1138,37.2084,340.0,2.0,2.2,143.0,2.422,45.0,0,"16 km SSE of Tomioka, Japan",16 km SSE,"Tomioka, Japan",shallow,58.75,0,USGS-WEST,10,1786756251635,mb,reviewed,us,0.4230769230769231
ci40672930,3.25,14.11,-116.933166666667,31.5035,162.0,0.0,0.0,250.0,0.2963,8.0,0,"42 km SW of Maneadero, B.C., MX",42 km SW,"Maneadero, B.C., MX",shallow,40.625,0,SCEDC-01,5,1786755914940,ml,reviewed,ci,0.14423076923076922
us6000tkvj,5.4,78.982,156.3863,50.3745,449.0,0.0,0.0,120.0,2.857,52.0,0,"38 km SSE of Severo-Kuril’sk, Russia",38 km SSE,"Severo-Kuril’sk, Russia",intermediate,67.5,1,PNSN-07,14,1786754609640,mb,reviewed,us,0.5576923076923077
us6000tkvh,5.1,10.0,121.4162,-8.248,400.0,0.0,0.0,67.0,3.19,26.0,0,"71 km NNW of Ende, Indonesia",71 km NNW,"Ende, Indonesia",shallow,63.74999999999999,1,PNSN-07,1,1786754418406,mb,reviewed,us,0.4999999999999999
us6000tkvi,5.3,10.0,165.89,-62.9125,432.0,0.0,0.0,134.0,14.735,19.0,0,Balleny Islands region,,Balleny Islands region,shallow,66.25,1,PNSN-07,6,1786754413397,mb,reviewed,us,0.5384615384615384
us6000tkvg,4.6,10.0,121.2789,-8.6065,326.0,0.0,0.0,127.0,3.163,26.0,0,"49 km WNW of Ende, Indonesia",49 km WNW,"Ende, Indonesia",shallow,57.49999999999999,0,SCEDC-01,2,1786753227120,mb,reviewed,us,0.40384615384615374
aka2026qblgxp,2.6,14.3,-176.18,51.267,104.0,0.0,0.0,238.0,0.6,24.0,0,"74 km SSE of Adak, Alaska",74 km SSE,"Adak, Alaska",shallow,32.5,0,SCEDC-01,1,1786752586056,ml,reviewed,ak,0.019230769230769246
us6000tkvd,4.7,10.0,121.3126,-8.2265,340.0,0.0,0.0,83.0,3.29,34.0,0,"78 km NNW of Ende, Indonesia",78 km NNW,"Ende, Indonesia",shallow,58.75,0,PNSN-07,4,1786752202963,mb,reviewed,us,0.4230769230769231
us6000tkvc,4.8,10.0,121.5158,-8.1975,354.0,0.0,0.0,85.0,3.128,31.0,0,"73 km NNW of Ende, Indonesia",73 km NNW,"Ende, Indonesia",shallow,60.0,0,,,1786751575591,mb,reviewed,us,0.44230769230769224
us6000tkvb,4.5,10.0,121.3939,-8.2074,312.0,0.0,0.0,118.0,3.228,18.0,0,"76 km NNW of Ende, Indonesia",76 km NNW,"Ende, Indonesia",shallow,56.25,0,PNSN-07,6,1786751398157,mb,reviewed,us,0.3846153846153846
tx2026pyvhfj,2.8,5.5359,-103.388,31.213,121.0,0.0,0.0,69.0,0.1,34.0,0,"22 km SE of Lindsay, Texas",22 km SE,"Lindsay, Texas",shallow,35.0,0,USGS-WEST,4,1786750490217,ml,reviewed,tx,0.057692307692307654
aka2026qbjngl,2.8,44.2,-152.83,57.837,121.0,0.0,0.0,90.0,0.1,43.0,0,"4 km SE of Port Lions, Alaska",4 km SE,"Port Lions, Alaska",shallow,35.0,0,PNSN-07,6,1786749431657,ml,reviewed,ak,0.057692307692307654
us6000tkv9,5.0,10.0,121.359,-8.3348,385.0,0.0,0.0,80.0,3.2,45.0,0,"65 km NNW of Ende, Indonesia",65 km NNW,"Ende, Indonesia",shallow,62.5,1,USGS-WEST,5,1786749425284,mb,reviewed,us,0.4807692307692307
us6000tkv7,5.1,10.0,120.4166,-8.1694,400.0,0.0,0.0,118.0,3.203,29.0,0,"49 km N of Ruteng, Indonesia",49 km N,"Ruteng, Indonesia",shallow,63.74999999999999,1,SCEDC-01,10,1786749151091,mb,reviewed,us,0.4999999999999999
us6000tkv2,5.2,10.0,-3.6486,37.0789,734.0,126.0,6.7,76.0,2.523,43.0,0,"1 km SW of Otura, Spain",1 km SW,"Otura, Spain",shallow,65.0,1,PNSN-07,10,1786748680797,mb,reviewed,us,0.5192307692307693
us6000tl1g,4.8,11.296,120.829,-8.2899,354.0,0.0,0.0,61.0,3.426,33.0,0,"53 km NE of Ruteng, Indonesia",53 km NE,"Ruteng, Indonesia",shallow,60.0,0,,,1786748403603,mb,reviewed,us,0.44230769230769224
us6000tkv1,4.7,10.0,120.2424,-8.146,340.0,0.0,0.0,79.0,3.149,42.0,0,"55 km NE of Labuan Bajo, Indonesia",55 km NE,"Labuan Bajo, Indonesia",shallow,58.75,0,USGS-WEST,0,1786748352662,mb,reviewed,us,0.4230769230769231
us6000tkuv,3.4,35.0,-161.763,54.5268,178.0,0.0,0.0,185.0,0.99,15.0,0,"69 km SSE of King Cove, Alaska",69 km SSE,"King Cove, Alaska",shallow,42.5,0,PNSN-07,2,1786748094655,mb,reviewed,us,0.17307692307692304
us6000tkx9,2.6,10.0,-149.4328,56.3531,104.0,0.0,0.0,223.0,2.239,35.0,0,"222 km SE of Chiniak, Alaska",222 km SE,"Chiniak, Alaska",shallow,32.5,0,USGS-WEST,10,1786747996070,ml,reviewed,us,0.019230769230769246
us6000tkuw,5.3,10.0,120.2253,-8.2053,432.0,0.0,0.0,41.0,3.205,63.0,0,"49 km NE of Labuan Bajo, Indonesia",49 km NE,"Labuan Bajo, Indonesia",shallow,66.25,1,USGS-WEST,8,1786747991834,mb,reviewed,us,0.5384615384615384
us6000tkuf,5.5,10.0,120.1908,-8.1604,465.0,0.0,0.0,47.0,3.156,43.0,0,"49 km NE of Labuan Bajo, Indonesia",49 km NE,"Labuan Bajo, Indonesia",shallow,68.75,1,SCEDC-01,12,1786747037172,mb,reviewed,us,0.5769230769230769
aka2026qbiaba,3.1,20.0,-174.023,50.819,148.0,0.0,0.0,294.0,1.4,17.0,0,"153 km S of Atka, Alaska",153 km S,"Atka, Alaska",shallow,38.75,0,CEA-12,4,1786746710282,ml,reviewed,ak,0.11538461538461539
aka2026qbhztk,3.0,37.9,-150.04,60.743,139.0,1.0,1.0,51.0,0.4,96.0,0,"29 km SW of Hope, Alaska",29 km SW,"Hope, Alaska",shallow,37.5,0,PNSN-07,1,1786746694219,ml,reviewed,ak,0.09615384615384615
us6000tkuc,6.1,10.0,121.5717,-8.3186,573.0,1.0,4.9,50.0,3.021,67.0,0,"58 km N of Ende, Indonesia",58 km N,"Ende, Indonesia",shallow,76.25,1,,,1786746517550,mb,reviewed,us,0.6923076923076922
us6000tku7,5.6,10.0,121.4284,-8.3406,482.0,0.0,0.0,132.0,3.136,24.0,0,"61 km NNW of Ende, Indonesia",61 km NNW,"Ende, Indonesia",shallow,70.0,1,PNSN-07,15,1786745886706,mb,reviewed,us,0.596153846153846
us6000tkub,5.5,10.0,121.0058,-8.4696,465.0,0.0,0.0,110.0,3.465,46.0,0,"61 km ENE of Ruteng, Indonesia",61 km ENE,"Ruteng, Indonesia",shallow,68.75,1,SCEDC-01,12,1786745820060,mb,reviewed,us,0.5769230769230769
us6000tkta,5.9,10.0,120.1465,-8.2849,536.0,1.0,3.4,36.0,3.273,72.0,0,"36 km NE of Labuan Bajo, Indonesia",36 km NE,"Labuan Bajo, Indonesia",shallow,73.75,1,USGS-WEST,4,1786745630869,mb,reviewed,us,0.6538461538461539
us6000tkt2,7.7,10.0,121.3517,-8.3101,952.0,51.0,7.9,36.0,3.218,107.0,0,"68 km NNW of Ende, Indonesia",68 km NNW,"Ende, Indonesia",shallow,96.25,1,CEA-12,,1786744701564,mww,reviewed,us,1.0
aka2026qbeojw,2.9,20.6,-169.478,52.239,129.0,0.0,0.0,227.0,0.6,20.0,0,"88 km SSW of Nikolski, Alaska",88 km SSW,"Nikolski, Alaska",shallow,36.25,0,CEA-12,14,1786740509543,ml,reviewed,ak,0.0769230769230769
aka2026qbekdq,3.1,67.7,-151.014,61.936,148.0,1.0,1.0,21.0,0.2,128.0,0,"21 km ESE of Skwentna, Alaska",21 km ESE,"Skwentna, Alaska",shallow,38.75,0,PNSN-07,13,1786740216028,ml,reviewed,ak,0.11538461538461539
nc75418367,3.29,2.44,-118.839666666667,37.4481666666667,168.0,5.0,3.1,33.0,0.1395,30.0,0,"19 km SW of Toms Place, CA",19 km SW,"Toms Place, CA",shallow,41.125,0,PNSN-07,4,1786739912160,ml,reviewed,nc,0.15192307692307694
us6000tksg,4.8,69.797,161.7858,-10.4124,355.0,1.0,2.0,102.0,2.053,49.0,0,"15 km WNW of Kirakira, Solomon Islands",15 km WNW,"Kirakira, Solomon Islands",shallow,60.0,0,SCEDC-01,13,1786739033872,mb,reviewed,us,0.44230769230769224
aka2026qbclbk,3.1,13.9,-167.243,51.764,148.0,0.0,0.0,229.0,1.6,38.0,0,"171 km SE of Nikolski, Alaska",171 km SE,"Nikolski, Alaska",shallow,38.75,0,USGS-WEST,13,1786736679522,ml,reviewed,ak,0.11538461538461539
aka2026qbbemu,2.9,20.0,-148.064,56.641,129.0,0.0,0.0,235.0,2.7,28.0,0,"277 km ESE of Chiniak, Alaska",277 km ESE,"Chiniak, Alaska",shallow,36.25,0,SCEDC-01,8,1786734433221,ml,reviewed,ak,0.0769230769230769
aka2026qbavul,2.6,71.7,-152.181,59.619,104.0,0.0,0.0,86.0,0.5,98.0,0,"26 km SW of Anchor Point, Alaska",26 km SW,"Anchor Point, Alaska",intermediate,32.5,0,SCEDC-01,14,1786733828809,ml,reviewed,ak,0.019230769230769246
us6000tlwc,4.3,10.0,-22.8917,-58.4124,284.0,0.0,0.0,127.0,8.605,15.0,0,South Sandwich Islands region,,South Sandwich Islands region,shallow,53.75,0,PNSN-07,2,1786733516407,mb,reviewed,us,0.3461538461538461
us6000tkrw,4.5,369.326,167.4799,-12.3805,312.0,0.0,0.0,125.0,7.953,52.0,0,"165 km N of Sola, Vanuatu",165 km N,"Sola, Vanuatu",deep,56.25,0,PNSN-07,9,1786732405499,mb,reviewed,us,0.3846153846153846
aka2026qazpzy,2.6,5.0,-152.333,62.261,104.0,0.0,0.0,20.0,0.5,74.0,0,"57 km WNW of Skwentna, Alaska",57 km WNW,"Skwentna, Alaska",shallow,32.5,0,PNSN-07,8,1786731625569,ml,reviewed,ak,0.019230769230769246
us6000tkrs,4.7,10.0,128.0475,4.2883,340.0,0.0,0.0,95.0,3.697,56.0,0,"283 km N of Tobelo, Indonesia",283 km N,"Tobelo, Indonesia",shallow,58.75,0,USGS-WEST,0,1786730634327,mb,reviewed,us,0.4230769230769231
pr71528493,3.03,73.97,-64.1005,18.4435,141.0,0.0,0.0,303.0,0.2903,5.0,0,"74 km E of Cruz Bay, U.S. Virgin Islands",74 km E,"Cruz Bay, U.S. Virgin Islands",intermediate,37.875,0,SCEDC-01,14,1786729860190,md,reviewed,pr,0.10192307692307688
us6000tlwb,4.3,10.0,-93.0804,14.1987,284.0,0.0,0.0,187.0,2.262,65.0,0,"91 km SW of Puerto Madero, Mexico",91 km SW,"Puerto Madero, Mexico",shallow,53.75,0,USGS-WEST,6,1786729767040,mb,reviewed,us,0.3461538461538461
us6000tkrq,4.5,35.0,158.869,51.371,312.0,0.0,0.0,137.0,1.883,40.0,0,"165 km E of Ozernovskiy, Russia",165 km E,"Ozernovskiy, Russia",shallow,56.25,0,PNSN-07,6,1786729662334,mb,reviewed,us,0.3846153846153846
us6000tku6,2.7,10.0,-150.3029,56.2171,112.0,0.0,0.0,240.0,2.005,21.0,0,"196 km SE of Chiniak, Alaska",196 km SE,"Chiniak, Alaska",shallow,33.75,0,PNSN-07,8,1786727420527,ml,reviewed,us,0.03846153846153849
us6000tkrg,4.9,10.0,48.7787,41.1279,370.0,3.0,2.2,58.0,1.821,75.0,0,"19 km WSW of Divichibazar, Azerbaijan",19 km WSW,"Divichibazar, Azerbaijan",shallow,61.25000000000001,0,PNSN-07,,1786726574767,mb,reviewed,us,0.46153846153846156
aka2026qawjgu,2.5,67.1,-150.924,60.217,96.0,1.0,1.0,71.0,0.4,88.0,0,"23 km SE of Kasilof, Alaska",23 km SE,"Kasilof, Alaska",shallow,31.25,0,SCEDC-01,10,1786725761177,ml,reviewed,ak,0.0
us6000tkr4,4.1,10.0,20.5892,39.63,259.0,1.0,2.7,119.0,1.485,23.0,0,"14 km SW of Rodotópi, Greece",14 km SW,"Rodotópi, Greece",shallow,51.24999999999999,0,SCEDC-01,,1786724079912,mb,reviewed,us,0.3076923076923076
us6000tktp,2.9,10.0,-160.1802,54.5728,129.0,0.0,0.0,211.0,1.132,23.0,0,"87 km SSE of Sand Point, Alaska",87 km SSE,"Sand Point, Alaska",shallow,36.25,0,,,1786724048382,ml,reviewed,us,0.0769230769230769
aka2026qatefc,2.7,1.4,-173.366,51.385,112.0,0.0,0.0,306.0,1.0,12.0,0,"107 km SSE of Atka, Alaska",107 km SSE,"Atka, Alaska",shallow,33.75,0,CEA-12,0,1786720015458,ml,reviewed,ak,0.03846153846153849
aka2026qasret,2.5,26.6,-159.484,55.146,96.0,0.0,0.0,245.0,0.9,24.0,0,"68 km ESE of Sand Point, Alaska",68 km ESE,"Sand Point, Alaska",shallow,31.25,0,PNSN-07,15,1786719116941,ml,reviewed,ak,0.0
aka2026qasdnc,2.7,52.1,-176.563,51.498,112.0,0.0,0.0,210.0,0.4,23.0,0,"42 km S of Adak, Alaska",42 km S,"Adak, Alaska",shallow,33.75,0,PNSN-07,6,1786718165657,ml,reviewed,ak,0.03846153846153849
us6000tkpq,4.4,10.0,142.7293,40.2091,298.0,0.0,0.0,137.0,1.395,36.0,0,"78 km E of Noda, Japan",78 km E,"Noda, Japan",shallow,55.00000000000001,0,PNSN-07,,1786714972790,mb,reviewed,us,0.3653846153846154
us6000tktg,3.2,96.399,-179.5273,51.7282,158.0,0.0,0.0,138.0,0.42,23.0,0,"200 km W of Adak, Alaska",200 km W,"Adak, Alaska",intermediate,40.0,0,USGS-WEST,14,1786714407645,ml,reviewed,us,0.13461538461538464
ci40672458,2.53,6.19,-120.5,34.5378333333333,102.0,16.0,2.2,180.0,0.01492,33.0,0,"12 km SSW of Lompoc, CA",12 km SSW,"Lompoc, CA",shallow,31.624999999999996,0,CEA-12,0,1786710705680,ml,reviewed,ci,0.005769230769230731
pr2026226000,3.74,5.0,-68.0401,17.4113,215.0,0.0,0.0,253.0,1.1045,8.0,0,"110 km SW of Pole Ojea, Puerto Rico",110 km SW,"Pole Ojea, Puerto Rico",shallow,46.75,0,PNSN-07,2,1786710534370,md,reviewed,pr,0.2384615384615385
nc75418182,2.57,10.63,-124.283166666667,40.2815,102.0,0.0,0.0,132.0,0.04044,42.0,0,"5 km S of Petrolia, CA",5 km S,"Petrolia, CA",shallow,32.125,0,,,1786709502460,md,reviewed,nc,0.013461538461538431
hv75018627,2.5,31.4200000762939,-155.795166015625,20.0201663970947,96.0,0.0,0.0,142.0,0.1059,35.0,0,"7 km NE of Puako, Hawaii",7 km NE,"Puako, Hawaii",shallow,31.25,0,SCEDC-01,10,1786705754330,md,automatic,hv,0.0
us6000tkmy,4.8,10.0,141.619,33.615,354.0,0.0,0.0,114.0,4.038,38.0,0,"207 km SE of Katsuura, Japan",207 km SE,"Katsuura, Japan",shallow,60.0,0,CEA-12,14,1786701523693,mb,reviewed,us,0.44230769230769224
aka2026qainsg,2.9,29.2,-164.566,53.724,129.0,0.0,0.0,209.0,0.8,40.0,0,"91 km ESE of Akutan, Alaska",91 km ESE,"Akutan, Alaska",shallow,36.25,0,PNSN-07,14,1786700880694,ml,reviewed,ak,0.0769230769230769
hv75018602,2.51,28.0100002288818,-155.354339599609,19.1665000915527,97.0,0.0,0.0,178.0,0.08156,56.0,0,"13 km ESE of Pāhala, Hawaii",13 km ESE,"Pāhala, Hawaii",shallow,31.374999999999996,0,SCEDC-01,,1786700784090,ml,automatic,hv,0.001923076923076882
us6000tkml,4.2,10.0,58.3779,36.0425,271.0,0.0,0.0,180.0,1.895,22.0,0,"42 km WSW of Neyshābūr, Iran",42 km WSW,"Neyshābūr, Iran",shallow,52.5,0,,,1786696145268,mb,reviewed,us,0.3269230769230769
aka2026qafrlh,2.6,70.7,-151.15,60.708,104.0,1.0,1.0,43.0,0.1,83.0,0,"7 km ENE of Nikiski, Alaska",7 km ENE,"Nikiski, Alaska",intermediate,32.5,0,,,1786695737251,ml,reviewed,ak,0.019230769230769246
pr71528453,3.14,109.73,-67.1953333333333,18.2088333333333,152.0,0.0,0.0,146.0,0.0488,17.0,0,"5 km W of Mayagüez, Puerto Rico",5 km W,"Mayagüez, Puerto Rico",intermediate,39.25,0,SCEDC-01,7,1786695130030,md,reviewed,pr,0.1230769230769231
us6000tlw0,4.2,10.996,30.9373,43.926,271.0,0.0,0.0,88.0,1.892,15.0,0,"151 km SE of Sfântu Gheorghe, Romania",151 km SE,"Sfântu Gheorghe, Romania",shallow,52.5,0,SCEDC-01,0,1786692416527,mb,reviewed,us,0.3269230769230769
aka2026qaddaa,2.7,16.3,-179.26,51.197,112.0,0.0,0.0,214.0,0.5,23.0,0,"197 km WSW of Adak, Alaska",197 km WSW,"Adak, Alaska",shallow,33.75,0,CEA-12,,1786691142341,ml,reviewed,ak,0.03846153846153849
aka2026qabaix,2.8,20.5,-178.848,51.092,121.0,0.0,0.0,222.0,0.5,28.0,0,"176 km WSW of Adak, Alaska",176 km WSW,"Adak, Alaska",shallow,35.0,0,SCEDC-01,5,1786687360605,ml,reviewed,ak,0.057692307692307654
aka2026qaaaug,2.6,33.3,-168.257,52.761,104.0,0.0,0.0,226.0,0.4,28.0,0,"45 km ESE of Nikolski, Alaska",45 km ESE,"Nikolski, Alaska",shallow,32.5,0,PNSN-07,4,1786685593500,ml,reviewed,ak,0.019230769230769246
us6000tklc,4.8,516.445,139.5875,27.6391,354.0,0.0,0.0,117.0,7.694,71.0,0,"Bonin Islands, Japan region",,"Bonin Islands, Japan region",deep,60.0,0,,,1786683195378,mb,reviewed,us,0.44230769230769224
aka2026pzwhgg,2.9,20.0,-170.302,51.685,129.0,0.0,0.0,324.0,1.2,13.0,0,"170 km SW of Nikolski, Alaska",170 km SW,"Nikolski, Alaska",shallow,36.25,0,USGS-WEST,9,1786678825888,ml,reviewed,ak,0.0769230769230769
aka2026pzvhjk,4.0,10.0,-167.018,53.418,248.0,5.0,3.1,191.0,0.4,59.0,0,"60 km SSW of Unalaska, Alaska",60 km SSW,"Unalaska, Alaska",shallow,50.0,0,USGS-WEST,1,1786677052682,ml,reviewed,ak,0.28846153846153844
ci40672226,2.73,3.85,-115.3415,31.435,115.0,0.0,0.0,131.0,0.2501,9.0,0,"90 km S of Alberto Oviedo Mota, B.C., MX",90 km S,"Alberto Oviedo Mota, B.C., MX",shallow,34.125,0,USGS-WEST,9,1786676278190,ml,reviewed,ci,0.044230769230769226
aka2026pzswoc,3.3,3.8,176.313,52.001,168.0,0.0,0.0,192.0,1.4,9.0,0,"232 km ESE of Attu Station, Alaska",232 km ESE,"Attu Station, Alaska",shallow,41.25,0,USGS-WEST,4,1786672694647,ml,reviewed,ak,0.1538461538461538
us6000tkkw,4.9,92.559,125.1585,5.3865,370.0,2.0,2.0,95.0,1.724,43.0,0,"29 km SW of Balangonan, Philippines",29 km SW,"Balangonan, Philippines",intermediate,61.25000000000001,0,PNSN-07,3,1786670093627,mb,reviewed,us,0.46153846153846156
us6000tkmr,3.2,35.0,-167.4945,52.9217,158.0,0.0,0.0,212.0,0.551,38.0,0,"91 km E of Nikolski, Alaska",91 km E,"Nikolski, Alaska",shallow,40.0,0,SCEDC-01,15,1786664923905,mb,reviewed,us,0.13461538461538464
us6000tkkg,2.6,5.0,-103.4049,46.5132,104.0,0.0,0.0,129.0,1.872,12.0,0,"7 km WNW of Amidon, North Dakota",7 km WNW,"Amidon, North Dakota",shallow,32.5,0,SCEDC-01,5,1786664568442,mb_lg,reviewed,us,0.019230769230769246
tx2026pwzswu,2.5,7.4418,-98.987,28.815,96.0,1.0,2.0,80.0,0.1,44.0,0,"13 km SE of Pearsall, Texas",13 km SE,"Pearsall, Texas",shallow,31.25,0,SCEDC-01,14,1786664403775,ml,reviewed,tx,0.0
ok2026pvbc,2.67,7.0,-95.984,34.6805,110.0,0.0,0.0,70.0,0.0,101.0,0,"5 km NE of Wardville, Oklahoma",5 km NE,"Wardville, Oklahoma",shallow,33.375,0,PNSN-07,4,1786663577980,ml,reviewed,ok,0.03269230769230768
us6000tkkb,4.2,110.31,71.0489,36.9807,271.0,0.0,0.0,172.0,1.752,18.0,0,"23 km NE of Jurm, Afghanistan",23 km NE,"Jurm, Afghanistan",intermediate,52.5,0,SCEDC-01,,1786662717925,mb,reviewed,us,0.3269230769230769
aka2026pzkiqi,2.5,113.5,-175.286,51.728,96.0,0.0,0.0,218.0,0.5,24.0,0,"90 km SW of Atka, Alaska",90 km SW,"Atka, Alaska",intermediate,31.25,0,,,1786657391975,ml,reviewed,ak,0.0
us6000tkjc,2.6,31.945,-161.6191,54.5256,104.0,0.0,0.0,217.0,0.641,21.0,0,"74 km SE of King Cove, Alaska",74 km SE,"King Cove, Alaska",shallow,32.5,0,CEA-12,6,1786652971171,ml,reviewed,us,0.019230769230769246
aka2026pzhtah,3.6,10.9,-172.639,65.428,199.0,0.0,0.0,285.0,4.1,26.0,0,"44 km WSW of Lorino, Russia",44 km WSW,"Lorino, Russia",shallow,45.0,0,SCEDC-01,0,1786652676504,ml,reviewed,ak,0.21153846153846154
hv75018112,3.1,31.79,-155.499166666667,19.1478333333333,148.0,0.0,0.0,147.0,0.03583,53.0,0,"6 km SSW of Pāhala, Hawaii",6 km SSW,"Pāhala, Hawaii",shallow,38.75,0,CEA-12,3,1786651509830,ml,reviewed,hv,0.11538461538461539
us6000tkil,4.4,285.87,137.2223,35.2261,298.0,0.0,0.0,99.0,0.201,158.0,0,"11 km E of Seto, Japan",11 km E,"Seto, Japan",intermediate,55.00000000000001,0,USGS-WEST,13,1786648896616,mb,reviewed,us,0.3653846153846154
pr2026225000,3.56,104.0,-67.6655,18.2241,195.0,0.0,0.0,181.0,0.5207,24.0,0,"45 km WSW of Stella, Puerto Rico",45 km WSW,"Stella, Puerto Rico",intermediate,44.5,0,PNSN-07,,1786648603780,md,reviewed,pr,0.20384615384615384
aka2026pzfgfd,2.5,11.2,-179.76,50.977,96.0,0.0,0.0,249.0,0.7,12.0,0,"239 km WSW of Adak, Alaska",239 km WSW,"Adak, Alaska",shallow,31.25,0,CEA-12,14,1786648190313,ml,reviewed,ak,0.0
us6000tklb,3.0,10.0,-2.0107,37.3638,139.0,2.0,3.1,146.0,2.848,9.0,0,"3 km NE of Zurgena, Spain",3 km NE,"Zurgena, Spain",shallow,37.5,0,PNSN-07,9,1786647203004,mb_lg,reviewed,us,0.09615384615384615
us6000tkig,5.3,55.266,125.4298,5.2976,433.0,3.0,4.1,44.0,1.767,117.0,0,"12 km SSW of Sarangani, Philippines",12 km SSW,"Sarangani, Philippines",shallow,66.25,1,USGS-WEST,,1786646370077,mww,reviewed,us,0.5384615384615384
us6000tkic,4.3,595.797,-178.4925,-17.9047,284.0,0.0,0.0,80.0,2.487,108.0,0,"232 km E of Levuka, Fiji",232 km E,"Levuka, Fiji",deep,53.75,0,SCEDC-01,5,1786644199016,mb,reviewed,us,0.3461538461538461
us6000tlnr,4.1,37.39,160.3897,52.2737,259.0,0.0,0.0,152.0,1.299,23.0,0,"148 km SE of Petropavlovsk-Kamchatsky, Russia",148 km SE,"Petropavlovsk-Kamchatsky, Russia",shallow,51.24999999999999,0,USGS-WEST,,1786643964113,mb,reviewed,us,0.3076923076923076
us6000tlnq,4.2,10.0,160.3453,52.1487,271.0,0.0,0.0,123.0,1.355,21.0,0,"154 km SE of Petropavlovsk-Kamchatsky, Russia",154 km SE,"Petropavlovsk-Kamchatsky, Russia",shallow,52.5,0,USGS-WEST,,1786643742837,mb,reviewed,us,0.3269230769230769
us6000tki8,5.1,10.0,147.3485,-56.926,400.0,0.0,0.0,52.0,6.986,51.0,0,west of Macquarie Island,west,Macquarie Island,shallow,63.74999999999999,1,SCEDC-01,1,1786642768662,mww,reviewed,us,0.4999999999999999
pr71528393,2.81,20.12,-67.0443333333333,18.1223333333333,121.0,0.0,0.0,94.0,0.06615,14.0,0,"4 km N of San Germán, Puerto Rico",4 km N,"San Germán, Puerto Rico",shallow,35.125,0,SCEDC-01,9,1786641565330,md,reviewed,pr,0.059615384615384626
us6000tkmi,2.9,192.471,-174.4147,51.8842,129.0,0.0,0.0,195.0,0.345,18.0,0,"37 km SSW of Atka, Alaska",37 km SSW,"Atka, Alaska",intermediate,36.25,0,SCEDC-01,10,1786639585568,ml,reviewed,us,0.0769230769230769
us6000tkhm,5.6,10.0,-176.3124,-28.6742,482.0,0.0,0.0,56.0,1.526,66.0,0,Kermadec Islands region,,Kermadec Islands region,shallow,70.0,1,CEA-12,0,1786637505826,mww,reviewed,us,0.596153846153846
nc75417582,2.83,5.5,-122.149,37.7568333333333,145.0,63.0,3.4,28.0,0.02085,147.0,0,"4 km N of San Leandro, CA",4 km N,"San Leandro, CA",shallow,35.375,0,PNSN-07,15,1786637242530,md,reviewed,nc,0.06346153846153847
aka2026pyzbyz,2.5,7.8,-169.133,51.97,96.0,0.0,0.0,303.0,0.9,12.0,0,"109 km S of Nikolski, Alaska",109 km S,"Nikolski, Alaska",shallow,31.25,0,,,1786637096421,ml,reviewed,ak,0.0
nc75417557,3.84,5.55,-122.150166666667,37.7551666666667,607.0,7875.0,3.8,16.0,0.01915,204.0,0,"3 km N of San Leandro, CA",3 km N,"San Leandro, CA",shallow,48.0,0,SCEDC-01,10,1786635004700,mw,reviewed,nc,0.25769230769230766
us6000tkmd,3.7,35.467,-173.3013,51.5849,211.0,0.0,0.0,165.0,0.831,44.0,0,"91 km SE of Atka, Alaska",91 km SE,"Atka, Alaska",shallow,46.25,0,,,1786634896341,mb,reviewed,us,0.23076923076923078
aka2026pyxrmo,2.5,22.5,-178.981,51.062,96.0,0.0,0.0,224.0,0.5,16.0,0,"186 km WSW of Adak, Alaska",186 km WSW,"Adak, Alaska",shallow,31.25,0,,,1786634574022,ml,reviewed,ak,0.0
us6000tkha,4.3,105.616,-76.3547,4.8666,285.0,1.0,2.0,101.0,1.551,34.0,0,"13 km WSW of San José del Palmar, Colombia",13 km WSW,"San José del Palmar, Colombia",intermediate,53.75,0,PNSN-07,9,1786632152192,mb,reviewed,us,0.3461538461538461
us6000tkhc,4.3,561.836,-178.6261,-17.6737,284.0,0.0,0.0,132.0,2.255,20.0,0,"222 km ENE of Levuka, Fiji",222 km ENE,"Levuka, Fiji",deep,53.75,0,PNSN-07,8,1786631977774,mb,reviewed,us,0.3461538461538461
us6000tkh9,4.3,10.0,96.7701,0.8968,284.0,0.0,0.0,202.0,0.901,13.0,0,"103 km WSW of Gunungsitoli, Indonesia",103 km WSW,"Gunungsitoli, Indonesia",shallow,53.75,0,,,1786630973541,mb,reviewed,us,0.3461538461538461
hv75017772,2.85,30.27,-156.371,20.1066666666667,125.0,0.0,0.0,220.0,0.4489,50.0,0,"57 km WNW of Puako, Hawaii",57 km WNW,"Puako, Hawaii",shallow,35.625,0,CEA-12,14,1786627009690,ml,reviewed,hv,0.06730769230769232
us6000tkgn,5.0,134.025,143.8885,-4.4318,385.0,2.0,2.1,40.0,3.706,57.0,0,"45 km SSW of Angoram, Papua New Guinea",45 km SSW,"Angoram, Papua New Guinea",intermediate,62.5,1,SCEDC-01,11,1786625099102,mb,reviewed,us,0.4807692307692307
us6000tkm6,2.9,186.898,-179.3197,51.8674,129.0,0.0,0.0,160.0,0.365,16.0,0,"184 km W of Adak, Alaska",184 km W,"Adak, Alaska",intermediate,36.25,0,PNSN-07,10,1786619354021,ml,reviewed,us,0.0769230769230769
uu80148601,2.56,3.71,-112.885666666667,38.5138333333333,101.0,0.0,1.0,43.0,0.003944,34.0,0,"16 km NE of Milford, Utah",16 km NE,"Milford, Utah",shallow,32.0,0,PNSN-07,7,1786618646460,ml,reviewed,uu,0.011538461538461548
us6000tkg4,4.6,145.679,114.1762,-8.4115,326.0,2.0,2.9,75.0,0.063,39.0,0,"3 km ESE of Gambiran Satu, Indonesia",3 km ESE,"Gambiran Satu, Indonesia",intermediate,57.49999999999999,0,PNSN-07,1,1786616599536,mb,reviewed,us,0.40384615384615374
aka2026pynipu,2.8,12.6,178.021,50.95,121.0,0.0,0.0,305.0,0.9,7.0,0,"Rat Islands, Aleutian Islands, Alaska",,"Rat Islands, Aleutian Islands, Alaska",shallow,35.0,0,USGS-WEST,13,1786615970685,ml,reviewed,ak,0.057692307692307654
us6000tkjg,2.6,10.0,-161.6461,54.3291,104.0,0.0,0.0,278.0,0.832,10.0,0,"92 km SSE of King Cove, Alaska",92 km SSE,"King Cove, Alaska",shallow,32.5,0,,,1786615532080,ml,reviewed,us,0.019230769230769246
aka2026pylytt,2.6,11.3,-169.823,52.358,104.0,0.0,0.0,296.0,0.4,15.0,0,"91 km SW of Nikolski, Alaska",91 km SW,"Nikolski, Alaska",shallow,32.5,0,SCEDC-01,0,1786613485774,ml,reviewed,ak,0.019230769230769246
ci40671666,2.63,7.82,-116.249666666667,32.913,107.0,1.0,2.0,46.0,0.1475,86.0,0,"28 km SSW of Ocotillo Wells, CA",28 km SSW,"Ocotillo Wells, CA",shallow,32.875,0,PNSN-07,,1786613478030,ml,reviewed,ci,0.024999999999999977
us6000tkfh,5.1,91.206,125.8789,6.2479,405.0,12.0,4.3,50.0,0.869,88.0,0,"22 km ENE of Lapuan, Philippines",22 km ENE,"Lapuan, Philippines",intermediate,63.74999999999999,1,SCEDC-01,13,1786612978999,mww,reviewed,us,0.4999999999999999
us6000tkj5,2.9,102.79,178.2753,51.7632,129.0,0.0,0.0,275.0,0.236,12.0,0,"Rat Islands, Aleutian Islands, Alaska",,"Rat Islands, Aleutian Islands, Alaska",intermediate,36.25,0,SCEDC-01,3,1786609352743,ml,reviewed,us,0.0769230769230769
tx2026pvveaq,2.9,8.8043,-103.967,31.614,129.0,0.0,0.0,27.0,0.0,58.0,0,"36 km WSW of Mentone, Texas",36 km WSW,"Mentone, Texas",shallow,36.25,0,PNSN-07,15,1786609062250,ml,reviewed,tx,0.0769230769230769
us6000tkj4,2.7,35.0,-169.4925,52.355,112.0,0.0,0.0,217.0,0.455,18.0,0,"77 km SSW of Nikolski, Alaska",77 km SSW,"Nikolski, Alaska",shallow,33.75,0,USGS-WEST,13,1786607985291,ml,reviewed,us,0.03846153846153849
us6000tkj3,3.4,79.028,-179.6982,51.5042,178.0,0.0,0.0,174.0,0.555,19.0,0,"215 km WSW of Adak, Alaska",215 km WSW,"Adak, Alaska",intermediate,42.5,0,PNSN-07,5,1786606267910,ml,reviewed,us,0.17307692307692304
aka2026pyhpqg,2.8,36.4,-141.523,58.801,121.0,0.0,0.0,171.0,1.2,42.0,0,"132 km SW of Yakutat, Alaska",132 km SW,"Yakutat, Alaska",shallow,35.0,0,PNSN-07,12,1786605656933,ml,reviewed,ak,0.057692307692307654
us6000tkeb,4.5,39.155,155.449,48.7896,312.0,0.0,0.0,135.0,4.552,58.0,0,"215 km SSW of Severo-Kuril’sk, Russia",215 km SSW,"Severo-Kuril’sk, Russia",shallow,56.25,0,PNSN-07,0,1786604965511,mb,reviewed,us,0.3846153846153846
tx2026pvrppd,2.6,8.374,-101.71,31.845,104.0,0.0,0.0,55.0,0.0,102.0,0,"21 km W of Garden City, Texas",21 km W,"Garden City, Texas",shallow,32.5,0,USGS-WEST,11,1786602625846,ml,reviewed,tx,0.019230769230769246
us6000tlnc,4.3,44.252,-26.9773,-55.8521,284.0,0.0,0.0,192.0,5.686,16.0,0,South Sandwich Islands region,,South Sandwich Islands region,shallow,53.75,0,USGS-WEST,6,1786598051920,mb,reviewed,us,0.3461538461538461
us6000tkdq,4.4,55.826,-103.9941,18.7881,299.0,3.0,3.4,198.0,2.75,47.0,0,"16 km SSE of Cuyutlán, Mexico",16 km SSE,"Cuyutlán, Mexico",shallow,55.00000000000001,0,CEA-12,15,1786597327923,mb,reviewed,us,0.3653846153846154
us6000tkdf,4.3,57.968,74.2629,36.8572,284.0,0.0,0.0,81.0,2.026,38.0,0,"70 km NNW of Barishal, Pakistan",70 km NNW,"Barishal, Pakistan",shallow,53.75,0,SCEDC-01,0,1786595053980,mb,reviewed,us,0.3461538461538461
pr71528348,3.38,110.18,-68.2221666666667,18.3075,176.0,0.0,0.0,188.0,0.2552,14.0,0,"35 km SSE of Punta Cana, Dominican Republic",35 km SSE,"Punta Cana, Dominican Republic",intermediate,42.25,0,SCEDC-01,5,1786592490760,md,reviewed,pr,0.1692307692307692
us6000tke7,3.4,10.0,176.3382,51.8674,178.0,0.0,0.0,199.0,1.349,10.0,0,"240 km ESE of Attu Station, Alaska",240 km ESE,"Attu Station, Alaska",shallow,42.5,0,SCEDC-01,4,1786585604527,ml,reviewed,us,0.17307692307692304
pr71528338,2.56,10.73,-66.9413333333333,17.9826666666667,101.0,0.0,0.0,155.0,0.03281,26.0,0,"2 km WSW of Fuig, Puerto Rico",2 km WSW,"Fuig, Puerto Rico",shallow,32.0,0,CEA-12,15,1786584711020,md,reviewed,pr,0.011538461538461548
us6000tke6,2.5,9.749,-162.394,54.2063,96.0,0.0,0.0,245.0,0.883,15.0,0,"95 km S of King Cove, Alaska",95 km S,"King Cove, Alaska",shallow,31.25,0,SCEDC-01,15,1786584134495,ml,reviewed,us,0.0
us6000tkci,5.1,58.893,74.3579,36.7849,400.0,1.0,2.0,28.0,2.131,93.0,0,"59 km NNW of Barishal, Pakistan",59 km NNW,"Barishal, Pakistan",shallow,63.74999999999999,1,PNSN-07,5,1786581318815,mww,reviewed,us,0.4999999999999999
us6000tkcj,4.7,10.0,7.8276,73.4757,340.0,0.0,0.0,60.0,5.164,36.0,0,Greenland Sea,,Greenland Sea,shallow,58.75,0,USGS-WEST,2,1786581207168,mww,reviewed,us,0.4230769230769231
us6000tkcb,5.5,56.794,-88.2864,12.6084,470.0,15.0,3.4,186.0,0.856,38.0,0,"69 km SSW of Chirilagua, El Salvador",69 km SSW,"Chirilagua, El Salvador",shallow,68.75,1,USGS-WEST,,1786581004840,mww,reviewed,us,0.5769230769230769
nc75417167,2.72,8.4,-123.455333333333,40.0303333333333,114.0,1.0,1.0,38.0,0.101,45.0,0,"32 km NNW of Covelo, CA",32 km NNW,"Covelo, CA",shallow,34.0,0,USGS-WEST,4,1786577249260,md,reviewed,nc,0.042307692307692345
us6000tl73,4.5,10.0,-174.811,-25.5297,312.0,0.0,0.0,104.0,7.853,16.0,0,south of Tonga,south,Tonga,shallow,56.25,0,,,1786573367252,mb,reviewed,us,0.3846153846153846
us6000tkba,5.1,583.718,-178.5634,-17.8169,400.0,0.0,0.0,80.0,2.382,106.0,0,"226 km E of Levuka, Fiji",226 km E,"Levuka, Fiji",deep,63.74999999999999,1,USGS-WEST,8,1786572814815,mb,reviewed,us,0.4999999999999999
aka2026pxocue,2.7,9.4,-159.756,55.96,112.0,0.0,0.0,165.0,0.2,21.0,0,"18 km WNW of Ivanof Bay, Alaska",18 km WNW,"Ivanof Bay, Alaska",shallow,33.75,0,PNSN-07,15,1786570580973,ml,reviewed,ak,0.03846153846153849
us6000tl71,4.0,10.0,99.3974,35.3321,246.0,0.0,0.0,88.0,3.555,18.0,0,"198 km NW of Oula Xiuma, China",198 km NW,"Oula Xiuma, China",shallow,50.0,0,CEA-12,8,1786570112225,mb,reviewed,us,0.28846153846153844
us6000tl72,4.4,10.0,-17.8704,-0.1138,298.0,0.0,0.0,133.0,8.372,19.0,0,north of Ascension Island,north,Ascension Island,shallow,55.00000000000001,0,PNSN-07,15,1786570010628,mb,reviewed,us,0.3653846153846154
us6000tkax,4.7,10.0,122.2673,20.4747,340.0,0.0,0.0,120.0,2.58,53.0,0,"31 km E of Basco, Philippines",31 km E,"Basco, Philippines",shallow,58.75,0,SCEDC-01,13,1786569920175,mb,reviewed,us,0.4230769230769231
us6000tkaw,4.4,10.0,130.4346,32.4475,298.0,0.0,0.0,104.0,0.935,41.0,0,"16 km WSW of Honmachi, Japan",16 km WSW,"Honmachi, Japan",shallow,55.00000000000001,0,PNSN-07,11,1786569688869,mwr,reviewed,us,0.3653846153846154
us6000tkcg,3.3,164.349,177.0039,53.4293,168.0,0.0,0.0,226.0,1.727,9.0,0,"263 km ENE of Attu Station, Alaska",263 km ENE,"Attu Station, Alaska",intermediate,41.25,0,,,1786569373453,ml,reviewed,us,0.1538461538461538
ci40671466,2.63,4.22,-118.628666666667,34.3845,147.0,106.0,3.8,15.0,0.04246,91.0,0,"9 km SW of Valencia, CA",9 km SW,"Valencia, CA",shallow,32.875,0,CEA-12,9,1786568189310,ml,reviewed,ci,0.024999999999999977
us6000tkc9,3.6,35.0,-159.9532,54.501,199.0,0.0,0.0,197.0,1.283,63.0,0,"99 km SSE of Sand Point, Alaska",99 km SSE,"Sand Point, Alaska",shallow,45.0,0,SCEDC-01,10,1786565034806,mb,reviewed,us,0.21153846153846154
us6000tka7,4.4,15.766,120.6514,21.9386,298.0,0.0,0.0,93.0,0.961,85.0,0,"11 km SW of Hengchun, Taiwan",11 km SW,"Hengchun, Taiwan",shallow,55.00000000000001,0,CEA-12,9,1786564461437,mb,reviewed,us,0.3653846153846154
us6000tk9q,4.5,178.38,129.516,-6.5002,312.0,0.0,0.0,35.0,2.002,85.0,0,Banda Sea,,Banda Sea,intermediate,56.25,0,,,1786561105658,mb,reviewed,us,0.3846153846153846
us6000tkam,2.8,31.847,-173.5279,51.6639,121.0,0.0,0.0,210.0,0.68,18.0,0,"75 km SE of Atka, Alaska",75 km SE,"Atka, Alaska",shallow,35.0,0,CEA-12,6,1786559647074,ml,reviewed,us,0.057692307692307654
us6000tk9l,4.2,158.608,-69.7862,-17.3277,271.0,0.0,0.0,120.0,0.391,27.0,0,"27 km E of Chuquitira, Peru",27 km E,"Chuquitira, Peru",intermediate,52.5,0,CEA-12,14,1786559310735,mb,reviewed,us,0.3269230769230769
us6000tkak,3.1,35.0,-160.5607,54.276,148.0,0.0,0.0,217.0,1.157,45.0,0,"118 km S of Sand Point, Alaska",118 km S,"Sand Point, Alaska",shallow,38.75,0,CEA-12,7,1786555655797,ml,reviewed,us,0.11538461538461539
us6000tl70,4.0,558.591,-178.4803,-20.9354,246.0,0.0,0.0,136.0,4.559,18.0,0,Fiji region,,Fiji region,deep,50.0,0,PNSN-07,8,1786552361359,mb,reviewed,us,0.28846153846153844
us6000tkai,2.8,35.0,-166.836,53.0134,121.0,0.0,0.0,217.0,0.759,18.0,0,"97 km SSW of Unalaska, Alaska",97 km SSW,"Unalaska, Alaska",shallow,35.0,0,PNSN-07,12,1786547733821,ml,reviewed,us,0.057692307692307654
pr71528298,3.04,35.12,-66.8641666666667,18.9548333333333,142.0,0.0,0.0,293.0,0.5383,11.0,0,"52 km N of Hatillo, Puerto Rico",52 km N,"Hatillo, Puerto Rico",shallow,38.0,0,USGS-WEST,11,1786547497860,md,reviewed,pr,0.10384615384615385
aka2026pxbhdx,3.0,5.0,-152.539,57.839,167.0,74.0,3.8,152.0,0.7,72.0,0,"8 km NNE of Kodiak Station, Alaska",8 km NNE,"Kodiak Station, Alaska",shallow,37.5,0,PNSN-07,0,1786547496546,ml,reviewed,ak,0.09615384615384615
hv75018581,3.22,10.89,-155.154333333333,18.8871666666667,160.0,0.0,0.0,277.0,0.3949,17.0,0,"48 km SE of Pāhala, Hawaii",48 km SE,"Pāhala, Hawaii",shallow,40.25,0,CEA-12,11,1786545916750,ml,reviewed,hv,0.1384615384615385
us6000tl9x,4.2,10.0,169.5841,-21.828,271.0,0.0,0.0,141.0,2.129,13.0,0,"179 km E of Tadine, New Caledonia",179 km E,"Tadine, New Caledonia",shallow,52.5,0,USGS-WEST,14,1786539695315,mb,reviewed,us,0.3269230769230769
pr71528278,2.82,82.29,-67.2101666666667,18.614,122.0,0.0,0.0,232.0,0.1734,12.0,0,"17 km NW of San Antonio, Puerto Rico",17 km NW,"San Antonio, Puerto Rico",intermediate,35.25,0,PNSN-07,,1786539576650,md,reviewed,pr,0.06153846153846151
us6000tk7a,4.3,526.828,-179.7774,-23.4416,284.0,0.0,0.0,145.0,6.021,29.0,0,south of the Fiji Islands,south,the Fiji Islands,deep,53.75,0,USGS-WEST,5,1786538546674,mb,reviewed,us,0.3461538461538461
us6000tk75,4.6,35.0,-92.3028,13.9641,326.0,0.0,0.0,185.0,2.31,68.0,0,"55 km SW of Champerico, Guatemala",55 km SW,"Champerico, Guatemala",shallow,57.49999999999999,0,SCEDC-01,11,1786535789774,mb,reviewed,us,0.40384615384615374
pr71528248,3.04,12.26,-64.752,18.119,142.0,0.0,0.0,141.0,0.3028,8.0,0,"23 km S of Cruz Bay, U.S. Virgin Islands",23 km S,"Cruz Bay, U.S. Virgin Islands",shallow,38.0,0,USGS-WEST,4,1786535431190,md,reviewed,pr,0.10384615384615385
us6000tk74,6.0,10.0,-28.9899,-60.2445,554.0,0.0,1.0,64.0,7.224,76.0,0,South Sandwich Islands region,,South Sandwich Islands region,shallow,75.0,1,CEA-12,,1786535232117,mww,reviewed,us,0.673076923076923
us6000tk6z,4.2,143.607,70.9096,36.3843,271.0,0.0,0.0,74.0,2.298,41.0,0,"53 km S of Jurm, Afghanistan",53 km S,"Jurm, Afghanistan",intermediate,52.5,0,USGS-WEST,14,1786534141367,mb,reviewed,us,0.3269230769230769
us6000tk6w,4.4,159.257,149.8439,46.0764,298.0,0.0,0.0,124.0,4.969,173.0,0,"180 km ENE of Kuril’sk, Russia",180 km ENE,"Kuril’sk, Russia",intermediate,55.00000000000001,0,SCEDC-01,7,1786531669157,mb,reviewed,us,0.3653846153846154
nc75416682,3.22,2.89000010490417,-122.808166503906,38.8121681213379,165.0,13.0,3.9,22.0,0.01089,79.0,0,"6 km NW of The Geysers, CA",6 km NW,"The Geysers, CA",shallow,40.25,0,PNSN-07,7,1786530610120,ml,automatic,nc,0.1384615384615385
nc75416672,3.2,2.78999996185303,-122.806335449219,38.813835144043,160.0,6.0,3.4,23.0,0.01042,87.0,0,"6 km NW of The Geysers, CA",6 km NW,"The Geysers, CA",shallow,40.0,0,USGS-WEST,10,1786530501440,ml,automatic,nc,0.13461538461538464
us6000tk6n,4.5,10.0,127.7768,-2.6342,312.0,0.0,0.0,65.0,2.833,28.0,0,"125 km NNW of Ambon, Indonesia",125 km NNW,"Ambon, Indonesia",shallow,56.25,0,PNSN-07,0,1786529728554,mb,reviewed,us,0.3846153846153846
us6000tk6k,4.0,236.122,70.8776,36.6841,246.0,0.0,0.0,104.0,2.068,37.0,0,"20 km S of Jurm, Afghanistan",20 km S,"Jurm, Afghanistan",intermediate,50.0,0,USGS-WEST,2,1786528552082,mb,reviewed,us,0.28846153846153844
nc75416622,2.54,15.02,-124.850166666667,40.354,99.0,0.0,0.0,243.0,0.3936,58.0,0,"48 km W of Petrolia, CA",48 km W,"Petrolia, CA",shallow,31.75,0,USGS-WEST,0,1786524264220,md,reviewed,nc,0.007692307692307699
pr71528233,2.61,13.99,-64.765,18.204,105.0,0.0,0.0,232.0,0.2343,4.0,0,"14 km SSE of Cruz Bay, U.S. Virgin Islands",14 km SSE,"Cruz Bay, U.S. Virgin Islands",shallow,32.625,0,PNSN-07,14,1786523962130,md,reviewed,pr,0.02115384615384613
hv75018421,2.79,10.08,-155.160333333333,18.879,120.0,0.0,0.0,264.0,0.3964,25.0,0,"48 km ESE of Naalehu, Hawaii",48 km ESE,"Naalehu, Hawaii",shallow,34.875,0,USGS-WEST,8,1786519789730,ml,reviewed,hv,0.05576923076923077
us6000tk5x,5.0,10.0,75.3037,42.0411,385.0,2.0,2.2,53.0,0.746,76.0,0,"66 km E of Chayek, Kyrgyzstan",66 km E,"Chayek, Kyrgyzstan",shallow,62.5,1,PNSN-07,9,1786518892581,mb,reviewed,us,0.4807692307692307
ci40670922,3.04,2.8,-117.661833333333,33.8333333333333,279.0,402.0,3.4,16.0,0.05309,151.0,0,"10 km WSW of Corona, CA",10 km WSW,"Corona, CA",shallow,38.0,0,CEA-12,5,1786515426400,ml,reviewed,ci,0.10384615384615385
mb90205033,2.97,12.68,-115.156833333333,44.2671666666667,136.0,0.0,0.0,89.0,0.2751,15.0,0,"18 km WNW of Stanley, Idaho",18 km WNW,"Stanley, Idaho",shallow,37.125,0,CEA-12,3,1786515108460,ml,reviewed,mb,0.09038461538461542
pr71528243,3.43,25.9,-64.1811666666667,18.2653333333333,181.0,0.0,0.0,305.0,0.3068,9.0,0,"65 km E of Cruz Bay, U.S. Virgin Islands",65 km E,"Cruz Bay, U.S. Virgin Islands",shallow,42.875,0,PNSN-07,3,1786511770420,md,reviewed,pr,0.17884615384615388
us6000tk5j,5.1,10.0,-143.4933,-55.9202,400.0,0.0,0.0,100.0,27.772,29.0,0,Pacific-Antarctic Ridge,,Pacific-Antarctic Ridge,shallow,63.74999999999999,1,USGS-WEST,,1786511487487,mb,reviewed,us,0.4999999999999999
pr71528198,3.36,41.64,-64.9201666666667,18.6291666666667,174.0,0.0,0.0,199.0,0.2774,24.0,0,"31 km N of Charlotte Amalie, U.S. Virgin Islands",31 km N,"Charlotte Amalie, U.S. Virgin Islands",shallow,42.0,0,USGS-WEST,,1786509618130,md,reviewed,pr,0.16538461538461535
nn00923208,2.62,10.9858,-117.977,38.1362,106.0,0.0,0.0,54.0,0.41,16.0,0,"30 km SSE of Mina, Nevada",30 km SSE,"Mina, Nevada",shallow,32.75,0,CEA-12,,1786507831556,ml,reviewed,nn,0.023076923076923096
us6000tk5c,4.9,10.0,130.4504,32.4564,370.0,2.0,4.1,115.0,0.944,44.0,0,"14 km WSW of Honmachi, Japan",14 km WSW,"Honmachi, Japan",shallow,61.25000000000001,0,PNSN-07,,1786507551903,mww,reviewed,us,0.46153846153846156
hv75018296,5.2,10.73,-155.233333333333,18.879,441.0,67.0,3.8,256.0,0.3499,60.0,0,"42 km ESE of Naalehu, Hawaii",42 km ESE,"Naalehu, Hawaii",shallow,65.0,1,SCEDC-01,8,1786506513980,ml,reviewed,hv,0.5192307692307693
us6000tk55,4.2,10.0,15.8885,51.5853,271.0,0.0,0.0,62.0,1.267,26.0,0,"4 km WNW of Radwanice, Poland",4 km WNW,"Radwanice, Poland",shallow,52.5,0,CEA-12,,1786506316110,mb,reviewed,us,0.3269230769230769
us6000tk52,4.4,146.743,126.105,6.0864,298.0,0.0,0.0,112.0,1.108,26.0,0,"31 km SSW of Pondaguitan, Philippines",31 km SSW,"Pondaguitan, Philippines",intermediate,55.00000000000001,0,PNSN-07,8,1786505893678,mb,reviewed,us,0.3653846153846154
hv75018276,3.25,13.09,-155.2425,18.8843333333333,162.0,0.0,1.0,255.0,0.3404,54.0,0,"40 km ESE of Naalehu, Hawaii",40 km ESE,"Naalehu, Hawaii",shallow,40.625,0,CEA-12,9,1786504615850,ml,reviewed,hv,0.14423076923076922
us6000tk9v,3.2,12.121,176.3419,52.0147,158.0,0.0,0.0,190.0,1.343,8.0,0,"233 km ESE of Attu Station, Alaska",233 km ESE,"Attu Station, Alaska",shallow,40.0,0,SCEDC-01,14,1786503783528,ml,reviewed,us,0.13461538461538464
us6000tk6r,2.9,87.681,-173.5203,51.9991,129.0,0.0,0.0,197.0,0.451,14.0,0,"51 km ESE of Atka, Alaska",51 km ESE,"Atka, Alaska",intermediate,36.25,0,PNSN-07,6,1786500147922,ml,reviewed,us,0.0769230769230769
pr2026224000,3.65,8.0,-64.542,18.8553,205.0,0.0,0.0,257.0,0.3906,23.0,0,"63 km NNE of Cruz Bay, U.S. Virgin Islands",63 km NNE,"Cruz Bay, U.S. Virgin Islands",shallow,45.625,0,,,1786499484670,md,reviewed,pr,0.22115384615384612
pr71528153,3.28,9.45,-64.5163333333333,18.872,166.0,0.0,0.0,267.0,0.3948,15.0,0,"66 km NNE of Cruz Bay, U.S. Virgin Islands",66 km NNE,"Cruz Bay, U.S. Virgin Islands",shallow,41.0,0,CEA-12,0,1786498954480,md,reviewed,pr,0.14999999999999997
pr71528143,3.11,7.1,-66.1133333333333,19.044,149.0,0.0,0.0,229.0,0.6881,21.0,0,"63 km N of San Juan, Puerto Rico",63 km N,"San Juan, Puerto Rico",shallow,38.875,0,PNSN-07,14,1786497845290,md,reviewed,pr,0.11730769230769228
us6000tk4d,4.1,205.984,71.0071,36.6432,259.0,0.0,0.0,95.0,2.04,38.0,0,"29 km SSE of Jurm, Afghanistan",29 km SSE,"Jurm, Afghanistan",intermediate,51.24999999999999,0,PNSN-07,6,1786494412528,mb,reviewed,us,0.3076923076923076
us6000tk46,4.4,40.272,-87.2721,11.7562,298.0,0.0,0.0,166.0,1.988,33.0,0,"81 km S of Corinto, Nicaragua",81 km S,"Corinto, Nicaragua",shallow,55.00000000000001,0,PNSN-07,6,1786491275106,mb,reviewed,us,0.3653846153846154
us6000tk41,4.7,22.114,139.8821,-3.9425,340.0,0.0,0.0,80.0,1.638,39.0,0,"170 km SSW of Abepura, Indonesia",170 km SSW,"Abepura, Indonesia",shallow,58.75,0,,,1786491193327,mb,reviewed,us,0.4230769230769231
us6000tkqn,4.3,10.0,127.4354,7.1554,284.0,0.0,0.0,135.0,1.844,25.0,0,"96 km E of Santiago, Philippines",96 km E,"Santiago, Philippines",shallow,53.75,0,,,1786490082698,mb,reviewed,us,0.3461538461538461
us6000tkqp,4.2,10.0,160.2186,50.9846,271.0,0.0,0.0,178.0,2.26,16.0,0,"249 km SSE of Vilyuchinsk, Russia",249 km SSE,"Vilyuchinsk, Russia",shallow,52.5,0,SCEDC-01,4,1786489963264,mb,reviewed,us,0.3269230769230769
us6000tkql,4.5,116.733,-73.7019,6.2416,312.0,0.0,0.0,61.0,0.706,26.0,0,"12 km ENE of Landázuri, Colombia",12 km ENE,"Landázuri, Colombia",intermediate,56.25,0,PNSN-07,6,1786487374063,mb,reviewed,us,0.3846153846153846
us6000tkqk,4.1,10.0,141.7176,29.109,259.0,0.0,0.0,266.0,7.453,17.0,0,"Izu Islands, Japan region",,"Izu Islands, Japan region",shallow,51.24999999999999,0,PNSN-07,10,1786487334450,mb,reviewed,us,0.3076923076923076
aka2026pvtuaw,3.9,147.2,-153.257,60.105,235.0,3.0,2.0,20.0,0.1,248.0,0,"59 km NE of Pedro Bay, Alaska",59 km NE,"Pedro Bay, Alaska",intermediate,48.75,0,CEA-12,6,1786487215321,ml,reviewed,ak,0.2692307692307692
us6000tk3b,4.8,68.868,142.1225,41.6137,354.0,0.0,0.0,113.0,0.871,52.0,0,"81 km SW of Urakawa, Japan",81 km SW,"Urakawa, Japan",shallow,60.0,0,USGS-WEST,,1786484754898,mww,reviewed,us,0.44230769230769224
us6000tk33,4.6,44.491,69.7503,32.4227,326.0,0.0,0.0,96.0,2.149,47.0,0,"21 km NE of Wana, Pakistan",21 km NE,"Wana, Pakistan",shallow,57.49999999999999,0,USGS-WEST,6,1786484224540,mb,reviewed,us,0.40384615384615374
nc75416222,2.76,2.45000004768372,-122.803337097168,38.8261680603027,117.0,0.0,1.0,32.0,0.01589,69.0,0,"7 km NW of The Geysers, CA",7 km NW,"The Geysers, CA",shallow,34.5,0,SCEDC-01,0,1786484114730,md,automatic,nc,0.049999999999999954
nc75416217,2.99,2.75999999046326,-122.804832458496,38.8261680603027,140.0,10.0,2.7,37.0,0.01666,49.0,0,"7 km NW of The Geysers, CA",7 km NW,"The Geysers, CA",shallow,37.375,0,CEA-12,0,1786484097190,ml,automatic,nc,0.09423076923076927
us6000tk3r,3.0,35.0,-170.5175,51.9789,138.0,0.0,0.0,217.0,0.892,32.0,0,"155 km SW of Nikolski, Alaska",155 km SW,"Nikolski, Alaska",shallow,37.5,0,PNSN-07,14,1786483381183,ml,reviewed,us,0.09615384615384615
us6000tkqj,4.2,10.0,-86.9652,12.2562,271.0,0.0,0.0,165.0,1.791,19.0,0,"22 km SSW of León, Nicaragua",22 km SSW,"León, Nicaragua",shallow,52.5,0,PNSN-07,1,1786482508280,mb,reviewed,us,0.3269230769230769
us6000tk3n,3.3,10.0,-170.4565,51.9186,168.0,0.0,0.0,222.0,0.934,20.0,0,"157 km SW of Nikolski, Alaska",157 km SW,"Nikolski, Alaska",shallow,41.25,0,PNSN-07,1,1786481852282,ml,reviewed,us,0.1538461538461538
us6000tk2n,4.5,53.612,126.4972,2.717,312.0,0.0,0.0,124.0,12.587,32.0,0,"200 km WNW of Tobelo, Indonesia",200 km WNW,"Tobelo, Indonesia",shallow,56.25,0,,,1786481727983,mb,reviewed,us,0.3846153846153846
us6000tk2d,4.2,40.686,-170.4011,51.8195,271.0,0.0,0.0,136.0,1.018,105.0,0,"162 km SW of Nikolski, Alaska",162 km SW,"Nikolski, Alaska",shallow,52.5,0,CEA-12,8,1786480978478,mb,reviewed,us,0.3269230769230769
ci40670714,2.92,2.18,-115.610666666667,33.185,132.0,2.0,2.7,43.0,0.01015,55.0,0,"11 km SW of Niland, CA",11 km SW,"Niland, CA",shallow,36.5,0,CEA-12,14,1786480442480,ml,reviewed,ci,0.08076923076923075
us6000tk29,5.0,71.07,152.9244,-4.6393,385.0,1.0,3.1,35.0,0.879,145.0,0,"79 km ESE of Kokopo, Papua New Guinea",79 km ESE,"Kokopo, Papua New Guinea",intermediate,62.5,1,PNSN-07,,1786480289038,mww,reviewed,us,0.4807692307692307
us6000tk1y,5.0,10.0,128.3815,1.67,385.0,0.0,0.0,54.0,3.831,92.0,0,"41 km E of Tobelo, Indonesia",41 km E,"Tobelo, Indonesia",shallow,62.5,1,PNSN-07,0,1786479258524,mb,reviewed,us,0.4807692307692307
us6000tk1m,4.8,110.71,93.5204,10.5368,354.0,0.0,0.0,35.0,6.271,127.0,0,"150 km SE of Port Blair, India",150 km SE,"Port Blair, India",intermediate,60.0,0,SCEDC-01,10,1786478141169,mb,reviewed,us,0.44230769230769224
us6000tk1j,4.3,237.377,-67.0402,-21.707,284.0,0.0,0.0,59.0,1.627,29.0,0,"120 km SW of Atocha, Bolivia",120 km SW,"Atocha, Bolivia",intermediate,53.75,0,SCEDC-01,10,1786477044911,mb,reviewed,us,0.3461538461538461
us6000tkqg,4.3,198.445,167.2379,-14.4729,284.0,0.0,0.0,164.0,6.667,29.0,0,"65 km NNE of Port-Olry, Vanuatu",65 km NNE,"Port-Olry, Vanuatu",intermediate,53.75,0,SCEDC-01,8,1786475351730,mb,reviewed,us,0.3461538461538461
us6000tk14,4.5,30.309,-173.0442,-18.9346,312.0,0.0,0.0,77.0,2.952,27.0,0,"103 km ESE of Neiafu, Tonga",103 km ESE,"Neiafu, Tonga",shallow,56.25,0,PNSN-07,14,1786473923331,mb,reviewed,us,0.3846153846153846
us6000tk0u,4.6,10.0,126.5777,-31.5493,326.0,0.0,0.0,122.0,1.484,44.0,0,Western Australia,,Western Australia,shallow,57.49999999999999,0,CEA-12,10,1786471825519,mb,reviewed,us,0.40384615384615374
us6000tk0q,4.0,10.0,-80.8897,-0.981,246.0,0.0,0.0,234.0,1.791,13.0,0,"19 km W of Manta, Ecuador",19 km W,"Manta, Ecuador",shallow,50.0,0,USGS-WEST,9,1786471533734,mb,reviewed,us,0.28846153846153844
us6000tk0c,4.6,139.851,26.1037,45.5724,326.0,3.0,2.2,23.0,0.138,111.0,0,"9 km ESE of Vama Buzăului, Romania",9 km ESE,"Vama Buzăului, Romania",intermediate,57.49999999999999,0,CEA-12,1,1786468876151,mb,reviewed,us,0.40384615384615374
us6000tk4g,2.5,35.0,-164.7696,53.6494,96.0,0.0,0.0,208.0,0.718,20.0,0,"85 km SE of Akutan, Alaska",85 km SE,"Akutan, Alaska",shallow,31.25,0,PNSN-07,14,1786468543790,ml,reviewed,us,0.0
us6000tk0a,5.0,10.0,144.9098,-7.5839,385.0,0.0,0.0,24.0,2.868,75.0,0,"103 km WNW of Kerema, Papua New Guinea",103 km WNW,"Kerema, Papua New Guinea",shallow,62.5,1,,,1786467978407,mb,reviewed,us,0.4807692307692307
uw714075502,3.09,11.81,-120.609,46.3901666666667,165.0,57.0,3.2,46.0,0.1743,100.0,0,"5 km WSW of Harrah, Washington",5 km WSW,"Harrah, Washington",shallow,38.625,0,PNSN-07,0,1786465432580,ml,reviewed,uw,0.11346153846153843
aka2026pvgipq,2.5,10.0,-150.626,62.109,96.0,1.0,1.0,27.0,0.3,81.0,0,"30 km SW of Trapper Creek, Alaska",30 km SW,"Trapper Creek, Alaska",shallow,31.25,0,USGS-WEST,14,1786463037428,ml,reviewed,ak,0.0
us6000tjzx,4.2,100.605,-76.3385,4.9201,271.0,0.0,0.0,113.0,1.498,34.0,0,"11 km WNW of San José del Palmar, Colombia",11 km WNW,"San José del Palmar, Colombia",intermediate,52.5,0,PNSN-07,14,1786463021099,mb,reviewed,us,0.3269230769230769
aka2026pvduzh,3.2,43.6,-154.773,57.256,158.0,0.0,0.0,63.0,0.4,117.0,0,"39 km SSW of Karluk, Alaska",39 km SSW,"Karluk, Alaska",shallow,40.0,0,USGS-WEST,8,1786458494360,ml,reviewed,ak,0.13461538461538464
hv75017881,3.13,15.0,-155.205833333333,18.837,151.0,0.0,0.0,264.0,0.3989,61.0,0,"46 km ESE of Naalehu, Hawaii",46 km ESE,"Naalehu, Hawaii",shallow,39.125,0,SCEDC-01,12,1786457722230,ml,reviewed,hv,0.12115384615384613
hv75017861,3.32,11.66,-155.217833333333,18.8653333333333,170.0,1.0,2.0,260.0,0.3697,53.0,0,"44 km ESE of Naalehu, Hawaii",44 km ESE,"Naalehu, Hawaii",shallow,41.5,0,PNSN-07,14,1786456555630,ml,reviewed,hv,0.15769230769230766
hv75017846,3.29,11.69,-155.2155,18.8668333333333,167.0,0.0,0.0,259.0,0.3699,61.0,0,"44 km ESE of Naalehu, Hawaii",44 km ESE,"Naalehu, Hawaii",shallow,41.125,0,CEA-12,5,1786455060720,ml,reviewed,hv,0.15192307692307694
us6000tjxa,4.8,30.609,130.3922,-7.397,354.0,0.0,0.0,86.0,2.897,53.0,0,"Pulau Pulau Tanimbar, Indonesia",,"Pulau Pulau Tanimbar, Indonesia",shallow,60.0,0,USGS-WEST,15,1786452312884,mb,reviewed,us,0.44230769230769224
aka2026pvailr,3.1,20.6,-166.596,52.61,148.0,0.0,0.0,238.0,1.1,34.0,0,"140 km S of Unalaska, Alaska",140 km S,"Unalaska, Alaska",shallow,38.75,0,PNSN-07,,1786452236091,ml,reviewed,ak,0.11538461538461539
us6000tjx7,4.5,174.304,153.1425,49.2842,312.0,0.0,0.0,143.0,4.781,78.0,0,"264 km SW of Severo-Kuril’sk, Russia",264 km SW,"Severo-Kuril’sk, Russia",intermediate,56.25,0,CEA-12,9,1786450421963,mb,reviewed,us,0.3846153846153846
nc75415817,2.66,0.509999990463257,-121.175003051758,36.5691680908203,109.0,2.0,2.2,40.0,0.008745,59.0,0,"5 km NW of Pinnacles, CA",5 km NW,"Pinnacles, CA",shallow,33.25,0,PNSN-07,14,1786450169580,md,automatic,nc,0.030769230769230795
us6000tjx1,4.6,170.699,129.7317,-6.7252,326.0,0.0,0.0,83.0,2.195,84.0,0,Banda Sea,,Banda Sea,intermediate,57.49999999999999,0,CEA-12,7,1786445392149,mb,reviewed,us,0.40384615384615374
nc75415712,2.57,2.82,-121.193833333333,36.5701666666667,102.0,0.0,0.0,56.0,0.006958,24.0,0,"6 km NW of Pinnacles, CA",6 km NW,"Pinnacles, CA",shallow,32.125,0,USGS-WEST,7,1786443640960,md,reviewed,nc,0.013461538461538431
nc75415717,3.94,4.62,-121.182333333333,36.5778333333333,253.0,34.0,4.3,40.0,0.0066,85.0,0,"6 km NW of Pinnacles, CA",6 km NW,"Pinnacles, CA",shallow,49.25,0,USGS-WEST,,1786443548180,mw,reviewed,nc,0.2769230769230769
aka2026puuuog,2.9,20.0,176.332,52.025,129.0,0.0,0.0,190.0,1.4,11.0,0,"232 km ESE of Attu Station, Alaska",232 km ESE,"Attu Station, Alaska",shallow,36.25,0,CEA-12,12,1786442255452,ml,reviewed,ak,0.0769230769230769
us6000tjwm,4.4,34.39,-159.9604,54.5029,298.0,0.0,0.0,154.0,1.535,77.0,0,"98 km SSE of Sand Point, Alaska",98 km SSE,"Sand Point, Alaska",shallow,55.00000000000001,0,USGS-WEST,4,1786441001508,mb,reviewed,us,0.3653846153846154
us6000tjyx,3.9,35.0,172.7049,52.6078,234.0,0.0,0.0,213.0,0.858,86.0,0,"41 km SW of Attu Station, Alaska",41 km SW,"Attu Station, Alaska",shallow,48.75,0,USGS-WEST,8,1786440374382,mb,reviewed,us,0.2692307692307692
aka2026putcih,2.6,6.1,-160.139,54.535,104.0,0.0,0.0,222.0,1.2,30.0,0,"92 km SSE of Sand Point, Alaska",92 km SSE,"Sand Point, Alaska",shallow,32.5,0,CEA-12,,1786439211920,ml,reviewed,ak,0.019230769230769246
us6000tjwh,4.6,36.925,-159.9971,54.4899,326.0,2.0,3.8,168.0,1.527,48.0,0,"99 km SSE of Sand Point, Alaska",99 km SSE,"Sand Point, Alaska",shallow,57.49999999999999,0,USGS-WEST,5,1786438164635,mb,reviewed,us,0.40384615384615374
us6000tjwd,4.6,39.674,-81.0116,-5.8682,326.0,0.0,0.0,154.0,2.49,37.0,0,"40 km SSW of Sechura, Peru",40 km SSW,"Sechura, Peru",shallow,57.49999999999999,0,SCEDC-01,7,1786435234362,mb,reviewed,us,0.40384615384615374
uu80148271,3.29,-1.73,-109.886,41.56,167.0,1.0,2.0,112.0,0.1108,29.0,0,"2 km NW of Little America, Wyoming",2 km NW,"Little America, Wyoming",shallow,41.125,0,PNSN-07,2,1786435228270,ml,reviewed,uu,0.15192307692307694
us6000tk27,3.3,151.83,-175.6331,52.1857,168.0,0.0,0.0,146.0,0.269,24.0,0,"76 km ENE of Adak, Alaska",76 km ENE,"Adak, Alaska",intermediate,41.25,0,PNSN-07,0,1786432985733,ml,reviewed,us,0.1538461538461538
us6000tjw4,3.0,10.0,176.7078,50.376,138.0,0.0,0.0,326.0,1.925,14.0,0,"Rat Islands, Aleutian Islands, Alaska",,"Rat Islands, Aleutian Islands, Alaska",shallow,37.5,0,PNSN-07,1,1786432097079,ml,reviewed,us,0.09615384615384615
aka2026puobyu,2.7,8.2,176.31,51.969,112.0,0.0,0.0,194.0,1.4,11.0,0,"233 km ESE of Attu Station, Alaska",233 km ESE,"Attu Station, Alaska",shallow,33.75,0,PNSN-07,9,1786430182425,ml,reviewed,ak,0.03846153846153849
pr71528083,3.07,35.72,-64.7508333333333,18.456,145.0,0.0,0.0,202.0,0.129,8.0,0,"14 km NNE of Cruz Bay, U.S. Virgin Islands",14 km NNE,"Cruz Bay, U.S. Virgin Islands",shallow,38.375,0,PNSN-07,11,1786428006340,md,reviewed,pr,0.10961538461538459
aka2026pumqju,3.8,58.7,-173.733,51.678,222.0,0.0,0.0,205.0,0.6,89.0,0,"66 km SSE of Atka, Alaska",66 km SSE,"Atka, Alaska",shallow,47.5,0,PNSN-07,,1786427599109,ml,reviewed,ak,0.24999999999999994
nc75415627,2.54,37.2,-122.291666666667,39.9998333333333,99.0,0.0,0.0,32.0,0.1873,41.0,0,"9 km E of Rancho Tehama Reserve, CA",9 km E,"Rancho Tehama Reserve, CA",shallow,31.75,0,CEA-12,3,1786424240840,md,reviewed,nc,0.007692307692307699
aka2026pujftg,2.5,127.2,-150.87,63.023,96.0,0.0,0.0,40.0,0.5,110.0,0,"58 km N of Petersville, Alaska",58 km N,"Petersville, Alaska",intermediate,31.25,0,SCEDC-01,,1786421457098,ml,reviewed,ak,0.0
pr2026223000,3.86,100.0,-68.9661,18.413,229.0,0.0,0.0,211.0,0.5933,15.0,0,"1 km SSE of La Romana, Dominican Republic",1 km SSE,"La Romana, Dominican Republic",intermediate,48.25,0,,,1786419528250,md,reviewed,pr,0.2615384615384615
us6000tjvb,4.5,548.449,-179.7759,-23.5978,312.0,0.0,0.0,79.0,6.168,55.0,0,south of the Fiji Islands,south,the Fiji Islands,deep,56.25,0,PNSN-07,0,1786417879919,mb,reviewed,us,0.3846153846153846
us6000tkfr,4.6,10.0,-135.8731,-54.0512,326.0,0.0,0.0,174.0,34.019,21.0,0,Pacific-Antarctic Ridge,,Pacific-Antarctic Ridge,shallow,57.49999999999999,0,SCEDC-01,12,1786416367844,mb,reviewed,us,0.40384615384615374
us6000tk1x,2.5,10.537,176.4079,52.1218,96.0,0.0,0.0,182.0,1.31,10.0,0,"233 km ESE of Attu Station, Alaska",233 km ESE,"Attu Station, Alaska",shallow,31.25,0,PNSN-07,,1786416340879,ml,reviewed,us,0.0
us6000tjuw,3.6,46.5,-173.399,51.6378,199.0,0.0,0.0,206.0,0.751,23.0,0,"83 km SE of Atka, Alaska",83 km SE,"Atka, Alaska",shallow,45.0,0,USGS-WEST,14,1786414275032,mb,reviewed,us,0.21153846153846154
us6000tjv5,3.4,10.0,176.3308,52.0186,178.0,0.0,0.0,190.0,1.35,13.0,0,"232 km ESE of Attu Station, Alaska",232 km ESE,"Attu Station, Alaska",shallow,42.5,0,USGS-WEST,13,1786411082181,ml,reviewed,us,0.17307692307692304
us6000tjug,4.7,61.94,102.5519,-4.4801,340.0,0.0,1.0,188.0,0.42,38.0,0,"81 km SSE of Bengkulu, Indonesia",81 km SSE,"Bengkulu, Indonesia",shallow,58.75,0,PNSN-07,5,1786410766205,mb,reviewed,us,0.4230769230769231
us6000tkp2,4.7,10.0,127.5606,1.8096,340.0,0.0,0.0,166.0,5.586,17.0,0,"50 km W of Tobelo, Indonesia",50 km W,"Tobelo, Indonesia",shallow,58.75,0,PNSN-07,10,1786403729388,mb,reviewed,us,0.4230769230769231
us6000tkp1,4.2,143.411,147.9611,-5.6086,271.0,0.0,0.0,153.0,3.854,17.0,0,"105 km N of Finschhafen, Papua New Guinea",105 km N,"Finschhafen, Papua New Guinea",intermediate,52.5,0,PNSN-07,4,1786403692371,mb,reviewed,us,0.3269230769230769
us6000tkav,3.1,73.203,176.2677,51.8394,148.0,0.0,0.0,202.0,1.395,14.0,0,"238 km ESE of Attu Station, Alaska",238 km ESE,"Attu Station, Alaska",intermediate,38.75,0,,,1786403068638,ml,reviewed,us,0.11538461538461539
us6000tjtz,4.3,35.0,131.4736,31.027,284.0,0.0,0.0,211.0,0.998,35.0,0,"55 km SSE of Kushima, Japan",55 km SSE,"Kushima, Japan",shallow,53.75,0,SCEDC-01,10,1786402794432,mb,reviewed,us,0.3461538461538461
us6000tkat,2.6,36.51,-167.0205,52.5331,104.0,0.0,0.0,253.0,1.031,24.0,0,"132 km ESE of Nikolski, Alaska",132 km ESE,"Nikolski, Alaska",shallow,32.5,0,PNSN-07,7,1786402667430,ml,reviewed,us,0.019230769230769246
us6000tju1,4.1,54.72,-92.9593,14.094,259.0,0.0,0.0,225.0,2.315,41.0,0,"90 km SW of Puerto Madero, Mexico",90 km SW,"Puerto Madero, Mexico",shallow,51.24999999999999,0,USGS-WEST,,1786401715692,mb,reviewed,us,0.3076923076923076
us6000tjt8,4.5,45.44,104.6812,28.6412,312.0,0.0,0.0,38.0,7.341,104.0,0,"13 km SSE of Yibin, China",13 km SSE,"Yibin, China",shallow,56.25,0,USGS-WEST,14,1786397503296,mb,reviewed,us,0.3846153846153846
us6000tknz,4.2,49.521,142.4644,40.8795,271.0,0.0,0.0,168.0,1.066,15.0,0,"91 km ENE of Hachinohe, Japan",91 km ENE,"Hachinohe, Japan",shallow,52.5,0,PNSN-07,7,1786396249115,mb,reviewed,us,0.3269230769230769
us6000tjsr,4.9,10.0,-85.5543,8.4074,369.0,0.0,0.0,151.0,1.963,68.0,0,"163 km S of Sámara, Costa Rica",163 km S,"Sámara, Costa Rica",shallow,61.25000000000001,0,PNSN-07,8,1786395298695,mwr,reviewed,us,0.46153846153846156
us6000tkny,4.1,35.0,149.1419,44.2476,259.0,0.0,0.0,192.0,4.712,24.0,0,"147 km SE of Kuril’sk, Russia",147 km SE,"Kuril’sk, Russia",shallow,51.24999999999999,0,PNSN-07,3,1786395262669,mb,reviewed,us,0.3076923076923076
aka2026pttrrx,2.5,5.2,-149.232,59.962,97.0,2.0,2.2,131.0,0.2,75.0,0,"16 km SE of Lowell Point, Alaska",16 km SE,"Lowell Point, Alaska",shallow,31.25,0,PNSN-07,11,1786393496109,ml,reviewed,ak,0.0
us6000tjri,4.6,10.0,104.6536,28.5462,326.0,0.0,0.0,73.0,7.433,77.0,0,"11 km NNW of Xunchang, China",11 km NNW,"Xunchang, China",shallow,57.49999999999999,0,SCEDC-01,12,1786387224937,mb,reviewed,us,0.40384615384615374
nc75415272,2.62,7.83,-123.456166666667,40.029,106.0,0.0,0.0,53.0,0.102,40.0,0,"32 km NW of Covelo, CA",32 km NW,"Covelo, CA",shallow,32.75,0,CEA-12,12,1786386362830,md,reviewed,nc,0.023076923076923096
us6000tjt1,3.6,10.0,177.4818,50.1582,199.0,1.0,1.0,312.0,1.682,23.0,0,"Rat Islands, Aleutian Islands, Alaska",,"Rat Islands, Aleutian Islands, Alaska",shallow,45.0,0,,,1786385366978,mb,reviewed,us,0.21153846153846154
us6000tjsy,3.3,35.0,-172.2828,51.87,168.0,0.0,0.0,207.0,1.189,18.0,0,"136 km ESE of Atka, Alaska",136 km ESE,"Atka, Alaska",shallow,41.25,0,,,1786385331125,ml,reviewed,us,0.1538461538461538
us6000tk57,2.9,196.995,-171.0535,53.1798,129.0,0.0,0.0,171.0,0.786,13.0,0,"149 km W of Nikolski, Alaska",149 km W,"Nikolski, Alaska",intermediate,36.25,0,USGS-WEST,9,1786384818630,ml,reviewed,us,0.0769230769230769
us6000tjr6,4.1,10.222,130.3691,32.4311,259.0,0.0,0.0,131.0,0.922,38.0,0,"16 km E of Amakusa, Japan",16 km E,"Amakusa, Japan",shallow,51.24999999999999,0,PNSN-07,,1786384036984,mb,reviewed,us,0.3076923076923076
aka2026ptnonn,2.5,71.3,-156.379,56.954,96.0,0.0,0.0,82.0,0.7,74.0,0,"87 km SE of Ugashik, Alaska",87 km SE,"Ugashik, Alaska",intermediate,31.25,0,SCEDC-01,15,1786382482566,ml,reviewed,ak,0.0
us6000tk51,2.8,10.0,176.2724,51.8009,121.0,0.0,0.0,204.0,1.396,10.0,0,"240 km ESE of Attu Station, Alaska",240 km ESE,"Attu Station, Alaska",shallow,35.0,0,SCEDC-01,8,1786382417145,ml,reviewed,us,0.057692307692307654
us6000tjqj,5.0,18.046,102.3524,-5.9436,385.0,0.0,0.0,132.0,1.683,56.0,0,"234 km SSW of Pagar Alam, Indonesia",234 km SSW,"Pagar Alam, Indonesia",shallow,62.5,1,CEA-12,2,1786381686212,mb,reviewed,us,0.4807692307692307
us6000tknp,4.0,665.326,168.8726,-12.9179,246.0,0.0,0.0,101.0,8.768,43.0,0,"178 km NE of Sola, Vanuatu",178 km NE,"Sola, Vanuatu",deep,50.0,0,,,1786380609877,mb,reviewed,us,0.28846153846153844
pr71528048,2.89,9.22,-66.3338333333333,17.9998333333333,128.0,0.0,0.0,170.0,0.09881,13.0,0,"0 km E of Parcelas Peñuelas, Puerto Rico",0 km E,"Parcelas Peñuelas, Puerto Rico",shallow,36.125,0,PNSN-07,7,1786380508820,md,reviewed,pr,0.07500000000000002
pr71528033,3.17,34.83,-65.1375,18.7815,155.0,0.0,0.0,211.0,0.4601,21.0,0,"53 km NNW of Charlotte Amalie, U.S. Virgin Islands",53 km NNW,"Charlotte Amalie, U.S. Virgin Islands",shallow,39.625,0,CEA-12,13,1786379589920,md,reviewed,pr,0.12884615384615383
us6000tknn,4.6,10.0,-179.1716,-65.6012,326.0,0.0,0.0,236.0,13.003,14.0,0,Pacific-Antarctic Ridge,,Pacific-Antarctic Ridge,shallow,57.49999999999999,0,PNSN-07,9,1786378890959,mb,reviewed,us,0.40384615384615374
aka2026ptjfuv,2.5,37.4,-167.554,52.817,96.0,0.0,0.0,245.0,0.6,12.0,0,"89 km E of Nikolski, Alaska",89 km E,"Nikolski, Alaska",shallow,31.25,0,PNSN-07,13,1786374690650,ml,reviewed,ak,0.0
us6000tjms,4.3,97.87,-76.3671,4.9924,284.0,0.0,0.0,102.0,1.454,29.0,0,"18 km NW of San José del Palmar, Colombia",18 km NW,"San José del Palmar, Colombia",intermediate,53.75,0,PNSN-07,13,1786374091472,mb,reviewed,us,0.3461538461538461
us6000tjmt,4.7,10.0,48.0286,32.5687,340.0,2.0,2.0,88.0,3.063,66.0,0,"46 km NNW of Shūsh, Iran",46 km NNW,"Shūsh, Iran",shallow,58.75,0,USGS-WEST,8,1786374069491,mb,reviewed,us,0.4230769230769231
us6000tk4s,2.9,35.0,-160.393,54.4065,129.0,0.0,0.0,245.0,1.132,17.0,0,"103 km S of Sand Point, Alaska",103 km S,"Sand Point, Alaska",shallow,36.25,0,USGS-WEST,7,1786373404333,ml,reviewed,us,0.0769230769230769
us6000tknm,4.0,554.07,-178.8138,-17.7345,246.0,0.0,0.0,122.0,2.14,43.0,0,"201 km E of Levuka, Fiji",201 km E,"Levuka, Fiji",deep,50.0,0,USGS-WEST,11,1786372293178,mb,reviewed,us,0.28846153846153844
aka2026pthmbu,2.5,20.0,176.26,51.915,96.0,0.0,0.0,198.0,1.4,8.0,0,"233 km ESE of Attu Station, Alaska",233 km ESE,"Attu Station, Alaska",shallow,31.25,0,USGS-WEST,11,1786371500945,ml,reviewed,ak,0.0
us6000tjm4,5.0,91.129,-76.3246,4.877,386.0,5.0,3.4,49.0,1.527,119.0,0,"10 km WSW of San José del Palmar, Colombia",10 km WSW,"San José del Palmar, Colombia",intermediate,62.5,1,PNSN-07,9,1786367889581,mb,reviewed,us,0.4807692307692307
us6000tjls,4.8,655.67,168.8919,-13.0188,354.0,0.0,0.0,88.0,8.69,23.0,0,"173 km ENE of Sola, Vanuatu",173 km ENE,"Sola, Vanuatu",deep,60.0,0,SCEDC-01,7,1786365970915,mb,reviewed,us,0.44230769230769224
us6000tjl2,7.4,110.285,-76.2422,4.8436,2790.0,1196.0,7.9,19.0,1.515,151.0,0,"5 km S of San José del Palmar, Colombia",5 km S,"San José del Palmar, Colombia",intermediate,92.5,1,,,1786365268125,mww,reviewed,us,0.9423076923076923
aka2026ptdfxc,2.5,123.5,-151.189,62.964,96.0,0.0,0.0,28.0,0.5,99.0,0,"56 km NNW of Petersville, Alaska",56 km NNW,"Petersville, Alaska",intermediate,31.25,0,PNSN-07,12,1786363951569,ml,reviewed,ak,0.0
us6000tjl0,5.0,10.0,-45.8376,17.5068,385.0,0.0,0.0,130.0,14.006,67.0,0,northern Mid-Atlantic Ridge,,northern Mid-Atlantic Ridge,shallow,62.5,1,SCEDC-01,14,1786363942220,mww,reviewed,us,0.4807692307692307
us6000tjku,4.7,640.51,168.882,-12.8915,340.0,0.0,0.0,51.0,8.796,100.0,0,"180 km NE of Sola, Vanuatu",180 km NE,"Sola, Vanuatu",deep,58.75,0,PNSN-07,4,1786362625901,mb,reviewed,us,0.4230769230769231
aka2026ptcacu,2.6,4.1,-170.394,67.311,104.0,0.0,0.0,251.0,2.1,14.0,0,"184 km NNW of Diomede, Alaska",184 km NNW,"Diomede, Alaska",shallow,32.5,0,SCEDC-01,15,1786361693399,ml,reviewed,ak,0.019230769230769246
aka2026ptbkif,2.8,3.8,176.373,52.068,121.0,0.0,0.0,187.0,1.3,9.0,0,"233 km ESE of Attu Station, Alaska",233 km ESE,"Attu Station, Alaska",shallow,35.0,0,CEA-12,10,1786360596887,ml,reviewed,ak,0.057692307692307654
us6000tjkl,4.7,66.149,147.4942,44.0156,340.0,0.0,0.0,135.0,3.534,59.0,0,"66 km ENE of Shikotan, Russia",66 km ENE,"Shikotan, Russia",shallow,58.75,0,PNSN-07,8,1786358202622,mb,reviewed,us,0.4230769230769231
us6000tjnf,2.6,10.0,176.2173,51.8721,104.0,0.0,0.0,201.0,1.423,12.0,0,"233 km ESE of Attu Station, Alaska",233 km ESE,"Attu Station, Alaska",shallow,32.5,0,SCEDC-01,9,1786357951646,ml,reviewed,us,0.019230769230769246
us6000tjne,3.2,10.0,176.2833,51.8473,158.0,0.0,0.0,201.0,1.384,11.0,0,"238 km ESE of Attu Station, Alaska",238 km ESE,"Attu Station, Alaska",shallow,40.0,0,PNSN-07,,1786356734635,ml,reviewed,us,0.13461538461538464
ci40669778,3.48,7.16,-114.276,31.3866666666667,186.0,0.0,0.0,160.0,0.6032,9.0,0,"113 km SE of Estacion Coahuila, B.C., MX",113 km SE,"Estacion Coahuila, B.C., MX",shallow,43.5,0,USGS-WEST,,1786355779460,ml,reviewed,ci,0.18846153846153846
pr71527983,2.78,10.7,-67.3598333333333,18.7828333333333,119.0,1.0,2.0,313.0,0.3924,10.0,0,"42 km NW of San Antonio, Puerto Rico",42 km NW,"San Antonio, Puerto Rico",shallow,34.75,0,SCEDC-01,15,1786351627160,md,reviewed,pr,0.05384615384615381
us6000tjk6,4.8,10.0,170.0,-19.7958,354.0,0.0,0.0,104.0,3.679,27.0,0,"80 km ESE of Isangel, Vanuatu",80 km ESE,"Isangel, Vanuatu",shallow,60.0,0,SCEDC-01,,1786350868098,mb,reviewed,us,0.44230769230769224
us6000tjjz,4.8,71.243,177.8305,-37.4038,355.0,1.0,2.7,140.0,0.41,38.0,0,"46 km WNW of Hicks Bay, New Zealand",46 km WNW,"Hicks Bay, New Zealand",intermediate,60.0,0,CEA-12,13,1786346248964,mb,reviewed,us,0.44230769230769224
aka2026pssyoy,2.6,118.3,-148.642,63.924,104.0,0.0,0.0,64.0,0.2,89.0,0,"17 km ENE of Healy, Alaska",17 km ENE,"Healy, Alaska",intermediate,32.5,0,PNSN-07,,1786345393764,ml,reviewed,ak,0.019230769230769246
aka2026psrvmz,2.5,10.1,-170.338,51.897,96.0,0.0,0.0,237.0,1.0,10.0,0,"153 km SW of Nikolski, Alaska",153 km SW,"Nikolski, Alaska",shallow,31.25,0,PNSN-07,,1786343374865,ml,reviewed,ak,0.0
us6000tjjs,3.4,35.0,-155.2318,18.8608,178.0,0.0,0.0,272.0,0.365,23.0,0,"43 km ESE of Naalehu, Hawaii",43 km ESE,"Naalehu, Hawaii",shallow,42.5,0,PNSN-07,,1786342945919,ml,reviewed,us,0.17307692307692304
hv75017036,2.79,32.94,-155.378666666667,19.0778333333333,120.0,0.0,0.0,202.0,0.1104,55.0,0,"17 km SE of Pāhala, Hawaii",17 km SE,"Pāhala, Hawaii",shallow,34.875,0,USGS-WEST,0,1786342903780,ml,reviewed,hv,0.05576923076923077
hv75017031,2.76,10.64,-155.202,18.871,117.0,0.0,0.0,260.0,0.375,50.0,0,"45 km ESE of Naalehu, Hawaii",45 km ESE,"Naalehu, Hawaii",shallow,34.5,0,USGS-WEST,12,1786342562830,ml,reviewed,hv,0.049999999999999954
aka2026psrixg,2.8,23.2,176.297,51.966,121.0,0.0,0.0,194.0,1.4,10.0,0,"233 km ESE of Attu Station, Alaska",233 km ESE,"Attu Station, Alaska",shallow,35.0,0,PNSN-07,8,1786342493243,ml,reviewed,ak,0.057692307692307654
nc75415107,2.57,3.21,-122.780833333333,38.78,102.0,1.0,2.6,20.0,0.01428,112.0,0,"2 km W of The Geysers, CA",2 km W,"The Geysers, CA",shallow,32.125,0,CEA-12,0,1786341930760,md,reviewed,nc,0.013461538461538431
aka2026psqzkr,2.5,20.0,176.25,51.822,96.0,0.0,0.0,203.0,1.4,8.0,0,"237 km ESE of Attu Station, Alaska",237 km ESE,"Attu Station, Alaska",shallow,31.25,0,SCEDC-01,6,1786341850685,ml,reviewed,ak,0.0
us6000tjji,3.0,10.0,-68.7476,19.7493,138.0,0.0,0.0,216.0,2.003,13.0,0,"86 km NE of Samaná, Dominican Republic",86 km NE,"Samaná, Dominican Republic",shallow,37.5,0,CEA-12,14,1786340768563,ml,reviewed,us,0.09615384615384615
us6000tjjj,5.5,10.0,-114.648,0.3112,465.0,0.0,0.0,60.0,23.284,83.0,0,east central Pacific Ocean,,east central Pacific Ocean,shallow,68.75,1,USGS-WEST,1,1786340504224,mb,reviewed,us,0.5769230769230769
us6000tjjh,4.6,103.062,126.0577,8.9207,326.0,0.0,0.0,95.0,1.899,50.0,0,"13 km ESE of San Miguel, Philippines",13 km ESE,"San Miguel, Philippines",intermediate,57.49999999999999,0,USGS-WEST,,1786340151062,mb,reviewed,us,0.40384615384615374
aka2026pspjwf,3.3,0.4,-162.632,65.309,168.0,0.0,0.0,58.0,0.9,43.0,0,"78 km NNE of White Mountain, Alaska",78 km NNE,"White Mountain, Alaska",shallow,41.25,0,PNSN-07,4,1786338973582,ml,reviewed,ak,0.1538461538461538
hv75017001,3.07,9.22,-155.270833333333,18.8011666666667,146.0,3.0,2.0,269.0,0.3961,49.0,0,"43 km SE of Naalehu, Hawaii",43 km SE,"Naalehu, Hawaii",shallow,38.375,0,PNSN-07,14,1786338786240,ml,reviewed,hv,0.10961538461538459
us6000tjjb,2.8,10.0,-126.5441,43.1418,121.0,0.0,0.0,261.0,1.597,31.0,0,"172 km W of Langlois, Oregon",172 km W,"Langlois, Oregon",shallow,35.0,0,SCEDC-01,,1786337347850,ml,reviewed,us,0.057692307692307654
us6000tjm0,3.9,10.0,-105.5861,19.6906,236.0,6.0,2.7,219.0,4.108,41.0,0,"36 km WSW of Campo Acosta, Mexico",36 km WSW,"Campo Acosta, Mexico",shallow,48.75,0,USGS-WEST,10,1786331779561,mb,reviewed,us,0.2692307692307692
us6000tk1d,2.8,16.506,176.2726,52.0034,121.0,0.0,0.0,192.0,1.386,11.0,0,"229 km ESE of Attu Station, Alaska",229 km ESE,"Attu Station, Alaska",shallow,35.0,0,USGS-WEST,14,1786331121111,ml,reviewed,us,0.057692307692307654
nc75414992,2.88,4.0,-121.178333333333,36.5696666666667,128.0,0.0,0.0,43.0,0.00604,81.0,0,"5 km NW of Pinnacles, CA",5 km NW,"Pinnacles, CA",shallow,36.0,0,PNSN-07,2,1786329595190,md,reviewed,nc,0.07307692307692305
nc75414997,2.92,4.38,-121.173,36.5821666666667,131.0,1.0,2.2,79.0,0.01445,72.0,0,"6 km NNW of Pinnacles, CA",6 km NNW,"Pinnacles, CA",shallow,36.5,0,SCEDC-01,2,1786329541870,md,reviewed,nc,0.08076923076923075
us6000tk1a,2.7,10.0,-174.3033,52.0358,112.0,0.0,0.0,237.0,0.178,13.0,0,"19 km SSW of Atka, Alaska",19 km SSW,"Atka, Alaska",shallow,33.75,0,SCEDC-01,1,1786329174906,ml,reviewed,us,0.03846153846153849
us6000tk13,2.7,35.0,179.5694,50.9508,112.0,0.0,0.0,260.0,0.46,14.0,0,"283 km WSW of Adak, Alaska",283 km WSW,"Adak, Alaska",shallow,33.75,0,SCEDC-01,6,1786325248296,ml,reviewed,us,0.03846153846153849
us6000tjiq,4.9,10.0,-173.0524,-15.6002,369.0,0.0,0.0,103.0,2.083,31.0,0,"88 km ENE of Hihifo, Tonga",88 km ENE,"Hihifo, Tonga",shallow,61.25000000000001,0,CEA-12,8,1786324810110,mb,reviewed,us,0.46153846153846156
us6000tjja,2.6,10.0,176.4493,52.2045,104.0,0.0,0.0,177.0,1.296,11.0,0,"232 km ESE of Attu Station, Alaska",232 km ESE,"Attu Station, Alaska",shallow,32.5,0,SCEDC-01,4,1786324445139,ml,reviewed,us,0.019230769230769246
us6000tkn7,4.2,10.0,130.5394,32.4131,271.0,0.0,0.0,112.0,0.904,33.0,0,"11 km SSW of Honmachi, Japan",11 km SSW,"Honmachi, Japan",shallow,52.5,0,PNSN-07,,1786322891028,mb,reviewed,us,0.3269230769230769
us6000tjj9,2.5,35.0,176.1009,51.7137,96.0,0.0,0.0,212.0,1.514,9.0,0,"235 km ESE of Attu Station, Alaska",235 km ESE,"Attu Station, Alaska",shallow,31.25,0,PNSN-07,4,1786322652357,ml,reviewed,us,0.0
hv75016931,3.89,9.78,-155.270333333333,18.8196666666667,233.0,2.0,2.0,265.0,0.3801,59.0,0,"42 km SE of Naalehu, Hawaii",42 km SE,"Naalehu, Hawaii",shallow,48.625,0,USGS-WEST,9,1786322276810,ml,reviewed,hv,0.2673076923076923
aka2026psfsdw,2.5,16.5,-169.571,52.34,96.0,0.0,0.0,285.0,0.5,16.0,0,"82 km SW of Nikolski, Alaska",82 km SW,"Nikolski, Alaska",shallow,31.25,0,USGS-WEST,6,1786321562833,ml,reviewed,ak,0.0
us6000tjif,4.4,10.0,22.6087,38.2289,298.0,0.0,0.0,56.0,0.819,31.0,0,"16 km N of Xylókastro, Greece",16 km N,"Xylókastro, Greece",shallow,55.00000000000001,0,PNSN-07,6,1786319819739,mb,reviewed,us,0.3653846153846154
us6000tkf9,4.4,56.956,125.8224,-0.2351,298.0,0.0,0.0,107.0,5.896,27.0,0,"171 km ESE of Modisi, Indonesia",171 km ESE,"Modisi, Indonesia",shallow,55.00000000000001,0,PNSN-07,8,1786319463148,mb,reviewed,us,0.3653846153846154
us6000tkfa,4.3,10.0,124.2262,6.2727,284.0,0.0,0.0,126.0,1.56,17.0,0,"8 km NNE of Palimbang, Philippines",8 km NNE,"Palimbang, Philippines",shallow,53.75,0,PNSN-07,,1786318814470,mb,reviewed,us,0.3461538461538461
hv75016896,2.56,5.86,-155.186333333333,18.8468333333333,101.0,0.0,0.0,265.0,0.4029,43.0,0,"48 km ESE of Naalehu, Hawaii",48 km ESE,"Naalehu, Hawaii",shallow,32.0,0,SCEDC-01,3,1786318497890,ml,reviewed,hv,0.011538461538461548
us6000tjj7,2.5,21.4,176.266,51.8704,96.0,0.0,0.0,200.0,1.393,11.0,0,"236 km ESE of Attu Station, Alaska",236 km ESE,"Attu Station, Alaska",shallow,31.25,0,PNSN-07,1,1786317952329,ml,reviewed,us,0.0
aka2026psctll,2.8,2.9,-149.365,61.219,122.0,3.0,3.1,41.0,0.4,139.0,0,"14 km ESE of Elmendorf Air Force Base, Alaska",14 km ESE,"Elmendorf Air Force Base, Alaska",shallow,35.0,0,PNSN-07,10,1786316251432,ml,reviewed,ak,0.057692307692307654
us6000tkf8,4.4,32.885,126.8336,4.1276,298.0,0.0,0.0,104.0,6.652,32.0,0,"207 km SE of Sarangani, Philippines",207 km SE,"Sarangani, Philippines",shallow,55.00000000000001,0,PNSN-07,15,1786315474589,mb,reviewed,us,0.3653846153846154
hv75015642,2.72,12.0,-155.260166666667,19.0033333333333,114.0,0.0,0.0,258.0,0.2436,37.0,0,"31 km SE of Pāhala, Hawaii",31 km SE,"Pāhala, Hawaii",shallow,34.0,0,USGS-WEST,,1786314932510,ml,reviewed,hv,0.042307692307692345
hv75015627,2.64,7.94,-155.2335,18.832,107.0,0.0,0.0,271.0,0.3877,30.0,0,"44 km SE of Naalehu, Hawaii",44 km SE,"Naalehu, Hawaii",shallow,33.0,0,PNSN-07,0,1786314114030,ml,reviewed,hv,0.026923076923076945
us6000tji3,5.0,35.0,126.8313,4.1464,385.0,0.0,0.0,71.0,3.16,92.0,0,"205 km SE of Sarangani, Philippines",205 km SE,"Sarangani, Philippines",shallow,62.5,1,USGS-WEST,9,1786313847868,mb,reviewed,us,0.4807692307692307
pr71527958,3.23,20.38,-67.9821666666667,19.1643333333333,161.0,0.0,0.0,273.0,0.7487,7.0,0,"78 km NE of Punta Cana, Dominican Republic",78 km NE,"Punta Cana, Dominican Republic",shallow,40.375,0,PNSN-07,0,1786313496980,md,reviewed,pr,0.14038461538461539
hv75015602,2.56,5.35,-155.229166666667,18.8478333333333,101.0,0.0,0.0,261.0,0.3771,43.0,0,"44 km ESE of Naalehu, Hawaii",44 km ESE,"Naalehu, Hawaii",shallow,32.0,0,USGS-WEST,14,1786312641980,ml,reviewed,hv,0.011538461538461548
us6000tjht,2.7,10.0,-147.7605,70.0316,112.0,0.0,0.0,181.0,0.862,22.0,0,"33 km SE of Prudhoe Bay, Alaska",33 km SE,"Prudhoe Bay, Alaska",shallow,33.75,0,USGS-WEST,13,1786312322229,ml,reviewed,us,0.03846153846153849
us6000tjhn,4.9,35.0,126.9437,4.1669,369.0,0.0,0.0,74.0,3.187,69.0,0,"213 km SE of Sarangani, Philippines",213 km SE,"Sarangani, Philippines",shallow,61.25000000000001,0,,,1786311758829,mb,reviewed,us,0.46153846153846156
us6000tjj6,2.7,10.0,176.2826,51.9149,112.0,0.0,0.0,197.0,1.38,12.0,0,"234 km ESE of Attu Station, Alaska",234 km ESE,"Attu Station, Alaska",shallow,33.75,0,PNSN-07,,1786308067241,ml,reviewed,us,0.03846153846153849
ok2026pnnp,2.55,7.05,-95.98283333,34.66716667,100.0,0.0,0.0,99.0,0.0,72.0,0,"4 km ENE of Wardville, Oklahoma",4 km ENE,"Wardville, Oklahoma",shallow,31.874999999999996,0,PNSN-07,0,1786308055170,ml,reviewed,ok,0.009615384615384581
us6000tjhi,4.5,10.0,130.3087,-0.5302,312.0,0.0,0.0,108.0,3.064,51.0,0,"39 km SW of Waisai, Indonesia",39 km SW,"Waisai, Indonesia",shallow,56.25,0,PNSN-07,,1786307803066,mb,reviewed,us,0.3846153846153846
aka2026prxtgl,2.6,12.7,-148.911,62.239,104.0,1.0,1.0,20.0,0.5,116.0,0,"49 km E of Susitna North, Alaska",49 km E,"Susitna North, Alaska",shallow,32.5,0,CEA-12,9,1786307242852,ml,reviewed,ak,0.019230769230769246
us6000tjw0,2.7,35.0,-174.8427,51.4389,112.0,0.0,0.0,210.0,0.862,19.0,0,"95 km SSW of Atka, Alaska",95 km SSW,"Atka, Alaska",shallow,33.75,0,USGS-WEST,8,1786305417498,ml,reviewed,us,0.03846153846153849
us6000tjh9,4.3,10.0,78.3266,30.8712,285.0,2.0,2.7,99.0,5.102,46.0,0,"13 km ENE of Barkot, India",13 km ENE,"Barkot, India",shallow,53.75,0,PNSN-07,7,1786305092899,mb,reviewed,us,0.3461538461538461
us6000tkf7,4.5,10.0,-136.8285,-54.2755,312.0,0.0,0.0,172.0,30.647,16.0,0,Pacific-Antarctic Ridge,,Pacific-Antarctic Ridge,shallow,56.25,0,CEA-12,4,1786305060292,mb,reviewed,us,0.3846153846153846
us6000tkf5,4.7,10.0,-10.5421,-46.898,340.0,0.0,0.0,106.0,9.91,41.0,0,southern Mid-Atlantic Ridge,,southern Mid-Atlantic Ridge,shallow,58.75,0,SCEDC-01,11,1786300630869,mb,reviewed,us,0.4230769230769231
us6000tjgp,4.5,528.903,-179.8567,-23.8137,312.0,0.0,0.0,104.0,5.678,54.0,0,south of the Fiji Islands,south,the Fiji Islands,deep,56.25,0,SCEDC-01,1,1786299782909,mb,reviewed,us,0.3846153846153846
us6000tjgl,4.5,117.611,154.4224,-5.7944,312.0,0.0,0.0,67.0,2.757,64.0,0,"131 km WNW of Panguna, Papua New Guinea",131 km WNW,"Panguna, Papua New Guinea",intermediate,56.25,0,USGS-WEST,0,1786299090977,mb,reviewed,us,0.3846153846153846
us6000tjh1,2.5,9.844,176.3925,52.1289,96.0,0.0,0.0,182.0,1.32,12.0,0,"231 km ESE of Attu Station, Alaska",231 km ESE,"Attu Station, Alaska",shallow,31.25,0,USGS-WEST,12,1786297369150,ml,reviewed,us,0.0
us6000tkf3,4.1,69.742,145.5231,14.1548,259.0,0.0,0.0,165.0,0.849,23.0,0,"90 km S of San Jose Village, Northern Mariana Islands",90 km S,"San Jose Village, Northern Mariana Islands",shallow,51.24999999999999,0,,,1786296178319,mb,reviewed,us,0.3076923076923076
us6000tkf2,4.2,34.978,143.2335,39.7,271.0,0.0,0.0,139.0,1.985,30.0,0,"111 km E of Miyako, Japan",111 km E,"Miyako, Japan",shallow,52.5,0,PNSN-07,7,1786295631628,mb,reviewed,us,0.3269230769230769
us6000tjgf,4.6,10.0,40.03,8.9506,326.0,0.0,0.0,90.0,3.776,44.0,0,"13 km ENE of Metahāra, Ethiopia",13 km ENE,"Metahāra, Ethiopia",shallow,57.49999999999999,0,USGS-WEST,,1786295503006,mb,reviewed,us,0.40384615384615374
us6000tjvp,2.8,10.0,176.3688,52.08,121.0,0.0,0.0,186.0,1.331,13.0,0,"232 km ESE of Attu Station, Alaska",232 km ESE,"Attu Station, Alaska",shallow,35.0,0,PNSN-07,15,1786295243958,ml,reviewed,us,0.057692307692307654
us6000tjgd,4.8,99.0,125.312,11.4163,355.0,1.0,2.0,99.0,4.327,93.0,0,"15 km E of Mabini, Philippines",15 km E,"Mabini, Philippines",intermediate,60.0,0,PNSN-07,15,1786295140991,mb,reviewed,us,0.44230769230769224
us6000tkf1,4.6,10.0,66.8419,1.8449,326.0,0.0,0.0,173.0,14.826,13.0,0,Carlsberg Ridge,,Carlsberg Ridge,shallow,57.49999999999999,0,PNSN-07,7,1786294319850,mb,reviewed,us,0.40384615384615374
pr2026221002,3.45,8.0,-67.5626,18.9505,183.0,0.0,0.0,225.0,0.6611,19.0,0,"70 km NW of San Antonio, Puerto Rico",70 km NW,"San Antonio, Puerto Rico",shallow,43.125,0,CEA-12,11,1786294211510,md,reviewed,pr,0.1826923076923077
us6000tjga,4.2,349.645,123.8409,2.0417,271.0,0.0,0.0,128.0,8.9,17.0,0,"128 km WNW of Manado, Indonesia",128 km WNW,"Manado, Indonesia",deep,52.5,0,PNSN-07,5,1786293900995,mb,reviewed,us,0.3269230769230769
us6000tjvn,3.3,19.643,176.298,51.906,168.0,0.0,0.0,197.0,1.371,13.0,0,"236 km ESE of Attu Station, Alaska",236 km ESE,"Attu Station, Alaska",shallow,41.25,0,PNSN-07,6,1786292748581,ml,reviewed,us,0.1538461538461538
us6000tjfv,4.4,10.0,136.3719,35.3471,301.0,9.0,3.4,92.0,0.537,45.0,0,"8 km ENE of Maibara, Japan",8 km ENE,"Maibara, Japan",shallow,55.00000000000001,0,SCEDC-01,13,1786290490380,mb,reviewed,us,0.3653846153846154
aka2026proixx,2.6,4.4,-145.353,69.642,104.0,0.0,0.0,88.0,0.3,39.0,0,"85 km SW of Kaktovik, Alaska",85 km SW,"Kaktovik, Alaska",shallow,32.5,0,USGS-WEST,13,1786290336151,ml,reviewed,ak,0.019230769230769246
us6000tjfr,4.6,87.264,-74.4934,-10.9784,326.0,0.0,0.0,74.0,2.511,52.0,0,"27 km NW of Puerto Ocopa, Peru",27 km NW,"Puerto Ocopa, Peru",intermediate,57.49999999999999,0,USGS-WEST,6,1786290004683,mb,reviewed,us,0.40384615384615374
us6000tkf0,4.3,39.476,102.8643,-5.8153,284.0,0.0,0.0,206.0,1.448,18.0,0,"202 km SSW of Pagar Alam, Indonesia",202 km SSW,"Pagar Alam, Indonesia",shallow,53.75,0,,,1786289720853,mb,reviewed,us,0.3461538461538461
us6000tjfj,5.2,35.0,102.8509,-5.8046,416.0,0.0,0.0,51.0,1.438,100.0,0,"201 km SSW of Pagar Alam, Indonesia",201 km SSW,"Pagar Alam, Indonesia",shallow,65.0,1,SCEDC-01,5,1786288503969,mww,reviewed,us,0.5192307692307693
hv75015462,3.08,30.76,-155.494333333333,19.2056666666667,146.0,0.0,0.0,72.0,0.04271,59.0,0,"1 km W of Pāhala, Hawaii",1 km W,"Pāhala, Hawaii",shallow,38.5,0,PNSN-07,15,1786285822310,ml,reviewed,hv,0.11153846153846154
us6000tkez,4.2,93.034,125.1737,5.2269,271.0,0.0,0.0,133.0,1.874,28.0,0,"37 km WSW of Sarangani, Philippines",37 km WSW,"Sarangani, Philippines",intermediate,52.5,0,PNSN-07,2,1786284942735,mb,reviewed,us,0.3269230769230769
aka2026prkwlx,2.6,20.0,176.238,51.946,104.0,0.0,0.0,196.0,1.4,12.0,0,"230 km ESE of Attu Station, Alaska",230 km ESE,"Attu Station, Alaska",shallow,32.5,0,CEA-12,2,1786284056046,ml,reviewed,ak,0.019230769230769246
us6000tjfb,4.5,155.081,125.6626,4.8378,312.0,0.0,0.0,110.0,2.219,47.0,0,"66 km SSE of Sarangani, Philippines",66 km SSE,"Sarangani, Philippines",intermediate,56.25,0,SCEDC-01,7,1786283225426,mb,reviewed,us,0.3846153846153846
aka2026prkaya,2.5,20.0,176.277,51.884,96.0,0.0,0.0,199.0,1.4,11.0,0,"236 km ESE of Attu Station, Alaska",236 km ESE,"Attu Station, Alaska",shallow,31.25,0,PNSN-07,,1786282578886,ml,reviewed,ak,0.0
aka2026prjjpy,2.5,14.4,178.806,50.94,96.0,0.0,0.0,279.0,0.5,16.0,0,"Rat Islands, Aleutian Islands, Alaska",,"Rat Islands, Aleutian Islands, Alaska",shallow,31.25,0,USGS-WEST,6,1786281398709,ml,reviewed,ak,0.0
us6000tkex,4.6,30.273,-178.4124,-31.8385,326.0,0.0,0.0,170.0,2.618,16.0,0,Kermadec Islands region,,Kermadec Islands region,shallow,57.49999999999999,0,CEA-12,6,1786280537228,mb,reviewed,us,0.40384615384615374
aka2026prinro,3.0,6.9,176.338,52.044,138.0,0.0,0.0,189.0,1.3,10.0,0,"232 km ESE of Attu Station, Alaska",232 km ESE,"Attu Station, Alaska",shallow,37.5,0,,,1786279870154,ml,reviewed,ak,0.09615384615384615
us6000tjen,5.2,10.0,-101.9125,2.2955,416.0,0.0,0.0,169.0,11.992,81.0,0,Galapagos Triple Junction region,,Galapagos Triple Junction region,shallow,65.0,1,SCEDC-01,2,1786276653237,mww,reviewed,us,0.5192307692307693
ok2026pmwd,2.94,5.28,-95.97866667,34.66366667,133.0,1.0,2.7,70.0,0.0,87.0,0,"4 km ENE of Wardville, Oklahoma",4 km ENE,"Wardville, Oklahoma",shallow,36.75,0,PNSN-07,13,1786276250280,ml,reviewed,ok,0.0846153846153846
aka2026precdn,3.0,8.1,-160.062,67.52,138.0,0.0,0.0,48.0,0.2,74.0,0,"62 km NNE of Kiana, Alaska",62 km NNE,"Kiana, Alaska",shallow,37.5,0,SCEDC-01,2,1786271864989,ml,reviewed,ak,0.09615384615384615
aka2026prdqwr,2.5,73.5,178.62,51.674,96.0,0.0,0.0,222.0,0.3,24.0,0,"Rat Islands, Aleutian Islands, Alaska",,"Rat Islands, Aleutian Islands, Alaska",intermediate,31.25,0,PNSN-07,8,1786271096596,ml,reviewed,ak,0.0
us6000tje3,4.6,10.0,125.3517,4.5364,326.0,0.0,0.0,106.0,2.527,31.0,0,"96 km S of Sarangani, Philippines",96 km S,"Sarangani, Philippines",shallow,57.49999999999999,0,SCEDC-01,11,1786269871077,mb,reviewed,us,0.40384615384615374
aka2026prcpvq,3.1,5.0,-152.295,62.286,148.0,1.0,1.0,18.0,0.5,122.0,0,"57 km NW of Skwentna, Alaska",57 km NW,"Skwentna, Alaska",shallow,38.75,0,CEA-12,11,1786269226752,ml,reviewed,ak,0.11538461538461539
nn00923117,3.0,9.3325,-116.0196,36.7165,138.0,0.0,0.0,54.0,0.03,52.0,0,"35 km WNW of Indian Springs, Nevada",35 km WNW,"Indian Springs, Nevada",shallow,37.5,0,CEA-12,7,1786268758905,ml,reviewed,nn,0.09615384615384615
us6000tjgs,2.8,26.424,176.1988,51.7112,121.0,0.0,0.0,210.0,1.454,11.0,0,"241 km ESE of Attu Station, Alaska",241 km ESE,"Attu Station, Alaska",shallow,35.0,0,CEA-12,2,1786268693506,ml,reviewed,us,0.057692307692307654
aka2026prbaul,3.1,20.0,176.257,51.867,148.0,0.0,0.0,201.0,1.4,14.0,0,"235 km ESE of Attu Station, Alaska",235 km ESE,"Attu Station, Alaska",shallow,38.75,0,PNSN-07,12,1786266366332,ml,reviewed,ak,0.11538461538461539
aka2026pralmq,2.8,8.3,-144.535,69.552,121.0,0.0,0.0,95.0,0.3,53.0,0,"73 km SSW of Kaktovik, Alaska",73 km SSW,"Kaktovik, Alaska",shallow,35.0,0,PNSN-07,,1786265334344,ml,reviewed,ak,0.057692307692307654
us6000tjgr,2.9,10.0,176.2293,51.879,129.0,0.0,0.0,200.0,1.415,14.0,0,"233 km ESE of Attu Station, Alaska",233 km ESE,"Attu Station, Alaska",shallow,36.25,0,USGS-WEST,3,1786263861573,ml,reviewed,us,0.0769230769230769
us6000tjde,4.4,200.931,167.2606,-13.2978,298.0,0.0,0.0,158.0,7.753,32.0,0,"71 km NNW of Sola, Vanuatu",71 km NNW,"Sola, Vanuatu",intermediate,55.00000000000001,0,PNSN-07,15,1786259128513,mb,reviewed,us,0.3653846153846154
ci40669178,2.82,5.3,-120.4865,34.5335,137.0,50.0,3.0,159.0,0.02316,40.0,0,"12 km SSW of Lompoc, CA",12 km SSW,"Lompoc, CA",shallow,35.25,0,USGS-WEST,6,1786257459650,ml,reviewed,ci,0.06153846153846151
pr2026221001,3.73,36.0,-64.829,19.5323,214.0,0.0,0.0,273.0,1.1257,21.0,0,"132 km N of Charlotte Amalie, U.S. Virgin Islands",132 km N,"Charlotte Amalie, U.S. Virgin Islands",shallow,46.625,0,SCEDC-01,4,1786257333090,md,reviewed,pr,0.23653846153846153
hv75015317,2.59,23.05,-155.787833333333,20.1538333333333,103.0,0.0,0.0,142.0,0.03025,56.0,0,"8 km S of Kapaau, Hawaii",8 km S,"Kapaau, Hawaii",shallow,32.375,0,USGS-WEST,13,1786255798070,ml,reviewed,hv,0.01730769230769228
us6000tjsv,2.8,14.659,176.3356,52.0736,121.0,0.0,0.0,186.0,1.35,15.0,0,"230 km ESE of Attu Station, Alaska",230 km ESE,"Attu Station, Alaska",shallow,35.0,0,USGS-WEST,14,1786255687240,ml,reviewed,us,0.057692307692307654
aka2026pquynx,2.8,0.9,-156.208,57.067,121.0,0.0,0.0,75.0,0.6,67.0,0,"87 km SE of Ugashik, Alaska",87 km SE,"Ugashik, Alaska",shallow,35.0,0,CEA-12,15,1786255433380,ml,reviewed,ak,0.057692307692307654
pr2026221000,3.79,48.0,-64.4181,18.755,221.0,0.0,0.0,290.0,0.265,22.0,0,"61 km NE of Cruz Bay, U.S. Virgin Islands",61 km NE,"Cruz Bay, U.S. Virgin Islands",shallow,47.375,0,PNSN-07,1,1786253913730,md,reviewed,pr,0.24807692307692308
us6000tjsu,2.6,64.268,-174.8649,51.7174,104.0,0.0,0.0,226.0,0.637,14.0,0,"70 km SW of Atka, Alaska",70 km SW,"Atka, Alaska",shallow,32.5,0,SCEDC-01,1,1786253867011,ml,reviewed,us,0.019230769230769246
aka2026pqttyv,2.5,8.0,-177.668,51.257,96.0,0.0,0.0,210.0,0.5,25.0,0,"99 km SW of Adak, Alaska",99 km SW,"Adak, Alaska",shallow,31.25,0,PNSN-07,4,1786253317339,ml,reviewed,ak,0.0
us6000tjgq,3.0,10.0,176.2272,51.8692,138.0,0.0,0.0,201.0,1.417,13.0,0,"233 km ESE of Attu Station, Alaska",233 km ESE,"Attu Station, Alaska",shallow,37.5,0,PNSN-07,11,1786252926907,ml,reviewed,us,0.09615384615384615
ci40669138,2.51,5.94,-120.491833333333,34.5301666666667,108.0,32.0,3.4,173.0,0.02406,39.0,0,"13 km SSW of Lompoc, CA",13 km SSW,"Lompoc, CA",shallow,31.374999999999996,0,PNSN-07,5,1786252344220,ml,reviewed,ci,0.001923076923076882
us6000tjsm,2.9,10.0,176.2747,51.9001,129.0,0.0,0.0,198.0,1.386,12.0,0,"235 km ESE of Attu Station, Alaska",235 km ESE,"Attu Station, Alaska",shallow,36.25,0,PNSN-07,0,1786249732785,ml,reviewed,us,0.0769230769230769
mb90204648,2.56,14.66,-114.1365,44.4405,101.0,0.0,0.0,111.0,0.6099,17.0,0,"10 km SE of Challis, Idaho",10 km SE,"Challis, Idaho",shallow,32.0,0,CEA-12,6,1786249623190,ml,reviewed,mb,0.011538461538461548
us6000tjsj,2.5,35.0,-162.9116,54.0148,96.0,0.0,0.0,221.0,0.797,22.0,0,"98 km SSE of False Pass, Alaska",98 km SSE,"False Pass, Alaska",shallow,31.25,0,USGS-WEST,7,1786249464326,ml,reviewed,us,0.0
us6000tjcr,4.6,10.0,-75.4906,-12.0506,326.0,2.0,3.8,100.0,1.324,22.0,0,"12 km W of Chambara, Peru",12 km W,"Chambara, Peru",shallow,57.49999999999999,0,CEA-12,7,1786248344245,mb,reviewed,us,0.40384615384615374
us6000tjcn,4.9,60.301,-173.261,51.987,370.0,1.0,2.7,125.0,0.591,76.0,0,"68 km ESE of Atka, Alaska",68 km ESE,"Atka, Alaska",shallow,61.25000000000001,0,PNSN-07,0,1786246577166,mb,reviewed,us,0.46153846153846156
us6000tjcl,5.0,10.0,94.1402,7.017,385.0,0.0,0.0,65.0,3.308,53.0,0,"180 km NW of Sabang, Indonesia",180 km NW,"Sabang, Indonesia",shallow,62.5,1,PNSN-07,12,1786244527086,mb,reviewed,us,0.4807692307692307
aka2026pqonmt,2.6,20.0,176.048,52.028,104.0,0.0,0.0,342.0,1.5,9.0,0,"214 km ESE of Attu Station, Alaska",214 km ESE,"Attu Station, Alaska",shallow,32.5,0,CEA-12,14,1786243899816,ml,reviewed,ak,0.019230769230769246
nc75414402,2.54,0.65,-121.363833333333,36.6916666666667,99.0,0.0,0.0,23.0,0.02103,62.0,0,"12 km SSW of Tres Pinos, CA",12 km SSW,"Tres Pinos, CA",shallow,31.75,0,SCEDC-01,,1786243279550,md,reviewed,nc,0.007692307692307699
uw714074012,2.51,46.4,-123.1735,47.9711666666667,97.0,2.0,2.0,32.0,0.0654,69.0,0,"11 km SSW of River Road, Washington",11 km SSW,"River Road, Washington",shallow,31.374999999999996,0,SCEDC-01,9,1786242038160,ml,reviewed,uw,0.001923076923076882
aka2026pqmsof,3.9,12.7,-157.142,56.018,234.0,0.0,0.0,148.0,0.8,177.0,0,"84 km ESE of Chignik, Alaska",84 km ESE,"Chignik, Alaska",shallow,48.75,0,PNSN-07,3,1786240624575,ml,reviewed,ak,0.2692307692307692
us6000tjc4,4.9,589.12,-178.453,-17.848,369.0,0.0,0.0,122.0,2.487,40.0,0,"237 km E of Levuka, Fiji",237 km E,"Levuka, Fiji",deep,61.25000000000001,0,CEA-12,11,1786237759167,mb,reviewed,us,0.46153846153846156
us6000tjc0,4.4,10.0,36.9229,37.2046,299.0,2.0,4.1,70.0,0.593,52.0,0,"17 km ENE of Nurdağı, Turkey",17 km ENE,"Nurdağı, Turkey",shallow,55.00000000000001,0,PNSN-07,5,1786236138950,mb,reviewed,us,0.3653846153846154
us6000tjsb,2.9,10.0,176.3962,51.9604,129.0,0.0,0.0,192.0,1.309,13.0,0,"239 km ESE of Attu Station, Alaska",239 km ESE,"Attu Station, Alaska",shallow,36.25,0,PNSN-07,6,1786234356522,ml,reviewed,us,0.0769230769230769
nc75414312,2.77,2.35999989509583,-121.178001403809,36.5631675720215,118.0,0.0,0.0,40.0,0.01039,43.0,0,"5 km NW of Pinnacles, CA",5 km NW,"Pinnacles, CA",shallow,34.625,0,SCEDC-01,4,1786233527090,md,automatic,nc,0.051923076923076926
us6000tjbr,4.3,10.0,49.6839,32.2034,284.0,0.0,0.0,225.0,4.388,20.0,0,"46 km NE of Masjed Soleymān, Iran",46 km NE,"Masjed Soleymān, Iran",shallow,53.75,0,PNSN-07,10,1786232310503,mb,reviewed,us,0.3461538461538461
us6000tjrp,2.7,10.0,176.4798,52.1175,112.0,0.0,0.0,181.0,1.266,10.0,0,"237 km ESE of Attu Station, Alaska",237 km ESE,"Attu Station, Alaska",shallow,33.75,0,USGS-WEST,,1786232308416,ml,reviewed,us,0.03846153846153849
us6000tjbq,4.5,9.688,125.2976,4.5819,312.0,0.0,0.0,123.0,2.487,27.0,0,"92 km SSW of Sarangani, Philippines",92 km SSW,"Sarangani, Philippines",shallow,56.25,0,PNSN-07,8,1786230742267,mb,reviewed,us,0.3846153846153846
aka2026pqhbww,2.5,10.0,176.366,52.032,96.0,0.0,0.0,189.0,1.3,7.0,0,"234 km ESE of Attu Station, Alaska",234 km ESE,"Attu Station, Alaska",shallow,31.25,0,,,1786230461311,ml,reviewed,ak,0.0
us6000tjbm,4.3,10.0,130.3704,32.4533,285.0,1.0,2.0,115.0,0.944,25.0,0,"16 km E of Amakusa, Japan",16 km E,"Amakusa, Japan",shallow,53.75,0,CEA-12,5,1786230127025,mb,reviewed,us,0.3461538461538461
aka2026pqgtmy,3.6,10.0,176.191,51.822,199.0,0.0,0.0,204.0,1.4,12.0,0,"234 km ESE of Attu Station, Alaska",234 km ESE,"Attu Station, Alaska",shallow,45.0,0,PNSN-07,5,1786229881593,ml,reviewed,ak,0.21153846153846154
us6000tjbg,4.8,10.0,-38.0334,33.7777,354.0,0.0,0.0,46.0,10.911,77.0,0,northern Mid-Atlantic Ridge,,northern Mid-Atlantic Ridge,shallow,60.0,0,PNSN-07,9,1786226945164,mww,reviewed,us,0.44230769230769224
aka2026pqevri,3.1,10.0,176.197,51.839,148.0,0.0,0.0,203.0,1.4,11.0,0,"233 km ESE of Attu Station, Alaska",233 km ESE,"Attu Station, Alaska",shallow,38.75,0,PNSN-07,0,1786226425803,ml,reviewed,ak,0.11538461538461539
us6000tjch,2.9,10.0,176.2183,51.8787,129.0,0.0,0.0,200.0,1.422,12.0,0,"232 km ESE of Attu Station, Alaska",232 km ESE,"Attu Station, Alaska",shallow,36.25,0,USGS-WEST,3,1786222842225,ml,reviewed,us,0.0769230769230769
us6000tjcg,2.5,10.0,176.2006,51.844,96.0,0.0,0.0,202.0,1.436,11.0,0,"233 km ESE of Attu Station, Alaska",233 km ESE,"Attu Station, Alaska",shallow,31.25,0,PNSN-07,9,1786222731069,ml,reviewed,us,0.0
aka2026pqcqru,2.5,20.0,176.199,51.78,96.0,0.0,0.0,207.0,1.4,7.0,0,"237 km ESE of Attu Station, Alaska",237 km ESE,"Attu Station, Alaska",shallow,31.25,0,PNSN-07,6,1786222487330,ml,reviewed,ak,0.0
ok2026plrc,2.69,5.31,-95.9815,34.667,112.0,1.0,2.2,71.0,0.0,84.0,0,"4 km ENE of Wardville, Oklahoma",4 km ENE,"Wardville, Oklahoma",shallow,33.625,0,CEA-12,6,1786219815400,ml,reviewed,ok,0.03653846153846153
us6000tk0p,2.7,10.0,176.2116,51.7926,112.0,0.0,0.0,205.0,1.434,11.0,0,"237 km ESE of Attu Station, Alaska",237 km ESE,"Attu Station, Alaska",shallow,33.75,0,PNSN-07,7,1786219792169,ml,reviewed,us,0.03846153846153849
aka2026pqaapi,2.5,20.0,176.211,51.825,96.0,0.0,0.0,204.0,1.4,8.0,0,"235 km ESE of Attu Station, Alaska",235 km ESE,"Attu Station, Alaska",shallow,31.25,0,,,1786217790468,ml,reviewed,ak,0.0
us6000tjas,4.7,10.0,-176.5266,-28.5317,340.0,0.0,0.0,123.0,1.42,41.0,0,Kermadec Islands region,,Kermadec Islands region,shallow,58.75,0,PNSN-07,9,1786216077068,mb,reviewed,us,0.4230769230769231
us6000tk0h,3.7,10.0,176.3615,52.0029,211.0,0.0,0.0,190.0,1.331,26.0,0,"235 km ESE of Attu Station, Alaska",235 km ESE,"Attu Station, Alaska",shallow,46.25,0,CEA-12,0,1786215259405,mb,reviewed,us,0.23076923076923078
aka2026ppynvf,2.6,5.0,-152.384,62.248,104.0,0.0,0.0,22.0,0.5,77.0,0,"58 km WNW of Skwentna, Alaska",58 km WNW,"Skwentna, Alaska",shallow,32.5,0,PNSN-07,3,1786215109847,ml,reviewed,ak,0.019230769230769246
us6000tk0e,2.5,10.198,176.2446,51.858,96.0,0.0,0.0,201.0,1.407,11.0,0,"235 km ESE of Attu Station, Alaska",235 km ESE,"Attu Station, Alaska",shallow,31.25,0,CEA-12,15,1786214912282,ml,reviewed,us,0.0
us6000tjan,4.6,89.587,165.4106,-10.6445,326.0,0.0,0.0,106.0,5.512,48.0,0,"43 km WNW of Lata, Solomon Islands",43 km WNW,"Lata, Solomon Islands",intermediate,57.49999999999999,0,,,1786213707317,mb,reviewed,us,0.40384615384615374
us6000tjrl,2.5,10.0,176.3415,52.1752,96.0,0.0,0.0,180.0,1.357,12.0,0,"226 km ESE of Attu Station, Alaska",226 km ESE,"Attu Station, Alaska",shallow,31.25,0,,,1786213445853,ml,reviewed,us,0.0
aka2026ppwwng,3.7,130.7,-153.353,59.74,211.0,2.0,2.0,45.0,0.1,239.0,0,"42 km E of Pedro Bay, Alaska",42 km E,"Pedro Bay, Alaska",intermediate,46.25,0,CEA-12,11,1786212113273,ml,reviewed,ak,0.23076923076923078
us6000tjaj,5.5,34.0,142.3591,40.1992,466.0,2.0,3.8,96.0,1.15,123.0,0,"47 km ENE of Noda, Japan",47 km ENE,"Noda, Japan",shallow,68.75,1,PNSN-07,11,1786211878812,mww,reviewed,us,0.5769230769230769
us6000tk0s,2.7,10.0,176.2047,51.8343,112.0,0.0,0.0,203.0,1.434,12.0,0,"234 km ESE of Attu Station, Alaska",234 km ESE,"Attu Station, Alaska",shallow,33.75,0,USGS-WEST,2,1786211374976,ml,reviewed,us,0.03846153846153849
us6000tk99,4.2,10.0,-45.2503,25.5934,271.0,0.0,0.0,91.0,17.265,24.0,0,northern Mid-Atlantic Ridge,,northern Mid-Atlantic Ridge,shallow,52.5,0,,,1786209190661,mb,reviewed,us,0.3269230769230769
aka2026ppuhsz,2.8,20.0,176.141,51.774,121.0,0.0,0.0,208.0,1.5,14.0,0,"234 km ESE of Attu Station, Alaska",234 km ESE,"Attu Station, Alaska",shallow,35.0,0,PNSN-07,3,1786207487565,ml,reviewed,ak,0.057692307692307654
aka2026ppubez,2.5,10.0,176.211,51.852,96.0,0.0,0.0,202.0,1.4,8.0,0,"233 km ESE of Attu Station, Alaska",233 km ESE,"Attu Station, Alaska",shallow,31.25,0,USGS-WEST,13,1786207024450,ml,reviewed,ak,0.0
us6000tj9z,4.2,109.177,-68.8326,-21.0069,271.0,0.0,0.0,47.0,0.613,40.0,0,"64 km WNW of Ollagüe, Chile",64 km WNW,"Ollagüe, Chile",intermediate,52.5,0,PNSN-07,13,1786206893190,mb,reviewed,us,0.3269230769230769
us6000tjd3,3.8,10.0,73.613,20.2183,225.0,7.0,4.1,193.0,13.382,12.0,0,"30 km NW of Nashik, India",30 km NW,"Nashik, India",shallow,47.5,0,SCEDC-01,,1786206658034,mb,reviewed,us,0.24999999999999994
us6000tjaf,3.1,10.0,176.2747,51.8299,148.0,0.0,0.0,202.0,1.391,20.0,0,"238 km ESE of Attu Station, Alaska",238 km ESE,"Attu Station, Alaska",shallow,38.75,0,CEA-12,8,1786205367856,ml,reviewed,us,0.11538461538461539
us6000tjae,2.7,10.0,176.252,52.0012,112.0,0.0,0.0,192.0,1.398,22.0,0,"228 km ESE of Attu Station, Alaska",228 km ESE,"Attu Station, Alaska",shallow,33.75,0,CEA-12,0,1786205109105,ml,reviewed,us,0.03846153846153849
aka2026ppstsn,2.5,10.0,-143.648,68.911,96.0,0.0,0.0,161.0,0.7,19.0,0,"116 km NE of Arctic Village, Alaska",116 km NE,"Arctic Village, Alaska",shallow,31.25,0,USGS-WEST,2,1786204722135,ml,reviewed,ak,0.0
aka2026ppssri,2.6,10.0,176.279,51.928,104.0,0.0,0.0,197.0,1.4,8.0,0,"234 km ESE of Attu Station, Alaska",234 km ESE,"Attu Station, Alaska",shallow,32.5,0,USGS-WEST,14,1786204632390,ml,reviewed,ak,0.019230769230769246
aka2026ppsolw,2.5,1.7,-165.059,53.483,96.0,0.0,0.0,245.0,0.8,22.0,0,"86 km SSE of Akutan, Alaska",86 km SSE,"Akutan, Alaska",shallow,31.25,0,SCEDC-01,6,1786204358597,ml,reviewed,ak,0.0
nc75414027,3.16,8.67,-123.4455,40.0285,155.0,5.0,3.1,27.0,0.0945,43.0,0,"31 km NNW of Covelo, CA",31 km NNW,"Covelo, CA",shallow,39.5,0,PNSN-07,7,1786203202230,ml,reviewed,nc,0.12692307692307694
us6000tj9r,4.5,34.915,153.0277,46.7745,312.0,0.0,0.0,134.0,7.018,70.0,0,Kuril Islands,,Kuril Islands,shallow,56.25,0,USGS-WEST,4,1786203188369,mb,reviewed,us,0.3846153846153846
pr71527893,2.62,16.72,-67.4288333333333,18.0918333333333,106.0,0.0,0.0,243.0,0.2949,12.0,0,"25 km W of Puerto Real, Puerto Rico",25 km W,"Puerto Real, Puerto Rico",shallow,32.75,0,PNSN-07,11,1786202775410,md,reviewed,pr,0.023076923076923096
aka2026pprows,3.3,10.0,176.213,51.872,168.0,0.0,0.0,201.0,1.4,16.0,0,"232 km ESE of Attu Station, Alaska",232 km ESE,"Attu Station, Alaska",shallow,41.25,0,,,1786202585875,ml,reviewed,ak,0.1538461538461538
us6000tj9m,4.4,127.95,-69.2409,-18.9032,298.0,0.0,0.0,85.0,0.619,40.0,0,"49 km NNE of Camiña, Chile",49 km NNE,"Camiña, Chile",intermediate,55.00000000000001,0,PNSN-07,11,1786202127722,mb,reviewed,us,0.3653846153846154
aka2026pprezu,2.6,10.0,176.295,51.98,104.0,0.0,0.0,193.0,1.4,10.0,0,"232 km ESE of Attu Station, Alaska",232 km ESE,"Attu Station, Alaska",shallow,32.5,0,CEA-12,10,1786201902968,ml,reviewed,ak,0.019230769230769246
us6000tjad,2.5,35.0,176.1516,51.6719,96.0,0.0,0.0,213.0,1.491,13.0,0,"240 km SE of Attu Station, Alaska",240 km SE,"Attu Station, Alaska",shallow,31.25,0,PNSN-07,8,1786200878116,ml,reviewed,us,0.0
aka2026pppqha,2.5,15.8,176.292,51.939,96.0,0.0,0.0,196.0,1.4,8.0,0,"234 km ESE of Attu Station, Alaska",234 km ESE,"Attu Station, Alaska",shallow,31.25,0,CEA-12,,1786199073644,ml,reviewed,ak,0.0
us6000tj9c,4.3,197.198,-67.5975,-22.3681,284.0,0.0,0.0,65.0,0.791,25.0,0,"86 km NE of San Pedro de Atacama, Chile",86 km NE,"San Pedro de Atacama, Chile",intermediate,53.75,0,SCEDC-01,6,1786198851000,mb,reviewed,us,0.3461538461538461
us6000tjab,2.6,10.286,176.2682,51.9613,104.0,0.0,0.0,194.0,1.388,21.0,0,"231 km ESE of Attu Station, Alaska",231 km ESE,"Attu Station, Alaska",shallow,32.5,0,CEA-12,1,1786198071604,ml,reviewed,us,0.019230769230769246
us6000tja9,2.7,29.467,176.2246,51.8157,112.0,0.0,0.0,204.0,1.424,18.0,0,"236 km ESE of Attu Station, Alaska",236 km ESE,"Attu Station, Alaska",shallow,33.75,0,PNSN-07,0,1786197923594,ml,reviewed,us,0.03846153846153849
aka2026ppovto,3.1,10.0,176.238,51.853,148.0,0.0,0.0,202.0,1.4,11.0,0,"235 km ESE of Attu Station, Alaska",235 km ESE,"Attu Station, Alaska",shallow,38.75,0,PNSN-07,4,1786197654929,ml,reviewed,ak,0.11538461538461539
aka2026ppooib,2.6,20.0,-173.016,50.956,104.0,0.0,0.0,315.0,1.4,12.0,0,"160 km SSE of Atka, Alaska",160 km SSE,"Atka, Alaska",shallow,32.5,0,PNSN-07,8,1786197154241,ml,reviewed,ak,0.019230769230769246
aka2026pponqh,2.6,10.0,176.255,51.931,104.0,0.0,0.0,197.0,1.4,9.0,0,"232 km ESE of Attu Station, Alaska",232 km ESE,"Attu Station, Alaska",shallow,32.5,0,PNSN-07,3,1786197095471,ml,reviewed,ak,0.019230769230769246
us6000tjer,5.2,10.0,-90.5965,-41.3258,416.0,0.0,0.0,76.0,14.012,51.0,0,southeast of Easter Island,southeast,Easter Island,shallow,65.0,1,SCEDC-01,2,1786196970300,mww,reviewed,us,0.5192307692307693
aka2026ppnzyf,2.6,20.0,-173.535,51.504,104.0,0.0,0.0,298.0,0.8,21.0,0,"89 km SSE of Atka, Alaska",89 km SSE,"Atka, Alaska",shallow,32.5,0,CEA-12,7,1786196155855,ml,reviewed,ak,0.019230769230769246
aka2026ppmvcv,3.4,20.0,-157.682,54.939,178.0,0.0,0.0,201.0,1.4,111.0,0,"142 km SE of Perryville, Alaska",142 km SE,"Perryville, Alaska",shallow,42.5,0,USGS-WEST,14,1786194014893,ml,reviewed,ak,0.17307692307692304
us6000tj96,4.5,165.5,-67.0608,-24.3442,312.0,0.0,0.0,90.0,1.724,21.0,0,"76 km W of San Antonio de los Cobres, Argentina",76 km W,"San Antonio de los Cobres, Argentina",intermediate,56.25,0,,,1786193062813,mb,reviewed,us,0.3846153846153846
us6000tj8z,3.2,11.49,-107.0853,34.0527,158.0,2.0,3.1,93.0,0.111,21.0,0,"16 km ESE of Magdalena, New Mexico",16 km ESE,"Magdalena, New Mexico",shallow,40.0,0,USGS-WEST,0,1786192242526,ml,reviewed,us,0.13461538461538464
aka2026pplvol,3.0,10.0,176.202,51.865,138.0,0.0,0.0,202.0,1.4,10.0,0,"232 km ESE of Attu Station, Alaska",232 km ESE,"Attu Station, Alaska",shallow,37.5,0,PNSN-07,,1786192237971,ml,reviewed,ak,0.09615384615384615
us6000tk91,4.2,75.606,-92.4058,14.649,271.0,0.0,0.0,204.0,1.644,25.0,0,"8 km SSE of Puerto Madero, Mexico",8 km SSE,"Puerto Madero, Mexico",intermediate,52.5,0,,,1786192139059,mb,reviewed,us,0.3269230769230769
aka2026pplqzs,2.7,10.0,176.278,51.931,112.0,0.0,0.0,197.0,1.4,8.0,0,"233 km ESE of Attu Station, Alaska",233 km ESE,"Attu Station, Alaska",shallow,33.75,0,USGS-WEST,1,1786191925781,ml,reviewed,ak,0.03846153846153849
us6000tj8t,5.5,10.0,-90.0948,-41.4078,465.0,0.0,0.0,100.0,12.649,56.0,0,southeast of Easter Island,southeast,Easter Island,shallow,68.75,1,CEA-12,5,1786189287790,mww,reviewed,us,0.5769230769230769
aka2026ppjjhd,2.6,10.0,176.256,51.914,104.0,0.0,0.0,198.0,1.4,8.0,0,"233 km ESE of Attu Station, Alaska",233 km ESE,"Attu Station, Alaska",shallow,32.5,0,SCEDC-01,9,1786187807597,ml,reviewed,ak,0.019230769230769246
nc75413967,2.75,10.0,-125.44,40.842,116.0,0.0,0.0,246.0,0.8771,84.0,0,"103 km WNW of Ferndale, CA",103 km WNW,"Ferndale, CA",shallow,34.375,0,USGS-WEST,10,1786187730820,md,reviewed,nc,0.04807692307692307
us6000tk90,4.3,10.0,159.4492,50.156,284.0,0.0,0.0,129.0,2.914,37.0,0,"243 km ESE of Severo-Kuril’sk, Russia",243 km ESE,"Severo-Kuril’sk, Russia",shallow,53.75,0,CEA-12,15,1786187298730,mb,reviewed,us,0.3461538461538461
aka2026ppjazs,2.5,20.0,176.062,51.636,96.0,0.0,0.0,217.0,1.6,10.0,0,"238 km SE of Attu Station, Alaska",238 km SE,"Attu Station, Alaska",shallow,31.25,0,PNSN-07,14,1786187253857,ml,reviewed,ak,0.0
tx2026pmvwej,2.5,7.5867,-104.218,31.656,96.0,0.0,0.0,64.0,0.0,43.0,0,"55 km NW of Toyah, Texas",55 km NW,"Toyah, Texas",shallow,31.25,0,,,1786186708434,ml,reviewed,tx,0.0
us6000tj8n,4.6,10.0,172.9342,-17.537,326.0,0.0,0.0,102.0,4.885,24.0,0,Vanuatu region,,Vanuatu region,shallow,57.49999999999999,0,USGS-WEST,10,1786186565537,mb,reviewed,us,0.40384615384615374
aka2026ppikce,3.8,10.0,176.174,51.853,222.0,0.0,0.0,203.0,1.5,10.0,0,"231 km ESE of Attu Station, Alaska",231 km ESE,"Attu Station, Alaska",shallow,47.5,0,PNSN-07,6,1786186049804,ml,reviewed,ak,0.24999999999999994
us6000tj8e,4.9,11.138,125.0662,5.088,369.0,0.0,0.0,125.0,2.034,32.0,0,"56 km SW of Sarangani, Philippines",56 km SW,"Sarangani, Philippines",shallow,61.25000000000001,0,PNSN-07,6,1786184447001,mb,reviewed,us,0.46153846153846156
us6000tk8y,4.1,54.247,107.8449,-8.0781,259.0,0.0,0.0,86.0,0.641,17.0,0,"85 km SSW of Singaparna, Indonesia",85 km SSW,"Singaparna, Indonesia",shallow,51.24999999999999,0,SCEDC-01,15,1786183199173,mb,reviewed,us,0.3076923076923076
us6000tja7,2.9,10.0,176.2853,51.9252,129.0,0.0,0.0,196.0,1.378,13.0,0,"234 km ESE of Attu Station, Alaska",234 km ESE,"Attu Station, Alaska",shallow,36.25,0,PNSN-07,7,1786182460299,ml,reviewed,us,0.0769230769230769
pr71527868,3.23,10.28,-65.7201666666667,18.0623333333333,161.0,2.0,3.1,184.0,0.137,30.0,0,"11 km SSE of Punta Santiago, Puerto Rico",11 km SSE,"Punta Santiago, Puerto Rico",shallow,40.375,0,PNSN-07,12,1786182312610,md,reviewed,pr,0.14038461538461539
us6000tj85,2.6,9.935,-140.7532,66.6393,104.0,0.0,0.0,85.0,0.397,36.0,0,"131 km E of Chalkyitsik, Alaska",131 km E,"Chalkyitsik, Alaska",shallow,32.5,0,CEA-12,15,1786182190417,ml,reviewed,us,0.019230769230769246
us6000tk0w,2.8,10.0,176.2022,51.7645,121.0,0.0,0.0,207.0,1.444,11.0,0,"238 km ESE of Attu Station, Alaska",238 km ESE,"Attu Station, Alaska",shallow,35.0,0,CEA-12,4,1786180842350,ml,reviewed,us,0.057692307692307654
us6000tk8v,4.2,513.792,179.8285,-24.4943,271.0,0.0,0.0,121.0,6.917,28.0,0,south of the Fiji Islands,south,the Fiji Islands,deep,52.5,0,,,1786180709241,mb,reviewed,us,0.3269230769230769
us6000tj80,4.2,48.048,-92.9611,14.2775,271.0,0.0,0.0,185.0,2.145,36.0,0,"76 km SW of Puerto Madero, Mexico",76 km SW,"Puerto Madero, Mexico",shallow,52.5,0,PNSN-07,13,1786180424615,mb,reviewed,us,0.3269230769230769
aka2026ppelkz,3.0,20.0,-160.148,53.224,138.0,0.0,0.0,231.0,2.2,48.0,0,"236 km S of Sand Point, Alaska",236 km S,"Sand Point, Alaska",shallow,37.5,0,SCEDC-01,14,1786178958679,ml,reviewed,ak,0.09615384615384615
aka2026ppekdh,2.6,10.0,176.241,51.933,104.0,0.0,0.0,197.0,1.4,8.0,0,"231 km ESE of Attu Station, Alaska",231 km ESE,"Attu Station, Alaska",shallow,32.5,0,PNSN-07,13,1786178870216,ml,reviewed,ak,0.019230769230769246
aka2026ppejhf,2.7,80.9,176.187,52.021,112.0,0.0,0.0,193.0,1.4,11.0,0,"223 km ESE of Attu Station, Alaska",223 km ESE,"Attu Station, Alaska",intermediate,33.75,0,CEA-12,8,1786178811766,ml,reviewed,ak,0.03846153846153849
aka2026ppedws,2.6,20.0,176.244,51.966,104.0,0.0,0.0,195.0,1.4,10.0,0,"229 km ESE of Attu Station, Alaska",229 km ESE,"Attu Station, Alaska",shallow,32.5,0,PNSN-07,6,1786178439690,ml,reviewed,ak,0.019230769230769246
aka2026ppdtwl,2.8,5.0,-155.431,59.472,121.0,0.0,0.0,21.0,0.1,84.0,0,"30 km ENE of Igiugig, Alaska",30 km ENE,"Igiugig, Alaska",shallow,35.0,0,USGS-WEST,12,1786177745454,ml,reviewed,ak,0.057692307692307654
aka2026ppdspw,2.6,93.3,-152.726,59.943,104.0,0.0,0.0,54.0,0.2,122.0,0,"53 km WNW of Anchor Point, Alaska",53 km WNW,"Anchor Point, Alaska",intermediate,32.5,0,USGS-WEST,11,1786177654245,ml,reviewed,ak,0.019230769230769246
aka2026ppdqpd,3.7,10.0,176.306,51.958,211.0,0.0,0.0,194.0,1.4,10.0,0,"234 km ESE of Attu Station, Alaska",234 km ESE,"Attu Station, Alaska",shallow,46.25,0,CEA-12,2,1786177504522,ml,reviewed,ak,0.23076923076923078
us6000tj7q,4.2,137.959,140.3905,41.0624,271.0,0.0,0.0,78.0,0.579,63.0,0,"14 km SSW of Imabetsu, Japan",14 km SSW,"Imabetsu, Japan",intermediate,52.5,0,PNSN-07,12,1786176450115,mb,reviewed,us,0.3269230769230769
tx2026pmpsus,2.6,6.4075,-104.383,31.641,104.0,0.0,0.0,72.0,0.1,32.0,0,"59 km S of Whites City, New Mexico",59 km S,"Whites City, New Mexico",shallow,32.5,0,CEA-12,2,1786175612208,ml,reviewed,tx,0.019230769230769246
aka2026ppcmpm,2.6,10.0,176.302,51.929,104.0,0.0,0.0,196.0,1.4,7.0,0,"235 km ESE of Attu Station, Alaska",235 km ESE,"Attu Station, Alaska",shallow,32.5,0,PNSN-07,14,1786175428518,ml,reviewed,ak,0.019230769230769246
aka2026ppbbat,2.5,10.0,176.268,51.914,96.0,0.0,0.0,198.0,1.4,8.0,0,"234 km ESE of Attu Station, Alaska",234 km ESE,"Attu Station, Alaska",shallow,31.25,0,,,1786172830225,ml,reviewed,ak,0.0
aka2026ppawfh,3.3,5.0,-152.339,62.252,168.0,3.0,2.0,19.0,0.5,134.0,0,"57 km WNW of Skwentna, Alaska",57 km WNW,"Skwentna, Alaska",shallow,41.25,0,CEA-12,0,1786172509394,ml,reviewed,ak,0.1538461538461538
us6000tj7a,4.3,173.075,140.1099,39.9436,284.0,0.0,0.0,157.0,1.116,26.0,0,"1 km NNW of Gojōnome, Japan",1 km NNW,"Gojōnome, Japan",intermediate,53.75,0,PNSN-07,6,1786172390876,mb,reviewed,us,0.3461538461538461
aka2026ppagtx,3.4,20.0,176.147,51.778,178.0,0.0,0.0,208.0,1.5,22.0,0,"234 km ESE of Attu Station, Alaska",234 km ESE,"Attu Station, Alaska",shallow,42.5,0,SCEDC-01,13,1786171432921,ml,reviewed,ak,0.17307692307692304
aka2026pozgsw,3.6,7.2,-171.203,51.676,199.0,0.0,0.0,217.0,1.4,52.0,0,"212 km SW of Nikolski, Alaska",212 km SW,"Nikolski, Alaska",shallow,45.0,0,USGS-WEST,2,1786169635686,ml,reviewed,ak,0.21153846153846154
us6000tj73,4.4,190.698,-67.3807,-24.3551,298.0,0.0,0.0,135.0,1.577,18.0,0,"108 km W of San Antonio de los Cobres, Argentina",108 km W,"San Antonio de los Cobres, Argentina",intermediate,55.00000000000001,0,SCEDC-01,4,1786169201571,mb,reviewed,us,0.3653846153846154
aka2026poyjvy,2.9,20.0,176.247,51.883,129.0,0.0,0.0,200.0,1.4,9.0,0,"234 km ESE of Attu Station, Alaska",234 km ESE,"Attu Station, Alaska",shallow,36.25,0,PNSN-07,0,1786168045578,ml,reviewed,ak,0.0769230769230769
us6000tj70,4.8,82.521,155.753,49.8507,354.0,0.0,0.0,123.0,3.481,96.0,0,"95 km SSW of Severo-Kuril’sk, Russia",95 km SSW,"Severo-Kuril’sk, Russia",intermediate,60.0,0,PNSN-07,1,1786167579927,mb,reviewed,us,0.44230769230769224
aka2026poxsow,3.0,8.1,176.328,52.035,138.0,0.0,0.0,189.0,1.4,11.0,0,"231 km ESE of Attu Station, Alaska",231 km ESE,"Attu Station, Alaska",shallow,37.5,0,USGS-WEST,12,1786166841926,ml,reviewed,ak,0.09615384615384615
aka2026poxpkq,2.8,7.6,176.321,52.026,121.0,0.0,0.0,190.0,1.4,11.0,0,"231 km ESE of Attu Station, Alaska",231 km ESE,"Attu Station, Alaska",shallow,35.0,0,CEA-12,12,1786166621668,ml,reviewed,ak,0.057692307692307654
aka2026poxobc,2.7,20.0,-173.447,51.441,112.0,0.0,0.0,301.0,0.9,18.0,0,"98 km SSE of Atka, Alaska",98 km SSE,"Atka, Alaska",shallow,33.75,0,CEA-12,5,1786166536770,ml,reviewed,ak,0.03846153846153849
us6000tj6x,3.4,35.0,-173.4796,51.4851,178.0,0.0,0.0,195.0,0.845,45.0,0,"93 km SSE of Atka, Alaska",93 km SSE,"Atka, Alaska",shallow,42.5,0,CEA-12,0,1786166204594,mb,reviewed,us,0.17307692307692304
aka2026powxco,3.4,20.0,176.164,51.764,178.0,0.0,0.0,208.0,1.5,23.0,0,"236 km ESE of Attu Station, Alaska",236 km ESE,"Attu Station, Alaska",shallow,42.5,0,USGS-WEST,0,1786165333035,ml,reviewed,ak,0.17307692307692304
aka2026powwlk,2.5,5.0,-152.346,62.268,96.0,1.0,1.0,32.0,0.5,44.0,0,"58 km WNW of Skwentna, Alaska",58 km WNW,"Skwentna, Alaska",shallow,31.25,0,PNSN-07,6,1786165328853,ml,reviewed,ak,0.0
aka2026powtkx,2.7,5.0,-152.281,62.254,112.0,1.0,1.0,71.0,0.4,40.0,0,"54 km WNW of Skwentna, Alaska",54 km WNW,"Skwentna, Alaska",shallow,33.75,0,SCEDC-01,6,1786165120956,ml,reviewed,ak,0.03846153846153849
us6000tj6u,2.9,35.0,176.2594,52.0405,129.0,0.0,0.0,190.0,1.395,10.0,0,"227 km ESE of Attu Station, Alaska",227 km ESE,"Attu Station, Alaska",shallow,36.25,0,PNSN-07,3,1786165078682,ml,reviewed,us,0.0769230769230769
aka2026powrpu,3.2,0.4,-152.234,62.239,158.0,4.0,2.2,63.0,0.4,30.0,0,"51 km WNW of Skwentna, Alaska",51 km WNW,"Skwentna, Alaska",shallow,40.0,0,USGS-WEST,13,1786164995171,ml,reviewed,ak,0.13461538461538464
aka2026powmkf,5.6,10.0,-152.314,62.269,1022.0,1137.0,5.4,18.0,0.5,228.0,0,"57 km WNW of Skwentna, Alaska",57 km WNW,"Skwentna, Alaska",shallow,70.0,1,PNSN-07,0,1786164634985,ml,reviewed,ak,0.596153846153846
us6000tjsf,2.8,6.695,176.3151,52.0169,121.0,0.0,0.0,190.0,1.36,12.0,0,"231 km ESE of Attu Station, Alaska",231 km ESE,"Attu Station, Alaska",shallow,35.0,0,PNSN-07,12,1786164333978,ml,reviewed,us,0.057692307692307654
us6000tjsc,2.6,10.0,176.3392,51.9603,104.0,0.0,0.0,193.0,1.344,7.0,0,"236 km ESE of Attu Station, Alaska",236 km ESE,"Attu Station, Alaska",shallow,32.5,0,SCEDC-01,13,1786164093768,ml,reviewed,us,0.019230769230769246
us6000tk8r,3.2,35.0,171.9449,52.9361,158.0,0.0,0.0,170.0,1.323,12.0,0,"84 km W of Attu Station, Alaska",84 km W,"Attu Station, Alaska",shallow,40.0,0,PNSN-07,9,1786162216678,ml,reviewed,us,0.13461538461538464
us6000tj69,5.0,10.0,-176.5487,-28.4766,385.0,0.0,0.0,122.0,1.432,24.0,0,Kermadec Islands region,,Kermadec Islands region,shallow,62.5,1,,,1786161571810,mb,reviewed,us,0.4807692307692307
us6000tj6s,3.1,18.969,176.1621,51.7949,148.0,0.0,0.0,206.0,1.464,13.0,0,"234 km ESE of Attu Station, Alaska",234 km ESE,"Attu Station, Alaska",shallow,38.75,0,USGS-WEST,14,1786161003928,ml,reviewed,us,0.11538461538461539
us6000tj68,4.8,10.0,82.875,39.6351,354.0,0.0,0.0,97.0,4.482,41.0,0,"158 km NNE of Darya Boyi, China",158 km NNE,"Darya Boyi, China",shallow,60.0,0,PNSN-07,15,1786160726267,mb,reviewed,us,0.44230769230769224
us6000tj67,4.5,10.0,73.853,32.7786,313.0,4.0,4.2,225.0,0.998,36.0,0,"2 km ESE of Mehmand Chak, Pakistan",2 km ESE,"Mehmand Chak, Pakistan",shallow,56.25,0,PNSN-07,0,1786159804685,mb,reviewed,us,0.3846153846153846
us6000tjnk,2.8,10.0,176.3207,51.9817,121.0,0.0,0.0,192.0,1.356,12.0,0,"233 km ESE of Attu Station, Alaska",233 km ESE,"Attu Station, Alaska",shallow,35.0,0,SCEDC-01,0,1786157645972,ml,reviewed,us,0.057692307692307654
us6000tj65,4.6,10.0,125.3651,5.1189,326.0,0.0,0.0,113.0,1.95,35.0,0,"33 km SSW of Sarangani, Philippines",33 km SSW,"Sarangani, Philippines",shallow,57.49999999999999,0,USGS-WEST,,1786157099172,mb,reviewed,us,0.40384615384615374
us6000tj6r,3.2,17.485,176.2435,51.8687,158.0,0.0,0.0,200.0,1.407,11.0,0,"234 km ESE of Attu Station, Alaska",234 km ESE,"Attu Station, Alaska",shallow,40.0,0,USGS-WEST,,1786156607103,ml,reviewed,us,0.13461538461538464
us6000tjnj,2.8,10.0,176.2397,51.9795,121.0,0.0,0.0,194.0,1.406,12.0,0,"229 km ESE of Attu Station, Alaska",229 km ESE,"Attu Station, Alaska",shallow,35.0,0,SCEDC-01,3,1786155994710,ml,reviewed,us,0.057692307692307654
us6000tjnh,3.1,35.0,-165.7818,53.4999,148.0,0.0,0.0,205.0,0.606,26.0,0,"64 km SE of Unalaska, Alaska",64 km SE,"Unalaska, Alaska",shallow,38.75,0,USGS-WEST,14,1786155206753,ml,reviewed,us,0.11538461538461539
us6000tk3p,2.5,10.0,176.2762,52.0337,96.0,0.0,0.0,190.0,1.421,7.0,0,"228 km ESE of Attu Station, Alaska",228 km ESE,"Attu Station, Alaska",shallow,31.25,0,SCEDC-01,13,1786155002086,ml,reviewed,us,0.0
us6000tjnc,2.7,4.641,176.3256,51.9389,112.0,0.0,0.0,195.0,1.353,8.0,0,"236 km ESE of Attu Station, Alaska",236 km ESE,"Attu Station, Alaska",shallow,33.75,0,PNSN-07,0,1786154932180,ml,reviewed,us,0.03846153846153849
us6000tjna,2.6,10.0,176.3737,52.0158,104.0,0.0,0.0,189.0,1.324,10.0,0,"235 km ESE of Attu Station, Alaska",235 km ESE,"Attu Station, Alaska",shallow,32.5,0,PNSN-07,6,1786154198376,ml,reviewed,us,0.019230769230769246
us6000tk8n,4.4,10.0,144.2925,12.0676,298.0,0.0,0.0,92.0,1.613,22.0,0,"138 km SSW of Merizo Village, Guam",138 km SSW,"Merizo Village, Guam",shallow,55.00000000000001,0,USGS-WEST,0,1786154008080,mb,reviewed,us,0.3653846153846154
us6000tjn7,3.0,12.45,176.3422,52.0573,138.0,0.0,0.0,187.0,1.344,13.0,0,"231 km ESE of Attu Station, Alaska",231 km ESE,"Attu Station, Alaska",shallow,37.5,0,,,1786153286562,ml,reviewed,us,0.09615384615384615
us6000tjn5,2.7,10.0,176.115,51.679,112.0,0.0,0.0,213.0,1.512,11.0,0,"238 km SE of Attu Station, Alaska",238 km SE,"Attu Station, Alaska",shallow,33.75,0,SCEDC-01,5,1786152885540,ml,reviewed,us,0.03846153846153849
us6000tj5u,4.2,35.0,144.5582,42.3596,271.0,0.0,0.0,174.0,1.097,30.0,0,"69 km SSE of Kushiro, Japan",69 km SSE,"Kushiro, Japan",shallow,52.5,0,,,1786152753870,mb,reviewed,us,0.3269230769230769
us6000tjn4,2.8,10.0,176.3868,52.0788,121.0,0.0,0.0,185.0,1.319,13.0,0,"233 km ESE of Attu Station, Alaska",233 km ESE,"Attu Station, Alaska",shallow,35.0,0,USGS-WEST,,1786150455926,ml,reviewed,us,0.057692307692307654
us6000tj53,2.9,10.0,-125.6602,42.4285,129.0,0.0,0.0,248.0,0.979,42.0,0,"101 km WSW of Port Orford, Oregon",101 km WSW,"Port Orford, Oregon",shallow,36.25,0,PNSN-07,,1786147301586,ml,reviewed,us,0.0769230769230769
aka2026pomvef,2.7,4.0,176.272,51.914,112.0,0.0,0.0,198.0,1.4,11.0,0,"234 km ESE of Attu Station, Alaska",234 km ESE,"Attu Station, Alaska",shallow,33.75,0,CEA-12,0,1786147245928,ml,reviewed,ak,0.03846153846153849
uu80147521,2.86,6.66,-111.930833333333,40.4033333333333,358.0,552.0,4.2,36.0,0.03461,65.0,0,"6 km NNW of Saratoga Springs, Utah",6 km NNW,"Saratoga Springs, Utah",shallow,35.75,0,SCEDC-01,15,1786146923160,ml,reviewed,uu,0.0692307692307692
us6000tj62,2.5,10.0,176.243,51.8444,96.0,0.0,0.0,202.0,1.409,12.0,0,"236 km ESE of Attu Station, Alaska",236 km ESE,"Attu Station, Alaska",shallow,31.25,0,SCEDC-01,0,1786145900453,ml,reviewed,us,0.0
us6000tj60,2.8,10.0,176.2863,51.7896,121.0,0.0,0.0,204.0,1.389,13.0,0,"241 km ESE of Attu Station, Alaska",241 km ESE,"Attu Station, Alaska",shallow,35.0,0,USGS-WEST,4,1786145816605,ml,reviewed,us,0.057692307692307654
us6000tj4x,4.5,198.985,122.0018,0.2552,312.0,0.0,0.0,125.0,5.696,21.0,0,"122 km WSW of Gorontalo, Indonesia",122 km WSW,"Gorontalo, Indonesia",intermediate,56.25,0,SCEDC-01,9,1786145448420,mb,reviewed,us,0.3846153846153846
us6000tjel,5.1,10.0,-112.2713,-13.7382,400.0,0.0,0.0,90.0,13.615,51.0,0,central East Pacific Rise,,central East Pacific Rise,shallow,63.74999999999999,1,CEA-12,6,1786144747914,mww,reviewed,us,0.4999999999999999
us6000tj4s,4.7,10.0,-75.5241,-12.1235,341.0,3.0,4.3,95.0,1.296,39.0,0,"17 km WNW of Yanacancha, Peru",17 km WNW,"Yanacancha, Peru",shallow,58.75,0,,,1786144283416,mb,reviewed,us,0.4230769230769231
aka2026polazi,2.6,10.9,-176.591,51.27,104.0,0.0,0.0,217.0,0.6,26.0,0,"67 km S of Adak, Alaska",67 km S,"Adak, Alaska",shallow,32.5,0,CEA-12,0,1786144051247,ml,reviewed,ak,0.019230769230769246
us6000tj4i,4.6,139.805,125.622,5.8489,326.0,0.0,0.0,103.0,1.214,55.0,0,"7 km SSW of Caburan, Philippines",7 km SSW,"Caburan, Philippines",intermediate,57.49999999999999,0,CEA-12,4,1786143229394,mb,reviewed,us,0.40384615384615374
aka2026pokexh,2.6,6.3,-174.546,51.377,104.0,0.0,0.0,267.0,0.9,20.0,0,"94 km SSW of Atka, Alaska",94 km SSW,"Atka, Alaska",shallow,32.5,0,,,1786142524290,ml,reviewed,ak,0.019230769230769246
us6000tjqy,3.1,10.0,176.322,51.9604,148.0,0.0,0.0,194.0,1.355,14.0,0,"235 km ESE of Attu Station, Alaska",235 km ESE,"Attu Station, Alaska",shallow,38.75,0,CEA-12,4,1786141210497,ml,reviewed,us,0.11538461538461539
us6000tj4f,4.8,10.0,-113.5805,-21.5086,354.0,0.0,0.0,147.0,6.778,50.0,0,southern East Pacific Rise,,southern East Pacific Rise,shallow,60.0,0,SCEDC-01,0,1786141179579,mb,reviewed,us,0.44230769230769224
us6000tj42,4.4,190.932,125.0521,1.7937,298.0,0.0,0.0,108.0,5.267,27.0,0,"34 km NNE of Laikit, Laikit II (Dimembe), Indonesia",34 km NNE,"Laikit, Laikit II (Dimembe), Indonesia",intermediate,55.00000000000001,0,PNSN-07,9,1786140775555,mb,reviewed,us,0.3653846153846154
us6000tjqv,2.6,10.0,-173.4904,51.4506,104.0,0.0,0.0,292.0,0.871,20.0,0,"96 km SSE of Atka, Alaska",96 km SSE,"Atka, Alaska",shallow,32.5,0,CEA-12,5,1786135291926,ml,reviewed,us,0.019230769230769246
us6000tjqs,2.6,12.261,-179.8848,51.1545,104.0,0.0,0.0,223.0,0.558,27.0,0,"239 km WSW of Adak, Alaska",239 km WSW,"Adak, Alaska",shallow,32.5,0,CEA-12,14,1786133223479,ml,reviewed,us,0.019230769230769246
us6000tj2p,4.5,10.0,127.3898,4.3305,312.0,0.0,0.0,86.0,8.685,27.0,0,"244 km ESE of Sarangani, Philippines",244 km ESE,"Sarangani, Philippines",shallow,56.25,0,SCEDC-01,10,1786132095479,mb,reviewed,us,0.3846153846153846
aka2026pocpyi,2.6,14.1,-164.523,64.489,104.0,0.0,0.0,121.0,0.4,13.0,0,"8 km SSW of Solomon, Alaska",8 km SSW,"Solomon, Alaska",shallow,32.5,0,CEA-12,6,1786128895218,ml,reviewed,ak,0.019230769230769246
us6000tj22,4.2,10.0,140.6539,36.8197,271.0,0.0,0.0,135.0,1.985,38.0,0,"9 km WNW of Kitaibaraki, Japan",9 km WNW,"Kitaibaraki, Japan",shallow,52.5,0,USGS-WEST,1,1786128091893,mb,reviewed,us,0.3269230769230769
us6000tjqn,3.1,10.0,-174.5353,51.1109,148.0,0.0,0.0,219.0,1.112,27.0,0,"122 km S of Atka, Alaska",122 km S,"Atka, Alaska",shallow,38.75,0,PNSN-07,3,1786127641202,ml,reviewed,us,0.11538461538461539
us6000tjqm,3.1,10.0,176.3336,52.0132,148.0,0.0,0.0,190.0,1.348,15.0,0,"233 km ESE of Attu Station, Alaska",233 km ESE,"Attu Station, Alaska",shallow,38.75,0,CEA-12,12,1786127389119,ml,reviewed,us,0.11538461538461539
us6000tj19,4.3,503.946,179.6104,-24.8904,284.0,0.0,0.0,155.0,4.86,33.0,0,south of the Fiji Islands,south,the Fiji Islands,deep,53.75,0,,,1786123888006,mb,reviewed,us,0.3461538461538461
pr71527838,2.72,57.68,-66.1525,18.3235,114.0,0.0,0.0,193.0,0.06695,9.0,0,"5 km SW of Guaynabo, Puerto Rico",5 km SW,"Guaynabo, Puerto Rico",shallow,34.0,0,,,1786123748730,md,reviewed,pr,0.042307692307692345
aka2026pnypds,2.5,20.0,-173.262,51.542,96.0,0.0,0.0,310.0,0.9,12.0,0,"97 km SE of Atka, Alaska",97 km SE,"Atka, Alaska",shallow,31.25,0,PNSN-07,5,1786121646671,ml,reviewed,ak,0.0
us6000tjzi,4.2,583.998,-178.1905,-18.1642,271.0,0.0,0.0,167.0,2.871,11.0,0,"264 km E of Levuka, Fiji",264 km E,"Levuka, Fiji",deep,52.5,0,PNSN-07,,1786121619216,mb,reviewed,us,0.3269230769230769
nc75413432,3.1,3.97,-121.178666666667,36.5775,148.0,2.0,2.7,41.0,0.00793,80.0,0,"6 km NNW of Pinnacles, CA",6 km NNW,"Pinnacles, CA",shallow,38.75,0,USGS-WEST,,1786117604810,ml,reviewed,nc,0.11538461538461539
us6000tizf,4.4,93.531,-69.6921,-18.822,298.0,0.0,0.0,110.0,0.515,27.0,0,"61 km NNW of Camiña, Chile",61 km NNW,"Camiña, Chile",intermediate,55.00000000000001,0,USGS-WEST,0,1786117344939,mb,reviewed,us,0.3653846153846154
us6000tjqe,3.1,35.0,-175.768,51.5336,148.0,0.0,0.0,214.0,0.464,26.0,0,"70 km ESE of Adak, Alaska",70 km ESE,"Adak, Alaska",shallow,38.75,0,USGS-WEST,10,1786117216457,ml,reviewed,us,0.11538461538461539
aka2026pnvzqk,2.5,100.8,176.713,52.753,96.0,0.0,0.0,202.0,1.4,8.0,0,"238 km E of Attu Station, Alaska",238 km E,"Attu Station, Alaska",intermediate,31.25,0,USGS-WEST,2,1786116971308,ml,reviewed,ak,0.0
us6000tizg,4.1,507.46,179.7242,-24.7733,259.0,0.0,0.0,157.0,4.921,25.0,0,south of the Fiji Islands,south,the Fiji Islands,deep,51.24999999999999,0,USGS-WEST,,1786116948734,mb,reviewed,us,0.3076923076923076
nc75413392,2.81,3.23,-121.185166666667,36.5725,121.0,0.0,0.0,53.0,0.0008196,62.0,0,"6 km NW of Pinnacles, CA",6 km NW,"Pinnacles, CA",shallow,35.125,0,SCEDC-01,10,1786115811890,md,reviewed,nc,0.059615384615384626
us6000tj0y,2.7,10.0,176.3386,52.0136,112.0,0.0,0.0,190.0,1.345,13.0,0,"233 km ESE of Attu Station, Alaska",233 km ESE,"Attu Station, Alaska",shallow,33.75,0,SCEDC-01,,1786115387537,ml,reviewed,us,0.03846153846153849
us6000tiyy,4.5,10.0,72.6863,36.8327,312.0,0.0,0.0,150.0,1.486,42.0,0,"35 km ESE of Khandūd, Afghanistan",35 km ESE,"Khandūd, Afghanistan",shallow,56.25,0,PNSN-07,6,1786114533587,mb,reviewed,us,0.3846153846153846
us6000tiyv,4.1,139.781,-71.5286,-15.204,259.0,0.0,0.0,121.0,3.081,16.0,0,"17 km NNW of Tisco, Peru",17 km NNW,"Tisco, Peru",intermediate,51.24999999999999,0,,,1786114035372,mb,reviewed,us,0.3076923076923076
nc75413352,3.04,4.07,-121.173,36.5756666666667,142.0,1.0,2.7,41.0,0.01074,76.0,0,"6 km NNW of Pinnacles, CA",6 km NNW,"Pinnacles, CA",shallow,38.0,0,PNSN-07,5,1786112876370,ml,reviewed,nc,0.10384615384615385
us6000tixr,5.0,77.647,156.7443,50.3577,385.0,0.0,0.0,123.0,2.818,73.0,0,"56 km SE of Severo-Kuril’sk, Russia",56 km SE,"Severo-Kuril’sk, Russia",intermediate,62.5,1,PNSN-07,15,1786112489448,mb,reviewed,us,0.4807692307692307
us6000tixn,4.8,534.988,110.2073,-5.5972,354.0,0.0,0.0,47.0,1.461,76.0,0,"112 km NNW of Batang, Indonesia",112 km NNW,"Batang, Indonesia",deep,60.0,0,SCEDC-01,,1786111659335,mb,reviewed,us,0.44230769230769224
us6000tjzg,4.9,35.0,-176.8325,-28.8208,369.0,0.0,0.0,75.0,1.049,31.0,0,Kermadec Islands region,,Kermadec Islands region,shallow,61.25000000000001,0,,,1786108383228,mb,reviewed,us,0.46153846153846156
us6000tixe,4.5,161.069,-173.9043,-15.7191,312.0,0.0,0.0,123.0,6.508,39.0,0,"28 km NNW of Hihifo, Tonga",28 km NNW,"Hihifo, Tonga",intermediate,56.25,0,PNSN-07,13,1786108144294,mb,reviewed,us,0.3846153846153846
us6000tixb,4.4,10.0,-4.6755,81.4623,298.0,0.0,0.0,100.0,3.808,31.0,0,north of Svalbard,north,Svalbard,shallow,55.00000000000001,0,PNSN-07,10,1786107355251,mb,reviewed,us,0.3653846153846154
us6000tj0i,2.6,126.078,176.474,52.4343,104.0,0.0,0.0,177.0,1.339,11.0,0,"227 km ESE of Attu Station, Alaska",227 km ESE,"Attu Station, Alaska",intermediate,32.5,0,PNSN-07,14,1786103717163,ml,reviewed,us,0.019230769230769246
us6000tix7,4.1,10.0,-133.5667,53.3564,259.0,0.0,0.0,149.0,0.985,95.0,0,"211 km SSW of Hydaburg, Alaska",211 km SSW,"Hydaburg, Alaska",shallow,51.24999999999999,0,CEA-12,7,1786103283598,mb,reviewed,us,0.3076923076923076
pr71527803,3.38,78.65,-68.2131666666667,18.8396666666667,176.0,0.0,0.0,169.0,0.3605,10.0,0,"34 km NE of Punta Cana, Dominican Republic",34 km NE,"Punta Cana, Dominican Republic",intermediate,42.25,0,PNSN-07,7,1786099608730,md,reviewed,pr,0.1692307692307692
nc75413212,2.56,4.16,-121.174333333333,36.5841666666667,101.0,0.0,0.0,82.0,0.0153,72.0,0,"6 km NNW of Pinnacles, CA",6 km NNW,"Pinnacles, CA",shallow,32.0,0,PNSN-07,15,1786095634110,md,reviewed,nc,0.011538461538461548
nn00923036,2.79,0.0,-116.0347,38.81,120.0,0.0,0.0,162.0,0.58,9.0,0,"78 km S of Eureka, Nevada",78 km S,"Eureka, Nevada",shallow,34.875,0,SCEDC-01,0,1786093253261,ml,reviewed,nn,0.05576923076923077
us6000tiwj,4.7,12.314,125.0898,5.189,340.0,0.0,0.0,116.0,1.931,40.0,0,"47 km WSW of Sarangani, Philippines",47 km WSW,"Sarangani, Philippines",shallow,58.75,0,PNSN-07,12,1786092218581,mb,reviewed,us,0.4230769230769231
us6000tizi,3.1,10.0,176.2538,51.8889,148.0,0.0,0.0,199.0,1.399,14.0,0,"234 km ESE of Attu Station, Alaska",234 km ESE,"Attu Station, Alaska",shallow,38.75,0,PNSN-07,8,1786090687160,ml,reviewed,us,0.11538461538461539
us6000tjz8,4.3,10.0,104.6417,28.4697,284.0,0.0,0.0,155.0,7.507,18.0,0,"7 km WNW of Xunchang, China",7 km WNW,"Xunchang, China",shallow,53.75,0,CEA-12,6,1786089733202,mb,reviewed,us,0.3461538461538461
us6000tjz7,4.3,59.398,140.2645,35.5344,284.0,0.0,0.0,144.0,1.946,21.0,0,"5 km WNW of Ōami, Japan",5 km WNW,"Ōami, Japan",shallow,53.75,0,,,1786088447752,mb,reviewed,us,0.3461538461538461
us6000tiwd,4.2,108.951,-68.7465,-22.2255,271.0,0.0,0.0,60.0,0.627,21.0,0,"31 km NE of Calama, Chile",31 km NE,"Calama, Chile",intermediate,52.5,0,PNSN-07,9,1786087346711,mb,reviewed,us,0.3269230769230769
us6000tiwc,4.4,10.0,27.9936,36.0545,299.0,4.0,3.5,89.0,0.189,28.0,0,"4 km SSW of Lárdos, Greece",4 km SSW,"Lárdos, Greece",shallow,55.00000000000001,0,PNSN-07,8,1786086656611,mb,reviewed,us,0.3653846153846154
pr2026219001,3.68,32.0,-68.5036,19.196,208.0,0.0,0.0,184.0,0.691,23.0,0,"61 km ENE of Miches, Dominican Republic",61 km ENE,"Miches, Dominican Republic",shallow,46.0,0,PNSN-07,3,1786086335830,md,reviewed,pr,0.22692307692307695
us6000tiw5,4.5,102.132,125.941,4.4892,312.0,0.0,0.0,107.0,2.589,48.0,0,"114 km SSE of Sarangani, Philippines",114 km SSE,"Sarangani, Philippines",intermediate,56.25,0,PNSN-07,0,1786083782987,mb,reviewed,us,0.3846153846153846
aka2026pnbrha,2.5,3.0,-173.524,51.495,96.0,0.0,0.0,301.0,0.8,16.0,0,"90 km SSE of Atka, Alaska",90 km SSE,"Atka, Alaska",shallow,31.25,0,SCEDC-01,14,1786080407333,ml,reviewed,ak,0.0
us6000tivz,5.1,10.0,104.7523,28.505,401.0,1.0,5.6,73.0,7.483,65.0,0,"6 km NNE of Xunchang, China",6 km NNE,"Xunchang, China",shallow,63.74999999999999,1,SCEDC-01,9,1786079310903,mb,reviewed,us,0.4999999999999999
pr2026219000,3.56,10.0,-66.9438,17.9575,200.0,14.0,3.8,178.0,0.067,21.0,0,"4 km WSW of Guánica, Puerto Rico",4 km WSW,"Guánica, Puerto Rico",shallow,44.5,0,SCEDC-01,14,1786078081170,md,reviewed,pr,0.20384615384615384
pr71527753,2.82,9.75,-67.5943333333333,18.3748333333333,122.0,0.0,0.0,310.0,0.1098,14.0,0,"36 km W of Rincón, Puerto Rico",36 km W,"Rincón, Puerto Rico",shallow,35.25,0,PNSN-07,,1786077761920,md,reviewed,pr,0.06153846153846151
tx2026pkkzio,2.9,7.6251,-103.818,32.005,129.0,0.0,0.0,46.0,0.0,30.0,0,"34 km SE of Malaga, New Mexico",34 km SE,"Malaga, New Mexico",shallow,36.25,0,USGS-WEST,10,1786072932535,ml,reviewed,tx,0.0769230769230769
us6000tivb,5.0,90.196,120.6108,13.3855,393.0,20.0,4.2,83.0,7.955,79.0,0,"7 km NW of Cabacao, Philippines",7 km NW,"Cabacao, Philippines",intermediate,62.5,1,CEA-12,12,1786070290013,mb,reviewed,us,0.4807692307692307
pr71527738,3.16,26.96,-65.7631666666667,18.6988333333333,154.0,1.0,2.2,208.0,0.9928,6.0,0,"31 km NNE of Vieques, Puerto Rico",31 km NNE,"Vieques, Puerto Rico",shallow,39.5,0,SCEDC-01,,1786066342250,md,reviewed,pr,0.12692307692307694
us6000tjmu,2.6,2.472,-178.0586,50.9961,104.0,0.0,0.0,222.0,0.733,21.0,0,"139 km SW of Adak, Alaska",139 km SW,"Adak, Alaska",shallow,32.5,0,PNSN-07,0,1786063327534,ml,reviewed,us,0.019230769230769246
us6000tits,4.5,10.0,-68.8413,-33.1527,314.0,8.0,3.7,105.0,1.111,36.0,0,"29 km S of Mendoza, Argentina",29 km S,"Mendoza, Argentina",shallow,56.25,0,SCEDC-01,15,1786060838677,mb,reviewed,us,0.3846153846153846
us6000tj50,2.8,35.0,-176.4942,51.3917,121.0,0.0,0.0,211.0,0.474,25.0,0,"54 km S of Adak, Alaska",54 km S,"Adak, Alaska",shallow,35.0,0,CEA-12,3,1786055991977,ml,reviewed,us,0.057692307692307654
ci40667530,3.01,8.66,-115.760666666667,31.5821666666667,139.0,0.0,0.0,86.0,0.1912,19.0,0,"78 km E of Maneadero, B.C., MX",78 km E,"Maneadero, B.C., MX",shallow,37.625,0,PNSN-07,,1786055918940,ml,reviewed,ci,0.09807692307692303
us6000tiqn,3.5,43.602,-164.0024,53.9328,188.0,0.0,0.0,203.0,0.987,16.0,0,"109 km SSW of False Pass, Alaska",109 km SSW,"False Pass, Alaska",shallow,43.75,0,USGS-WEST,15,1786052776493,mb,reviewed,us,0.1923076923076923
us6000tiqe,4.9,22.793,178.5415,-38.2308,369.0,0.0,0.0,123.0,0.693,38.0,0,"64 km NE of Mangapapa, New Zealand",64 km NE,"Mangapapa, New Zealand",shallow,61.25000000000001,0,SCEDC-01,12,1786051048824,mb,reviewed,us,0.46153846153846156
us6000tiq3,4.1,10.0,95.9676,22.7307,259.0,0.0,0.0,90.0,1.804,23.0,0,"32 km ENE of Shwebo, Burma (Myanmar)",32 km ENE,"Shwebo, Burma (Myanmar)",shallow,51.24999999999999,0,CEA-12,4,1786048368726,mb,reviewed,us,0.3076923076923076
us6000tj57,2.6,101.304,-173.6949,51.832,104.0,0.0,0.0,289.0,0.483,14.0,0,"53 km SE of Atka, Alaska",53 km SE,"Atka, Alaska",intermediate,32.5,0,,,1786047732361,ml,reviewed,us,0.019230769230769246
us6000tipv,4.7,25.847,160.2065,52.17,340.0,0.0,0.0,118.0,1.277,98.0,0,"146 km SE of Petropavlovsk-Kamchatsky, Russia",146 km SE,"Petropavlovsk-Kamchatsky, Russia",shallow,58.75,0,SCEDC-01,1,1786046843261,mb,reviewed,us,0.4230769230769231
us6000tj4t,2.6,35.0,-172.9653,51.5171,104.0,0.0,0.0,314.0,1.027,19.0,0,"113 km SE of Atka, Alaska",113 km SE,"Atka, Alaska",shallow,32.5,0,USGS-WEST,11,1786044972820,ml,reviewed,us,0.019230769230769246
aka2026pmhiwx,2.8,5.0,-163.177,53.07,121.0,0.0,0.0,263.0,1.6,13.0,0,"199 km S of False Pass, Alaska",199 km S,"False Pass, Alaska",shallow,35.0,0,CEA-12,15,1786043844320,ml,reviewed,ak,0.057692307692307654
us6000tipc,4.4,10.0,93.2188,4.1207,298.0,0.0,0.0,74.0,3.876,43.0,0,"282 km SW of Banda Aceh, Indonesia",282 km SW,"Banda Aceh, Indonesia",shallow,55.00000000000001,0,USGS-WEST,1,1786043122175,mb,reviewed,us,0.3653846153846154
us6000tip9,5.3,10.0,-75.3788,-12.157,435.0,4.0,6.4,42.0,1.441,135.0,0,"4 km N of Yanacancha, Peru",4 km N,"Yanacancha, Peru",shallow,66.25,1,CEA-12,8,1786042641239,mww,reviewed,us,0.5384615384615384
nn00922992,2.62,3.32,-119.6243,40.5944,106.0,1.0,1.0,160.0,0.432,7.0,0,"23 km WSW of Gerlach, Nevada",23 km WSW,"Gerlach, Nevada",shallow,32.75,0,SCEDC-01,5,1786042170281,ml,reviewed,nn,0.023076923076923096
pr71527713,3.32,136.47,-67.8033333333333,18.209,170.0,0.0,0.0,184.0,0.6899,8.0,0,"60 km WSW of Stella, Puerto Rico",60 km WSW,"Stella, Puerto Rico",intermediate,41.5,0,PNSN-07,0,1786039590860,md,reviewed,pr,0.15769230769230766
us6000timi,4.6,10.0,143.7247,39.6286,326.0,0.0,0.0,123.0,2.344,51.0,0,"153 km E of Miyako, Japan",153 km E,"Miyako, Japan",shallow,57.49999999999999,0,PNSN-07,,1786038639455,mb,reviewed,us,0.40384615384615374
us6000timf,5.3,10.0,143.7015,39.6168,432.0,0.0,0.0,67.0,2.334,151.0,0,"151 km E of Miyako, Japan",151 km E,"Miyako, Japan",shallow,66.25,1,SCEDC-01,12,1786038216948,mww,reviewed,us,0.5384615384615384
us6000tj4m,2.6,3.175,-160.3091,54.4751,104.0,0.0,0.0,246.0,1.126,18.0,0,"96 km S of Sand Point, Alaska",96 km S,"Sand Point, Alaska",shallow,32.5,0,SCEDC-01,5,1786035811597,ml,reviewed,us,0.019230769230769246
aka2026pmclyr,3.1,20.0,-156.765,54.694,148.0,0.0,0.0,228.0,1.9,43.0,0,"202 km SE of Perryville, Alaska",202 km SE,"Perryville, Alaska",shallow,38.75,0,PNSN-07,3,1786035084263,ml,reviewed,ak,0.11538461538461539
aka2026pmbled,2.6,10.3,-176.204,51.109,104.0,0.0,0.0,238.0,0.8,24.0,0,"90 km SSE of Adak, Alaska",90 km SSE,"Adak, Alaska",shallow,32.5,0,USGS-WEST,8,1786033209606,ml,reviewed,ak,0.019230769230769246
us6000tikr,4.9,10.0,148.6223,-3.282,369.0,0.0,0.0,77.0,1.757,47.0,0,"203 km SE of Lorengau, Papua New Guinea",203 km SE,"Lorengau, Papua New Guinea",shallow,61.25000000000001,0,SCEDC-01,15,1786032119304,mb,reviewed,us,0.46153846153846156
us6000til7,4.0,10.0,176.259,51.925,246.0,0.0,0.0,197.0,1.394,24.0,0,"232 km ESE of Attu Station, Alaska",232 km ESE,"Attu Station, Alaska",shallow,50.0,0,PNSN-07,3,1786031355039,mb,reviewed,us,0.28846153846153844
pr71527703,3.07,10.29,-67.4411666666667,18.6965,145.0,0.0,0.0,190.0,0.3125,14.0,0,"42 km NW of Aguadilla, Puerto Rico",42 km NW,"Aguadilla, Puerto Rico",shallow,38.375,0,PNSN-07,11,1786029810120,md,reviewed,pr,0.10961538461538459
us6000tjyi,4.3,10.0,54.429,26.3115,284.0,0.0,0.0,123.0,2.102,25.0,0,"49 km SE of Kīsh, Iran",49 km SE,"Kīsh, Iran",shallow,53.75,0,USGS-WEST,7,1786026120969,mb,reviewed,us,0.3461538461538461
us6000tjyg,4.4,123.852,152.4151,47.3959,298.0,0.0,0.0,131.0,6.596,23.0,0,Kuril Islands,,Kuril Islands,intermediate,55.00000000000001,0,SCEDC-01,1,1786024338395,mb,reviewed,us,0.3653846153846154
us6000tik6,5.1,67.212,158.6274,-8.0479,400.0,0.0,0.0,45.0,1.901,89.0,0,"106 km W of Buala, Solomon Islands",106 km W,"Buala, Solomon Islands",shallow,63.74999999999999,1,PNSN-07,5,1786023732609,mww,reviewed,us,0.4999999999999999
us6000tjyh,4.1,78.63,127.9427,3.7551,259.0,0.0,0.0,117.0,5.668,18.0,0,"224 km N of Tobelo, Indonesia",224 km N,"Tobelo, Indonesia",intermediate,51.24999999999999,0,,,1786023650376,mb,reviewed,us,0.3076923076923076
us6000tj4c,3.1,35.0,-175.8345,51.602,148.0,0.0,0.0,198.0,0.389,21.0,0,"62 km ESE of Adak, Alaska",62 km ESE,"Adak, Alaska",shallow,38.75,0,PNSN-07,2,1786023313499,ml,reviewed,us,0.11538461538461539
us6000tj49,2.5,89.332,178.6106,51.6932,96.0,0.0,0.0,220.0,0.241,15.0,0,"Rat Islands, Aleutian Islands, Alaska",,"Rat Islands, Aleutian Islands, Alaska",intermediate,31.25,0,,,1786021594579,ml,reviewed,us,0.0
us6000tijg,4.6,10.0,130.7231,32.6611,327.0,3.0,3.8,109.0,1.171,51.0,0,"5 km ENE of Matsubase, Japan",5 km ENE,"Matsubase, Japan",shallow,57.49999999999999,0,PNSN-07,3,1786013364271,mb,reviewed,us,0.40384615384615374
aka2026plphnx,2.5,20.0,-173.212,51.313,96.0,0.0,0.0,310.0,1.1,12.0,0,"119 km SE of Atka, Alaska",119 km SE,"Atka, Alaska",shallow,31.25,0,PNSN-07,15,1786011373129,ml,reviewed,ak,0.0
us6000tij5,4.9,10.0,-125.9976,42.4079,370.0,5.0,2.2,234.0,1.226,23.0,0,"128 km WSW of Port Orford, Oregon",128 km WSW,"Port Orford, Oregon",shallow,61.25000000000001,0,PNSN-07,7,1786010140381,mww,reviewed,us,0.46153846153846156
aka2026plodlo,3.1,122.0,-152.08,61.91,148.0,1.0,1.0,47.0,0.3,143.0,0,"36 km WSW of Skwentna, Alaska",36 km WSW,"Skwentna, Alaska",intermediate,38.75,0,USGS-WEST,4,1786009285617,ml,reviewed,ak,0.11538461538461539
aka2026plobir,3.9,102.7,-153.009,59.634,236.0,8.0,2.3,61.0,0.1,221.0,0,"64 km ESE of Pedro Bay, Alaska",64 km ESE,"Pedro Bay, Alaska",intermediate,48.75,0,CEA-12,8,1786009137935,ml,reviewed,ak,0.2692307692307692
pr71527678,3.15,20.02,-64.4821666666667,19.4021666666667,153.0,0.0,0.0,290.0,0.9103,7.0,0,"122 km NNE of Cruz Bay, U.S. Virgin Islands",122 km NNE,"Cruz Bay, U.S. Virgin Islands",shallow,39.375,0,PNSN-07,2,1786007583220,md,reviewed,pr,0.12499999999999997
aka2026plmtdl,2.6,12.4,-173.621,50.919,104.0,0.0,0.0,308.0,1.3,11.0,0,"147 km SSE of Atka, Alaska",147 km SSE,"Atka, Alaska",shallow,32.5,0,CEA-12,12,1786006770866,ml,reviewed,ak,0.019230769230769246
us6000tjya,4.4,9.694,126.8414,9.0335,298.0,0.0,0.0,72.0,2.317,20.0,0,"60 km ENE of Aras-asan, Philippines",60 km ENE,"Aras-asan, Philippines",shallow,55.00000000000001,0,SCEDC-01,13,1786004411051,mb,reviewed,us,0.3653846153846154
pr71527698,3.17,7.15,-67.5663333333333,18.839,155.0,0.0,0.0,211.0,0.4596,23.0,0,"62 km NW of San Antonio, Puerto Rico",62 km NW,"San Antonio, Puerto Rico",shallow,39.625,0,CEA-12,,1786000040490,md,reviewed,pr,0.12884615384615383
us6000tiif,4.3,51.714,-74.9712,8.7076,284.0,0.0,0.0,83.0,1.199,34.0,0,"18 km ENE of San Marcos, Colombia",18 km ENE,"San Marcos, Colombia",shallow,53.75,0,SCEDC-01,14,1785999179774,mb,reviewed,us,0.3461538461538461
us6000tj3x,3.1,48.185,-178.4709,51.3235,148.0,0.0,0.0,203.0,0.315,26.0,0,"141 km WSW of Adak, Alaska",141 km WSW,"Adak, Alaska",shallow,38.75,0,USGS-WEST,6,1785999134476,ml,reviewed,us,0.11538461538461539
us6000tiie,4.5,113.351,-175.8259,-20.8299,312.0,0.0,0.0,106.0,5.816,48.0,0,"66 km NW of Houma, Tonga",66 km NW,"Houma, Tonga",intermediate,56.25,0,SCEDC-01,10,1785998644020,mb,reviewed,us,0.3846153846153846
us6000tjyv,4.0,10.0,54.3989,26.1651,248.0,6.0,2.7,127.0,2.033,17.0,0,"57 km SE of Kīsh, Iran",57 km SE,"Kīsh, Iran",shallow,50.0,0,,,1785998558204,mb,reviewed,us,0.28846153846153844
aka2026plhxxc,3.1,10.0,-144.849,63.411,148.0,1.0,2.0,41.0,0.3,102.0,0,"28 km SSW of Dry Creek, Alaska",28 km SSW,"Dry Creek, Alaska",shallow,38.75,0,,,1785998106894,ml,reviewed,ak,0.11538461538461539
us6000tj3t,3.2,19.684,176.3379,52.0652,158.0,0.0,0.0,187.0,1.348,14.0,0,"231 km ESE of Attu Station, Alaska",231 km ESE,"Attu Station, Alaska",shallow,40.0,0,SCEDC-01,12,1785996933287,ml,reviewed,us,0.13461538461538464
aka2026plgdnb,3.1,45.9,-150.834,60.357,148.0,1.0,1.0,66.0,0.4,140.0,0,"16 km SSW of Funny River, Alaska",16 km SSW,"Funny River, Alaska",shallow,38.75,0,USGS-WEST,15,1785994896886,ml,reviewed,ak,0.11538461538461539
us6000tikv,2.5,10.0,-151.8574,55.3037,96.0,0.0,0.0,280.0,1.816,16.0,0,"229 km SSE of Old Harbor, Alaska",229 km SSE,"Old Harbor, Alaska",shallow,31.25,0,PNSN-07,15,1785994016271,ml,reviewed,us,0.0
aka2026pleizn,3.2,20.0,176.138,51.77,158.0,0.0,0.0,208.0,1.5,20.0,0,"234 km ESE of Attu Station, Alaska",234 km ESE,"Attu Station, Alaska",shallow,40.0,0,PNSN-07,2,1785991679363,ml,reviewed,ak,0.13461538461538464
aka2026pldzej,2.6,2.0,-173.612,51.394,104.0,0.0,0.0,295.0,0.9,20.0,0,"98 km SSE of Atka, Alaska",98 km SSE,"Atka, Alaska",shallow,32.5,0,USGS-WEST,1,1785990996765,ml,reviewed,ak,0.019230769230769246
aka2026pldufy,2.9,8.2,-160.14,54.695,129.0,0.0,0.0,238.0,1.1,26.0,0,"74 km SSE of Sand Point, Alaska",74 km SSE,"Sand Point, Alaska",shallow,36.25,0,PNSN-07,15,1785990646350,ml,reviewed,ak,0.0769230769230769
aka2026pldnws,2.9,1.0,-156.929,54.804,129.0,0.0,0.0,224.0,1.3,39.0,0,"186 km SE of Perryville, Alaska",186 km SE,"Perryville, Alaska",shallow,36.25,0,PNSN-07,14,1785990207647,ml,reviewed,ak,0.0769230769230769
us6000tihn,4.1,38.188,-87.6264,11.8219,259.0,0.0,0.0,194.0,1.773,19.0,0,"88 km SW of Corinto, Nicaragua",88 km SW,"Corinto, Nicaragua",shallow,51.24999999999999,0,,,1785989627605,mb,reviewed,us,0.3076923076923076
aka2026pldfit,3.6,20.0,-156.828,54.775,199.0,0.0,0.0,222.0,1.3,48.0,0,"193 km SE of Perryville, Alaska",193 km SE,"Perryville, Alaska",shallow,45.0,0,,,1785989594196,ml,reviewed,ak,0.21153846153846154
aka2026plddkq,3.9,36.2,-156.815,54.738,234.0,0.0,0.0,195.0,1.3,144.0,0,"197 km SE of Perryville, Alaska",197 km SE,"Perryville, Alaska",shallow,48.75,0,SCEDC-01,0,1785989508903,ml,reviewed,ak,0.2692307692307692
aka2026plcowr,2.9,157.2,179.242,51.811,129.0,0.0,0.0,116.0,0.2,41.0,0,"284 km W of Adak, Alaska",284 km W,"Adak, Alaska",intermediate,36.25,0,,,1785988498703,ml,reviewed,ak,0.0769230769230769
us6000tihf,4.6,35.0,125.0756,5.2096,326.0,0.0,0.0,123.0,1.914,26.0,0,"48 km WSW of Sarangani, Philippines",48 km WSW,"Sarangani, Philippines",shallow,57.49999999999999,0,CEA-12,15,1785985931368,mb,reviewed,us,0.40384615384615374
pr71527663,2.73,17.63,-66.7825,18.6166666666667,115.0,0.0,0.0,229.0,0.2699,14.0,0,"14 km N of Carrizales, Puerto Rico",14 km N,"Carrizales, Puerto Rico",shallow,34.125,0,CEA-12,3,1785983209820,md,reviewed,pr,0.044230769230769226
nc75412297,2.7,17.38,-122.280833333333,40.419,112.0,1.0,2.0,53.0,0.1369,28.0,0,"4 km SSE of Anderson, CA",4 km SSE,"Anderson, CA",shallow,33.75,0,SCEDC-01,15,1785983051240,md,reviewed,nc,0.03846153846153849
aka2026pkzibf,2.5,67.7,-150.855,61.759,96.0,0.0,0.0,31.0,0.3,95.0,0,"30 km NW of Susitna, Alaska",30 km NW,"Susitna, Alaska",shallow,31.25,0,,,1785982615572,ml,reviewed,ak,0.0
us6000tihi,3.1,10.0,176.1588,51.7028,148.0,0.0,0.0,211.0,1.48,13.0,0,"239 km ESE of Attu Station, Alaska",239 km ESE,"Attu Station, Alaska",shallow,38.75,0,PNSN-07,8,1785981601457,ml,reviewed,us,0.11538461538461539
us6000tj3e,2.7,93.162,-176.6386,51.6528,112.0,0.0,0.0,196.0,0.232,19.0,0,"24 km S of Adak, Alaska",24 km S,"Adak, Alaska",intermediate,33.75,0,CEA-12,3,1785977301266,ml,reviewed,us,0.03846153846153849
us6000tigp,4.0,10.0,99.4686,35.4698,246.0,0.0,0.0,192.0,3.474,16.0,0,"203 km NW of Oula Xiuma, China",203 km NW,"Oula Xiuma, China",shallow,50.0,0,CEA-12,1,1785976493300,mb,reviewed,us,0.28846153846153844
aka2026pkvjec,2.5,20.0,-173.465,51.51,96.0,0.0,0.0,301.0,0.8,15.0,0,"91 km SSE of Atka, Alaska",91 km SSE,"Atka, Alaska",shallow,31.25,0,USGS-WEST,7,1785975493321,ml,reviewed,ak,0.0
us6000tigl,4.8,10.0,94.6765,29.0283,355.0,2.0,3.8,91.0,7.792,56.0,0,"62 km NNE of Shi Yomi, India",62 km NNE,"Shi Yomi, India",shallow,60.0,0,SCEDC-01,6,1785975317634,mb,reviewed,us,0.44230769230769224
us6000tj3c,2.6,35.0,-160.7886,54.541,104.0,0.0,0.0,199.0,0.871,18.0,0,"90 km SSW of Sand Point, Alaska",90 km SSW,"Sand Point, Alaska",shallow,32.5,0,SCEDC-01,0,1785975068993,ml,reviewed,us,0.019230769230769246
pr71527658,3.14,17.07,-67.6348333333333,18.9086666666667,152.0,0.0,0.0,230.0,0.5419,21.0,0,"72 km NW of San Antonio, Puerto Rico",72 km NW,"San Antonio, Puerto Rico",shallow,39.25,0,USGS-WEST,8,1785973595950,md,reviewed,pr,0.1230769230769231
us6000tjpt,4.5,10.0,171.3751,-22.9687,312.0,0.0,0.0,251.0,3.642,12.0,0,southeast of the Loyalty Islands,southeast,the Loyalty Islands,shallow,56.25,0,CEA-12,3,1785973214963,mb,reviewed,us,0.3846153846153846
us6000tig8,4.9,10.0,130.463,32.4822,372.0,7.0,3.8,100.0,0.97,80.0,0,"13 km W of Honmachi, Japan",13 km W,"Honmachi, Japan",shallow,61.25000000000001,0,PNSN-07,0,1785970764683,mww,reviewed,us,0.46153846153846156
us6000tjpr,4.4,10.0,125.6592,5.1501,298.0,0.0,0.0,132.0,1.909,20.0,0,"35 km SE of Sarangani, Philippines",35 km SE,"Sarangani, Philippines",shallow,55.00000000000001,0,SCEDC-01,,1785970224172,mb,reviewed,us,0.3653846153846154
nc75412157,4.41,7.28,-123.446166666667,40.0223333333333,346.0,122.0,3.8,28.0,0.09739,51.0,0,"31 km NNW of Covelo, CA",31 km NNW,"Covelo, CA",shallow,55.125,0,,,1785968517390,mw,reviewed,nc,0.36730769230769234
nc75412167,3.88,8.33,-123.446,40.0245,235.0,8.0,3.8,27.0,0.09639,48.0,0,"31 km NNW of Covelo, CA",31 km NNW,"Covelo, CA",shallow,48.5,0,PNSN-07,,1785968458590,mw,reviewed,nc,0.26538461538461533
us6000tifh,4.8,10.0,125.3085,5.1248,354.0,0.0,0.0,72.0,1.951,52.0,0,"35 km SSW of Sarangani, Philippines",35 km SSW,"Sarangani, Philippines",shallow,60.0,0,SCEDC-01,8,1785967904622,mb,reviewed,us,0.44230769230769224
aka2026pkqwiq,2.5,26.0,179.44,50.999,96.0,0.0,0.0,265.0,0.4,10.0,0,"289 km WSW of Adak, Alaska",289 km WSW,"Adak, Alaska",shallow,31.25,0,,,1785967410441,ml,reviewed,ak,0.0
us6000tifd,4.4,10.0,125.2439,5.1965,298.0,0.0,0.0,101.0,1.89,28.0,0,"33 km SW of Sarangani, Philippines",33 km SW,"Sarangani, Philippines",shallow,55.00000000000001,0,USGS-WEST,7,1785967053302,mb,reviewed,us,0.3653846153846154
us6000tj5s,2.5,10.0,-162.6036,54.227,96.0,0.0,0.0,217.0,0.786,29.0,0,"87 km SE of False Pass, Alaska",87 km SE,"False Pass, Alaska",shallow,31.25,0,PNSN-07,7,1785966635738,ml,reviewed,us,0.0
us6000tif5,5.6,10.0,125.2281,5.117,490.0,14.0,5.4,43.0,1.971,147.0,0,"41 km SW of Sarangani, Philippines",41 km SW,"Sarangani, Philippines",shallow,70.0,1,PNSN-07,3,1785966087701,mww,reviewed,us,0.596153846153846
us6000tjpq,4.3,101.281,95.4888,5.1314,284.0,0.0,0.0,131.0,1.456,16.0,0,"48 km SSE of Banda Aceh, Indonesia",48 km SSE,"Banda Aceh, Indonesia",intermediate,53.75,0,SCEDC-01,9,1785964861407,mb,reviewed,us,0.3461538461538461
us6000tj5r,2.9,8.995,-161.527,54.2169,129.0,0.0,0.0,198.0,0.887,36.0,0,"106 km SSE of King Cove, Alaska",106 km SSE,"King Cove, Alaska",shallow,36.25,0,PNSN-07,12,1785964647899,ml,reviewed,us,0.0769230769230769
us6000tiex,4.6,137.247,-176.1885,-21.5171,326.0,0.0,0.0,111.0,6.358,71.0,0,"99 km WSW of Houma, Tonga",99 km WSW,"Houma, Tonga",intermediate,57.49999999999999,0,PNSN-07,2,1785963578899,mb,reviewed,us,0.40384615384615374
aka2026pkokil,2.8,20.0,-156.804,54.714,121.0,0.0,0.0,237.0,1.3,32.0,0,"199 km SE of Perryville, Alaska",199 km SE,"Perryville, Alaska",shallow,35.0,0,PNSN-07,1,1785962977444,ml,reviewed,ak,0.057692307692307654
aka2026pkntpl,2.9,20.0,-156.775,54.727,129.0,0.0,0.0,241.0,1.3,32.0,0,"200 km SE of Perryville, Alaska",200 km SE,"Perryville, Alaska",shallow,36.25,0,PNSN-07,8,1785961825430,ml,reviewed,ak,0.0769230769230769
us6000tieq,4.1,94.091,159.2327,53.5685,259.0,0.0,0.0,142.0,0.649,76.0,0,"69 km NE of Petropavlovsk-Kamchatsky, Russia",69 km NE,"Petropavlovsk-Kamchatsky, Russia",intermediate,51.24999999999999,0,CEA-12,14,1785961624989,mb,reviewed,us,0.3076923076923076
aka2026pkmlux,2.7,5.0,-174.222,51.603,112.0,0.0,0.0,267.0,0.6,22.0,0,"66 km S of Atka, Alaska",66 km S,"Atka, Alaska",shallow,33.75,0,CEA-12,12,1785959496549,ml,reviewed,ak,0.03846153846153849
us6000tie5,5.2,10.028,143.8444,-6.5225,416.0,2.0,2.1,38.0,4.357,60.0,0,"31 km SSW of Ialibu, Papua New Guinea",31 km SSW,"Ialibu, Papua New Guinea",shallow,65.0,1,PNSN-07,0,1785959186861,mb,reviewed,us,0.5192307692307693
us6000tidz,4.7,10.014,125.3857,5.1249,340.0,0.0,0.0,109.0,1.942,48.0,0,"31 km SSW of Sarangani, Philippines",31 km SSW,"Sarangani, Philippines",shallow,58.75,0,,,1785958346748,mb,reviewed,us,0.4230769230769231
aka2026pkltdu,2.5,29.0,-166.76,53.088,96.0,0.0,0.0,238.0,0.7,19.0,0,"88 km S of Unalaska, Alaska",88 km S,"Unalaska, Alaska",shallow,31.25,0,USGS-WEST,2,1785958196730,ml,reviewed,ak,0.0
aka2026pkjzwf,2.6,26.2,-168.402,52.439,104.0,0.0,0.0,256.0,0.6,20.0,0,"63 km SSE of Nikolski, Alaska",63 km SSE,"Nikolski, Alaska",shallow,32.5,0,PNSN-07,10,1785955062497,ml,reviewed,ak,0.019230769230769246
aka2026pkjgqw,2.8,7.2,-173.533,51.426,121.0,0.0,0.0,297.0,0.9,26.0,0,"97 km SSE of Atka, Alaska",97 km SSE,"Atka, Alaska",shallow,35.0,0,USGS-WEST,10,1785953734870,ml,reviewed,ak,0.057692307692307654
aka2026pkiyzb,3.4,65.0,178.549,51.57,178.0,0.0,0.0,183.0,0.4,40.0,0,"Rat Islands, Aleutian Islands, Alaska",,"Rat Islands, Aleutian Islands, Alaska",shallow,42.5,0,PNSN-07,11,1785953203645,ml,reviewed,ak,0.17307692307692304
aka2026pkiwmc,2.5,19.3,-163.873,53.779,96.0,0.0,0.0,232.0,0.9,17.0,0,"123 km SSW of False Pass, Alaska",123 km SSW,"False Pass, Alaska",shallow,31.25,0,PNSN-07,4,1785953027632,ml,reviewed,ak,0.0
aka2026pkifsu,2.8,13.9,-163.919,53.814,121.0,0.0,0.0,214.0,0.8,29.0,0,"120 km SSW of False Pass, Alaska",120 km SSW,"False Pass, Alaska",shallow,35.0,0,PNSN-07,12,1785951866188,ml,reviewed,ak,0.057692307692307654
pr71527638,3.09,7.23,-67.565,18.8531666666667,147.0,0.0,0.0,205.0,0.4733,12.0,0,"63 km NW of San Antonio, Puerto Rico",63 km NW,"San Antonio, Puerto Rico",shallow,38.625,0,USGS-WEST,12,1785950723010,md,reviewed,pr,0.11346153846153843
us6000tj59,2.7,35.0,-164.1084,53.7827,112.0,0.0,0.0,222.0,0.746,19.0,0,"116 km ESE of Akutan, Alaska",116 km ESE,"Akutan, Alaska",shallow,33.75,0,SCEDC-01,1,1785948998517,ml,reviewed,us,0.03846153846153849
us6000tics,5.3,123.797,127.4345,1.7883,432.0,1.0,2.2,30.0,4.652,157.0,0,"64 km W of Tobelo, Indonesia",64 km W,"Tobelo, Indonesia",intermediate,66.25,1,PNSN-07,4,1785948618982,mww,reviewed,us,0.5384615384615384
aka2026pkfvpf,2.7,20.0,-175.836,50.019,112.0,0.0,0.0,270.0,1.9,19.0,0,"213 km SSE of Adak, Alaska",213 km SSE,"Adak, Alaska",shallow,33.75,0,PNSN-07,1,1785947656580,ml,reviewed,ak,0.03846153846153849
us6000ticn,4.4,10.0,123.9472,6.3784,298.0,0.0,0.0,110.0,1.76,15.0,0,"13 km SW of Sangay, Philippines",13 km SW,"Sangay, Philippines",shallow,55.00000000000001,0,CEA-12,11,1785947442176,mb,reviewed,us,0.3653846153846154
us6000tjpg,4.3,138.424,-26.8268,-59.7277,284.0,0.0,0.0,104.0,7.584,25.0,0,South Sandwich Islands region,,South Sandwich Islands region,intermediate,53.75,0,,,1785946372514,mb,reviewed,us,0.3461538461538461
nc75411812,2.68,4.28,-125.132166666667,40.3725,111.0,1.0,1.0,267.0,0.6094,65.0,0,"72 km W of Petrolia, CA",72 km W,"Petrolia, CA",shallow,33.5,0,SCEDC-01,7,1785945937440,md,reviewed,nc,0.034615384615384645
us6000tj5a,2.5,76.918,179.5729,51.59,96.0,0.0,0.0,127.0,0.271,20.0,0,"263 km W of Adak, Alaska",263 km W,"Adak, Alaska",intermediate,31.25,0,SCEDC-01,7,1785943654295,ml,reviewed,us,0.0
us6000tib1,4.3,10.0,126.5277,5.0356,284.0,0.0,0.0,117.0,2.23,19.0,0,"124 km ESE of Sarangani, Philippines",124 km ESE,"Sarangani, Philippines",shallow,53.75,0,SCEDC-01,0,1785943056367,mb,reviewed,us,0.3461538461538461
us6000tic4,2.7,10.0,-149.6281,56.1337,112.0,0.0,0.0,247.0,2.314,14.0,0,"230 km SE of Chiniak, Alaska",230 km SE,"Chiniak, Alaska",shallow,33.75,0,SCEDC-01,1,1785942720404,ml,reviewed,us,0.03846153846153849
us6000tiat,5.0,60.835,107.8541,-8.1305,385.0,0.0,0.0,43.0,0.694,92.0,0,"90 km SSW of Singaparna, Indonesia",90 km SSW,"Singaparna, Indonesia",shallow,62.5,1,SCEDC-01,6,1785941741965,mb,reviewed,us,0.4807692307692307
us6000tj34,3.3,24.456,176.2056,51.8731,168.0,0.0,0.0,201.0,1.43,18.0,0,"232 km ESE of Attu Station, Alaska",232 km ESE,"Attu Station, Alaska",shallow,41.25,0,PNSN-07,2,1785941693543,ml,reviewed,us,0.1538461538461538
us6000tiar,4.7,48.449,126.3397,1.2712,340.0,0.0,0.0,77.0,5.365,58.0,0,"127 km WNW of Ternate, Indonesia",127 km WNW,"Ternate, Indonesia",shallow,58.75,0,SCEDC-01,8,1785941023247,mb,reviewed,us,0.4230769230769231
us6000tian,4.5,104.577,125.2188,5.0382,312.0,0.0,0.0,106.0,2.05,41.0,0,"48 km SW of Sarangani, Philippines",48 km SW,"Sarangani, Philippines",intermediate,56.25,0,USGS-WEST,9,1785939778497,mb,reviewed,us,0.3846153846153846
hv75013362,2.82,8.24,-155.490333333333,20.0681666666667,124.0,5.0,2.7,180.0,0.2292,26.0,0,"2 km WSW of Honoka‘a, Hawaii",2 km WSW,"Honoka‘a, Hawaii",shallow,35.25,0,USGS-WEST,8,1785939614800,ml,reviewed,hv,0.06153846153846151
us6000tial,4.5,10.0,126.1174,1.3365,312.0,0.0,0.0,77.0,5.595,40.0,0,"110 km E of Bitung, Indonesia",110 km E,"Bitung, Indonesia",shallow,56.25,0,PNSN-07,8,1785939409721,mb,reviewed,us,0.3846153846153846
us6000tj32,3.2,35.0,-175.9603,51.5191,158.0,0.0,0.0,200.0,0.441,22.0,0,"61 km SE of Adak, Alaska",61 km SE,"Adak, Alaska",shallow,40.0,0,USGS-WEST,9,1785938278651,ml,reviewed,us,0.13461538461538464
us6000tjpc,4.4,10.0,125.4433,5.1031,298.0,0.0,0.0,111.0,1.958,18.0,0,"33 km S of Sarangani, Philippines",33 km S,"Sarangani, Philippines",shallow,55.00000000000001,0,CEA-12,,1785934477349,mb,reviewed,us,0.3653846153846154
us6000tj2x,3.1,17.889,-173.5417,51.5962,148.0,0.0,0.0,207.0,0.73,40.0,0,"80 km SE of Atka, Alaska",80 km SE,"Atka, Alaska",shallow,38.75,0,PNSN-07,6,1785933486716,ml,reviewed,us,0.11538461538461539
us6000tiae,4.5,35.0,125.4228,5.3119,312.0,0.0,0.0,122.0,1.753,47.0,0,"11 km SSW of Sarangani, Philippines",11 km SSW,"Sarangani, Philippines",shallow,56.25,0,CEA-12,15,1785932985300,mb,reviewed,us,0.3846153846153846
us6000tjpb,4.2,69.892,127.9288,3.9276,271.0,0.0,0.0,92.0,3.9,28.0,0,"243 km N of Tobelo, Indonesia",243 km N,"Tobelo, Indonesia",shallow,52.5,0,PNSN-07,5,1785932554651,mb,reviewed,us,0.3269230769230769
us6000tjpa,4.4,10.0,96.2301,36.9363,298.0,0.0,0.0,115.0,6.097,40.0,0,"284 km SW of Yanglong, China",284 km SW,"Yanglong, China",shallow,55.00000000000001,0,USGS-WEST,8,1785931272041,mb,reviewed,us,0.3653846153846154
us6000tj2u,2.6,61.263,178.5779,51.4994,104.0,0.0,0.0,250.0,0.433,26.0,0,"Rat Islands, Aleutian Islands, Alaska",,"Rat Islands, Aleutian Islands, Alaska",shallow,32.5,0,PNSN-07,10,1785931066105,ml,reviewed,us,0.019230769230769246
tx2026phkefu,2.5,6.2408,-103.397,31.928,96.0,0.0,0.0,83.0,0.0,17.0,0,"28 km SW of Jal, New Mexico",28 km SW,"Jal, New Mexico",shallow,31.25,0,,,1785930202217,ml,reviewed,tx,0.0
us6000tjp9,4.4,10.0,125.4654,5.3735,298.0,0.0,0.0,127.0,1.689,24.0,0,"3 km S of Sarangani, Philippines",3 km S,"Sarangani, Philippines",shallow,55.00000000000001,0,PNSN-07,3,1785928977282,mb,reviewed,us,0.3653846153846154
us6000tjp8,4.5,40.55,125.0913,5.0233,312.0,0.0,0.0,108.0,2.09,37.0,0,"58 km SW of Sarangani, Philippines",58 km SW,"Sarangani, Philippines",shallow,56.25,0,PNSN-07,2,1785927129720,mb,reviewed,us,0.3846153846153846
us6000tjp7,4.4,110.364,155.5098,-6.7508,298.0,0.0,0.0,94.0,4.19,29.0,0,"48 km S of Panguna, Papua New Guinea",48 km S,"Panguna, Papua New Guinea",intermediate,55.00000000000001,0,SCEDC-01,9,1785926898694,mb,reviewed,us,0.3653846153846154
us6000tib5,2.9,10.0,176.1856,51.9262,129.0,0.0,0.0,198.0,1.44,20.0,0,"228 km ESE of Attu Station, Alaska",228 km ESE,"Attu Station, Alaska",shallow,36.25,0,PNSN-07,6,1785926260350,ml,reviewed,us,0.0769230769230769
us6000ti9w,5.0,10.0,94.7507,28.9711,385.0,3.0,2.0,48.0,7.733,145.0,0,"61 km NE of Shi Yomi, India",61 km NE,"Shi Yomi, India",shallow,62.5,1,CEA-12,3,1785924369610,mb,reviewed,us,0.4807692307692307
us6000ti9q,4.5,18.888,125.2813,5.0603,312.0,0.0,0.0,107.0,2.018,42.0,0,"42 km SSW of Sarangani, Philippines",42 km SSW,"Sarangani, Philippines",shallow,56.25,0,PNSN-07,4,1785922699421,mb,reviewed,us,0.3846153846153846
pr71527613,3.34,48.24,-65.1036666666667,18.8836666666667,172.0,0.0,0.0,235.0,0.5466,5.0,0,"62 km NNW of Charlotte Amalie, U.S. Virgin Islands",62 km NNW,"Charlotte Amalie, U.S. Virgin Islands",shallow,41.75,0,PNSN-07,14,1785921505540,md,reviewed,pr,0.1615384615384615
us6000ti9k,4.8,35.0,125.2273,5.0988,355.0,1.0,2.0,80.0,1.989,67.0,0,"42 km SW of Sarangani, Philippines",42 km SW,"Sarangani, Philippines",shallow,60.0,0,SCEDC-01,14,1785921427639,mb,reviewed,us,0.44230769230769224
us6000tjp5,4.3,18.929,124.771,5.2303,284.0,0.0,0.0,142.0,1.996,15.0,0,"72 km S of Lumatil, Philippines",72 km S,"Lumatil, Philippines",shallow,53.75,0,PNSN-07,4,1785921251226,mb,reviewed,us,0.3461538461538461
aka2026pjqoyy,3.4,10.4,-152.45,63.553,178.0,1.0,2.0,38.0,0.2,93.0,0,"36 km W of Denali National Park, Alaska",36 km W,"Denali National Park, Alaska",shallow,42.5,0,USGS-WEST,0,1785920120562,ml,reviewed,ak,0.17307692307692304
aka2026pjqoqs,3.6,20.0,178.38,50.243,199.0,0.0,0.0,248.0,1.3,39.0,0,"Rat Islands, Aleutian Islands, Alaska",,"Rat Islands, Aleutian Islands, Alaska",shallow,45.0,0,PNSN-07,9,1785920100746,ml,reviewed,ak,0.21153846153846154
us6000tib4,3.3,10.0,178.4497,50.2398,168.0,0.0,0.0,248.0,1.262,22.0,0,"Rat Islands, Aleutian Islands, Alaska",,"Rat Islands, Aleutian Islands, Alaska",shallow,41.25,0,PNSN-07,5,1785920099685,ml,reviewed,us,0.1538461538461538
us6000tj2d,2.7,35.0,-159.7658,54.4416,112.0,0.0,0.0,208.0,1.407,22.0,0,"110 km SSE of Sand Point, Alaska",110 km SSE,"Sand Point, Alaska",shallow,33.75,0,,,1785919632277,ml,reviewed,us,0.03846153846153849
us6000tjp4,4.4,10.0,125.2765,5.026,298.0,0.0,0.0,176.0,2.052,18.0,0,"46 km SSW of Sarangani, Philippines",46 km SSW,"Sarangani, Philippines",shallow,55.00000000000001,0,CEA-12,3,1785918581924,mb,reviewed,us,0.3653846153846154
us6000tjp3,4.4,10.0,125.4357,5.0401,298.0,0.0,0.0,133.0,2.021,21.0,0,"40 km S of Sarangani, Philippines",40 km S,"Sarangani, Philippines",shallow,55.00000000000001,0,CEA-12,13,1785918250279,mb,reviewed,us,0.3653846153846154
us6000ti99,4.6,10.0,125.0715,10.3055,326.0,0.0,0.0,95.0,3.254,42.0,0,"11 km ENE of Tomas Oppus, Philippines",11 km ENE,"Tomas Oppus, Philippines",shallow,57.49999999999999,0,PNSN-07,15,1785917503595,mb,reviewed,us,0.40384615384615374
tx2026phcqoh,2.6,7.2791,-104.408,31.648,104.0,0.0,0.0,72.0,0.0,33.0,0,"58 km S of Whites City, New Mexico",58 km S,"Whites City, New Mexico",shallow,32.5,0,CEA-12,12,1785916591605,ml,reviewed,tx,0.019230769230769246
us6000ti8i,6.3,216.73,179.4683,-33.6969,615.0,14.0,3.1,48.0,3.971,86.0,0,south of the Kermadec Islands,south,the Kermadec Islands,intermediate,78.75,1,SCEDC-01,0,1785915806215,mww,reviewed,us,0.7307692307692307
us6000tjnz,4.4,568.093,-177.8496,-17.6682,298.0,0.0,0.0,107.0,2.91,26.0,0,Fiji region,,Fiji region,deep,55.00000000000001,0,SCEDC-01,3,1785913523790,mb,reviewed,us,0.3653846153846154
us6000tjp0,4.4,10.0,125.1558,5.1535,298.0,0.0,0.0,125.0,1.95,18.0,0,"43 km SW of Sarangani, Philippines",43 km SW,"Sarangani, Philippines",shallow,55.00000000000001,0,PNSN-07,8,1785913354476,mb,reviewed,us,0.3653846153846154
us6000tjnv,4.3,10.162,125.4527,5.0037,284.0,0.0,0.0,133.0,2.056,22.0,0,"44 km S of Sarangani, Philippines",44 km S,"Sarangani, Philippines",shallow,53.75,0,,,1785913014693,mb,reviewed,us,0.3461538461538461
us6000ti85,5.0,13.304,164.0179,-49.5839,385.0,0.0,0.0,57.0,3.825,101.0,0,"Auckland Islands, New Zealand region",,"Auckland Islands, New Zealand region",shallow,62.5,1,PNSN-07,4,1785912262772,mwr,reviewed,us,0.4807692307692307
us6000ti86,4.8,35.0,125.216,5.1124,354.0,0.0,0.0,80.0,1.978,63.0,0,"42 km SW of Sarangani, Philippines",42 km SW,"Sarangani, Philippines",shallow,60.0,0,PNSN-07,3,1785912107420,mb,reviewed,us,0.44230769230769224
us6000tjnx,4.4,11.877,125.0982,5.0619,298.0,0.0,0.0,142.0,2.051,21.0,0,"55 km SW of Sarangani, Philippines",55 km SW,"Sarangani, Philippines",shallow,55.00000000000001,0,,,1785911818027,mb,reviewed,us,0.3653846153846154
us6000ti81,4.5,11.956,-92.4623,13.7508,312.0,0.0,0.0,188.0,2.536,71.0,0,"84 km SW of Champerico, Guatemala",84 km SW,"Champerico, Guatemala",shallow,56.25,0,CEA-12,8,1785910423173,mb,reviewed,us,0.3846153846153846
us6000ti80,5.1,11.57,125.2342,5.154,400.0,1.0,2.0,64.0,1.934,72.0,0,"37 km SW of Sarangani, Philippines",37 km SW,"Sarangani, Philippines",shallow,63.74999999999999,1,PNSN-07,15,1785909558173,mb,reviewed,us,0.4999999999999999
us6000ti7z,4.9,35.0,125.5787,5.1559,369.0,0.0,0.0,104.0,1.901,59.0,0,"30 km SSE of Sarangani, Philippines",30 km SSE,"Sarangani, Philippines",shallow,61.25000000000001,0,,,1785909421033,mb,reviewed,us,0.46153846153846156
aka2026pjkpyh,2.6,20.0,-173.395,51.485,104.0,0.0,0.0,302.0,0.9,17.0,0,"96 km SE of Atka, Alaska",96 km SE,"Atka, Alaska",shallow,32.5,0,PNSN-07,12,1785909393139,ml,reviewed,ak,0.019230769230769246
aka2026pjkpju,3.0,26.1,176.537,52.409,138.0,0.0,0.0,172.0,1.3,13.0,0,"232 km ESE of Attu Station, Alaska",232 km ESE,"Attu Station, Alaska",shallow,37.5,0,CEA-12,9,1785909360960,ml,reviewed,ak,0.09615384615384615
us6000ti7y,4.6,35.0,125.9769,4.9963,326.0,0.0,0.0,106.0,2.097,47.0,0,"72 km SE of Sarangani, Philippines",72 km SE,"Sarangani, Philippines",shallow,57.49999999999999,0,,,1785909233743,mb,reviewed,us,0.40384615384615374
us6000tjnu,4.6,10.0,125.1323,5.1916,326.0,0.0,0.0,125.0,1.918,35.0,0,"43 km WSW of Sarangani, Philippines",43 km WSW,"Sarangani, Philippines",shallow,57.49999999999999,0,CEA-12,,1785908956458,mb,reviewed,us,0.40384615384615374
nn00922853,2.73,5.9729,-117.735,37.589,115.0,0.0,0.0,55.0,0.18,20.0,0,"20 km SSW of Silver Peak, Nevada",20 km SSW,"Silver Peak, Nevada",shallow,34.125,0,USGS-WEST,0,1785908887224,ml,reviewed,nn,0.044230769230769226
us6000ti7x,4.3,330.343,-179.5277,-30.6488,284.0,0.0,0.0,134.0,1.97,24.0,0,Kermadec Islands region,,Kermadec Islands region,deep,53.75,0,PNSN-07,15,1785908821870,mb,reviewed,us,0.3461538461538461
us6000ti7t,4.9,10.0,125.1531,5.1829,370.0,1.0,3.4,125.0,1.922,45.0,0,"42 km SW of Sarangani, Philippines",42 km SW,"Sarangani, Philippines",shallow,61.25000000000001,0,PNSN-07,,1785906780905,mb,reviewed,us,0.46153846153846156
us6000ti7p,4.5,82.432,154.9474,48.7748,312.0,0.0,0.0,135.0,4.674,50.0,0,"227 km SSW of Severo-Kuril’sk, Russia",227 km SSW,"Severo-Kuril’sk, Russia",intermediate,56.25,0,USGS-WEST,11,1785906177604,mb,reviewed,us,0.3846153846153846
us6000tjnr,4.6,10.0,125.2174,5.13,326.0,0.0,0.0,129.0,1.96,19.0,0,"40 km SW of Sarangani, Philippines",40 km SW,"Sarangani, Philippines",shallow,57.49999999999999,0,USGS-WEST,,1785905233000,mb,reviewed,us,0.40384615384615374
us6000tjns,4.6,10.0,126.4236,4.9589,326.0,0.0,0.0,142.0,2.259,17.0,0,"117 km ESE of Sarangani, Philippines",117 km ESE,"Sarangani, Philippines",shallow,57.49999999999999,0,,,1785905012173,mb,reviewed,us,0.40384615384615374
us6000ti7f,4.9,35.0,125.0373,5.043,369.0,0.0,0.0,120.0,2.084,31.0,0,"61 km SW of Sarangani, Philippines",61 km SW,"Sarangani, Philippines",shallow,61.25000000000001,0,PNSN-07,5,1785904451525,mb,reviewed,us,0.46153846153846156
us6000tjpz,4.5,35.0,125.3444,4.857,312.0,0.0,0.0,174.0,2.21,17.0,0,"61 km SSW of Sarangani, Philippines",61 km SSW,"Sarangani, Philippines",shallow,56.25,0,PNSN-07,10,1785904145889,mb,reviewed,us,0.3846153846153846
us6000tiax,3.1,20.025,176.3256,52.0462,148.0,0.0,0.0,188.0,1.355,11.0,0,"231 km ESE of Attu Station, Alaska",231 km ESE,"Attu Station, Alaska",shallow,38.75,0,PNSN-07,15,1785904074260,ml,reviewed,us,0.11538461538461539
us6000ti71,5.2,35.0,125.4389,5.1323,419.0,7.0,4.3,88.0,1.93,55.0,0,"30 km S of Sarangani, Philippines",30 km S,"Sarangani, Philippines",shallow,65.0,1,PNSN-07,14,1785903904577,mb,reviewed,us,0.5192307692307693
us6000ti6z,5.1,10.0,-82.5326,5.8844,400.0,1.0,2.0,138.0,3.43,56.0,0,"240 km S of Burica, Panama",240 km S,"Burica, Panama",shallow,63.74999999999999,1,USGS-WEST,12,1785903561840,mww,reviewed,us,0.4999999999999999
tx2026pgvjqb,2.5,6.0999,-104.379,31.644,96.0,0.0,0.0,71.0,0.0,35.0,0,"58 km S of Whites City, New Mexico",58 km S,"Whites City, New Mexico",shallow,31.25,0,CEA-12,15,1785903424073,ml,reviewed,tx,0.0
us6000tj1x,3.3,10.0,176.2355,52.0582,168.0,0.0,0.0,189.0,1.411,12.0,0,"225 km ESE of Attu Station, Alaska",225 km ESE,"Attu Station, Alaska",shallow,41.25,0,CEA-12,9,1785903302348,ml,reviewed,us,0.1538461538461538
us6000ti6x,6.3,10.0,125.3134,5.1995,660.0,66.0,7.5,44.0,1.877,114.0,0,"28 km SW of Sarangani, Philippines",28 km SW,"Sarangani, Philippines",shallow,78.75,1,PNSN-07,14,1785903246073,mww,reviewed,us,0.7307692307692307
us6000tjnp,4.5,10.0,127.0631,5.5424,312.0,0.0,0.0,105.0,2.116,21.0,0,"133 km SE of Pondaguitan, Philippines",133 km SE,"Pondaguitan, Philippines",shallow,56.25,0,PNSN-07,1,1785902339998,mb,reviewed,us,0.3846153846153846
us6000tj1w,2.8,35.0,-160.6698,54.4333,121.0,0.0,0.0,246.0,0.997,18.0,0,"101 km S of Sand Point, Alaska",101 km S,"Sand Point, Alaska",shallow,35.0,0,PNSN-07,12,1785902190212,ml,reviewed,us,0.057692307692307654
us6000ti6l,4.2,10.0,-76.9798,-6.6308,271.0,0.0,0.0,134.0,4.34,18.0,0,"31 km W of San Jose De Sisa, Peru",31 km W,"San Jose De Sisa, Peru",shallow,52.5,0,SCEDC-01,14,1785901242949,mb,reviewed,us,0.3269230769230769
us6000tjnn,4.3,10.0,35.9577,-44.5689,284.0,0.0,0.0,134.0,16.958,14.0,0,Prince Edward Islands region,,Prince Edward Islands region,shallow,53.75,0,PNSN-07,,1785900116004,mb,reviewed,us,0.3461538461538461
uu80147111,2.78,11.04,-113.324666666667,37.5683333333333,119.0,0.0,1.0,57.0,0.2118,27.0,0,"9 km N of New Harmony, Utah",9 km N,"New Harmony, Utah",shallow,34.75,0,PNSN-07,9,1785900076570,ml,reviewed,uu,0.05384615384615381
us6000ti6f,4.8,232.256,128.9069,-6.4486,354.0,0.0,0.0,80.0,2.156,64.0,0,Banda Sea,,Banda Sea,intermediate,60.0,0,USGS-WEST,2,1785899766895,mb,reviewed,us,0.44230769230769224
aka2026pjfejr,2.6,11.7,-173.601,51.51,104.0,0.0,0.0,296.0,0.8,14.0,0,"86 km SSE of Atka, Alaska",86 km SSE,"Atka, Alaska",shallow,32.5,0,USGS-WEST,3,1785899600428,ml,reviewed,ak,0.019230769230769246
us6000tj1r,2.8,10.0,176.3412,52.0741,121.0,0.0,0.0,186.0,1.347,10.0,0,"231 km ESE of Attu Station, Alaska",231 km ESE,"Attu Station, Alaska",shallow,35.0,0,PNSN-07,4,1785898977031,ml,reviewed,us,0.057692307692307654
us6000tjpx,4.4,99.043,156.8181,50.7609,298.0,0.0,0.0,235.0,2.413,36.0,0,"49 km E of Severo-Kuril’sk, Russia",49 km E,"Severo-Kuril’sk, Russia",intermediate,55.00000000000001,0,PNSN-07,0,1785898035715,mb,reviewed,us,0.3653846153846154
us6000ti6d,4.5,87.625,156.6171,50.5665,312.0,0.0,0.0,135.0,2.633,94.0,0,"36 km ESE of Severo-Kuril’sk, Russia",36 km ESE,"Severo-Kuril’sk, Russia",intermediate,56.25,0,CEA-12,6,1785898017390,mb,reviewed,us,0.3846153846153846
us6000tj1q,2.9,10.413,176.2572,51.9204,129.0,0.0,0.0,197.0,1.396,10.0,0,"233 km ESE of Attu Station, Alaska",233 km ESE,"Attu Station, Alaska",shallow,36.25,0,USGS-WEST,5,1785896609043,ml,reviewed,us,0.0769230769230769
us6000tj1n,3.1,8.068,-173.5082,51.4395,148.0,0.0,0.0,212.0,0.875,20.0,0,"96 km SSE of Atka, Alaska",96 km SSE,"Atka, Alaska",shallow,38.75,0,,,1785895213160,ml,reviewed,us,0.11538461538461539
nn00922819,3.29,3.0,-119.0366,39.1661,167.0,1.0,2.0,51.0,0.085,29.0,0,"22 km NNE of Yerington, Nevada",22 km NNE,"Yerington, Nevada",shallow,41.125,0,SCEDC-01,8,1785893760877,mwr,reviewed,nn,0.15192307692307694
us6000ti66,4.3,499.506,-178.6959,-20.7786,284.0,0.0,0.0,169.0,13.011,28.0,0,Fiji region,,Fiji region,deep,53.75,0,CEA-12,7,1785892402664,mb,reviewed,us,0.3461538461538461
pr2026217000,3.67,30.0,-64.7715,19.5603,207.0,0.0,0.0,276.0,1.1316,20.0,0,"135 km N of Charlotte Amalie, U.S. Virgin Islands",135 km N,"Charlotte Amalie, U.S. Virgin Islands",shallow,45.875,0,PNSN-07,8,1785891835990,md,reviewed,pr,0.22499999999999998
nc75411492,3.99,7.87,-123.4445,40.0265,247.0,7.0,3.3,27.0,0.09454,49.0,0,"31 km NNW of Covelo, CA",31 km NNW,"Covelo, CA",shallow,49.875,0,CEA-12,13,1785889525780,mw,reviewed,nc,0.2865384615384616
us6000ti5w,4.2,10.0,54.0386,27.784,271.0,0.0,0.0,96.0,3.43,35.0,0,"15 km NW of Gerāsh, Iran",15 km NW,"Gerāsh, Iran",shallow,52.5,0,PNSN-07,8,1785889503117,mb,reviewed,us,0.3269230769230769
us6000ti5u,4.8,104.923,94.6377,21.8899,355.0,2.0,3.4,26.0,0.729,122.0,0,"56 km WSW of Monywa, Burma (Myanmar)",56 km WSW,"Monywa, Burma (Myanmar)",intermediate,60.0,0,PNSN-07,0,1785888717923,mb,reviewed,us,0.44230769230769224
aka2026piyzhh,3.3,10.0,-169.571,63.745,168.0,0.0,0.0,252.0,2.0,17.0,0,"45 km E of Savoonga, Alaska",45 km E,"Savoonga, Alaska",shallow,41.25,0,,,1785888351112,ml,reviewed,ak,0.1538461538461538
us6000tj0l,4.0,316.254,169.7205,-19.7211,246.0,0.0,0.0,250.0,3.575,14.0,0,"50 km ESE of Isangel, Vanuatu",50 km ESE,"Isangel, Vanuatu",deep,50.0,0,,,1785886757244,mb,reviewed,us,0.28846153846153844
aka2026pixvhb,2.5,13.8,-169.76,52.841,96.0,0.0,0.0,133.0,0.1,14.0,0,"61 km W of Nikolski, Alaska",61 km W,"Nikolski, Alaska",shallow,31.25,0,PNSN-07,5,1785886374332,ml,reviewed,ak,0.0
us6000tj0k,4.3,152.956,99.8153,0.47,284.0,0.0,0.0,60.0,2.383,45.0,0,"106 km NW of Bukittinggi, Indonesia",106 km NW,"Bukittinggi, Indonesia",intermediate,53.75,0,PNSN-07,6,1785886337422,mb,reviewed,us,0.3461538461538461
us6000ti5m,4.7,10.0,-26.8178,-55.685,340.0,0.0,0.0,67.0,5.742,50.0,0,South Sandwich Islands region,,South Sandwich Islands region,shallow,58.75,0,PNSN-07,9,1785884880905,mb,reviewed,us,0.4230769230769231
aka2026piwirv,2.6,23.2,-136.807,57.451,104.0,0.0,0.0,203.0,0.6,15.0,0,"66 km SSW of Pelican, Alaska",66 km SSW,"Pelican, Alaska",shallow,32.5,0,PNSN-07,2,1785883730550,ml,reviewed,ak,0.019230769230769246
us6000tj25,2.8,52.657,178.5637,51.3959,121.0,0.0,0.0,264.0,0.463,18.0,0,"Rat Islands, Aleutian Islands, Alaska",,"Rat Islands, Aleutian Islands, Alaska",shallow,35.0,0,,,1785882537414,ml,reviewed,us,0.057692307692307654
us6000tj24,2.8,141.741,-174.5821,52.0304,121.0,0.0,0.0,188.0,0.293,26.0,0,"31 km SW of Atka, Alaska",31 km SW,"Atka, Alaska",intermediate,35.0,0,PNSN-07,9,1785881934129,ml,reviewed,us,0.057692307692307654
us6000tj0f,4.1,376.74,142.9606,21.6371,259.0,0.0,0.0,120.0,6.912,26.0,0,Mariana Islands region,,Mariana Islands region,deep,51.24999999999999,0,USGS-WEST,15,1785881909572,mb,reviewed,us,0.3076923076923076
us6000tj0h,4.3,246.573,169.391,-18.5386,284.0,0.0,0.0,134.0,4.472,20.0,0,"111 km N of Isangel, Vanuatu",111 km N,"Isangel, Vanuatu",intermediate,53.75,0,CEA-12,6,1785881191753,mb,reviewed,us,0.3461538461538461
us6000tj0j,4.4,10.0,66.6144,-19.9509,298.0,0.0,0.0,82.0,3.06,19.0,0,Mauritius - Reunion region,,Mauritius - Reunion region,shallow,55.00000000000001,0,PNSN-07,13,1785881010876,mb,reviewed,us,0.3653846153846154
us6000tj0g,4.1,53.386,142.2336,40.2979,259.0,0.0,0.0,154.0,1.017,23.0,0,"41 km ENE of Noda, Japan",41 km ENE,"Noda, Japan",shallow,51.24999999999999,0,PNSN-07,11,1785880929860,mb,reviewed,us,0.3076923076923076
us6000tj0e,4.1,121.073,123.6924,0.003,259.0,0.0,0.0,90.0,6.35,24.0,0,"91 km SE of Gorontalo, Indonesia",91 km SE,"Gorontalo, Indonesia",intermediate,51.24999999999999,0,PNSN-07,0,1785880606880,mb,reviewed,us,0.3076923076923076
nc75411397,2.56,5.06,-122.938333333333,38.7915,103.0,9.0,2.8,26.0,0.03396,91.0,0,"7 km ESE of Cloverdale, CA",7 km ESE,"Cloverdale, CA",shallow,32.0,0,USGS-WEST,5,1785878253490,md,reviewed,nc,0.011538461538461548
us6000ti4s,4.9,10.0,-175.2568,-24.2993,369.0,0.0,0.0,168.0,9.029,22.0,0,south of Tonga,south,Tonga,shallow,61.25000000000001,0,SCEDC-01,3,1785877769122,mb,reviewed,us,0.46153846153846156
us6000ti4p,4.3,50.358,142.3088,40.5954,284.0,0.0,0.0,142.0,0.966,44.0,0,"64 km NE of Kuji, Japan",64 km NE,"Kuji, Japan",shallow,53.75,0,USGS-WEST,13,1785877735329,mb,reviewed,us,0.3461538461538461
nc75411387,2.54,28.5,-122.019833333333,39.6053333333333,99.0,0.0,0.0,53.0,0.02912,17.0,0,"15 km S of Hamilton City, CA",15 km S,"Hamilton City, CA",shallow,31.75,0,SCEDC-01,5,1785876850760,md,reviewed,nc,0.007692307692307699
us6000tj20,2.9,197.876,179.6483,51.9888,129.0,0.0,0.0,158.0,0.047,20.0,0,"256 km W of Adak, Alaska",256 km W,"Adak, Alaska",intermediate,36.25,0,PNSN-07,6,1785876799105,ml,reviewed,us,0.0769230769230769
us6000ti4e,4.7,613.004,-179.4278,-21.7618,340.0,0.0,0.0,168.0,4.647,61.0,0,Fiji region,,Fiji region,deep,58.75,0,USGS-WEST,2,1785875405505,mb,reviewed,us,0.4230769230769231
us6000tj1z,2.7,10.0,-173.5406,51.4886,112.0,0.0,0.0,291.0,0.822,18.0,0,"90 km SSE of Atka, Alaska",90 km SSE,"Atka, Alaska",shallow,33.75,0,CEA-12,4,1785874924843,ml,reviewed,us,0.03846153846153849
us6000ti49,5.7,34.167,126.5024,1.5011,501.0,3.0,3.7,23.0,5.608,138.0,0,"125 km NW of Ternate, Indonesia",125 km NW,"Ternate, Indonesia",shallow,71.25,1,PNSN-07,1,1785874597007,mww,reviewed,us,0.6153846153846154
us6000tj0d,4.5,10.0,131.1461,30.0665,312.0,0.0,0.0,128.0,1.557,38.0,0,"59 km SE of Koseda, Japan",59 km SE,"Koseda, Japan",shallow,56.25,0,CEA-12,8,1785873677497,mb,reviewed,us,0.3846153846153846
us6000ti40,4.8,28.113,131.2023,30.0951,355.0,1.0,2.0,115.0,1.55,129.0,0,"62 km ESE of Koseda, Japan",62 km ESE,"Koseda, Japan",shallow,60.0,0,PNSN-07,8,1785873416247,mww,reviewed,us,0.44230769230769224
nc75411307,2.8,7.22,-121.137333333333,35.6806666666667,122.0,4.0,3.1,120.0,0.0134,61.0,0,"6 km NE of San Simeon, CA",6 km NE,"San Simeon, CA",shallow,35.0,0,PNSN-07,8,1785873324960,md,reviewed,nc,0.057692307692307654
us6000tj0a,4.2,38.892,142.5015,40.3666,271.0,0.0,0.0,189.0,1.173,14.0,0,"64 km ENE of Noda, Japan",64 km ENE,"Noda, Japan",shallow,52.5,0,SCEDC-01,10,1785865269038,mb,reviewed,us,0.3269230769230769
us6000tj09,4.2,622.217,-178.5351,-17.864,271.0,0.0,0.0,122.0,2.431,22.0,0,"228 km E of Levuka, Fiji",228 km E,"Levuka, Fiji",deep,52.5,0,SCEDC-01,8,1785864653354,mb,reviewed,us,0.3269230769230769
us6000ti1d,4.0,186.616,128.3192,-7.5758,246.0,0.0,0.0,83.0,3.418,26.0,0,"179 km NE of Lospalos, Timor Leste",179 km NE,"Lospalos, Timor Leste",intermediate,50.0,0,SCEDC-01,15,1785864651659,mb,reviewed,us,0.28846153846153844
aka2026pikgdz,3.3,12.0,-176.775,50.242,168.0,0.0,0.0,258.0,1.5,38.0,0,"181 km S of Adak, Alaska",181 km S,"Adak, Alaska",shallow,41.25,0,PNSN-07,2,1785861937262,ml,reviewed,ak,0.1538461538461538
aka2026pijgmj,3.3,17.0,176.298,51.963,168.0,0.0,0.0,194.0,1.4,12.0,0,"233 km ESE of Attu Station, Alaska",233 km ESE,"Attu Station, Alaska",shallow,41.25,0,PNSN-07,3,1785860163456,ml,reviewed,ak,0.1538461538461538
us6000ti11,4.1,453.508,-179.8831,-23.8907,259.0,0.0,0.0,196.0,5.612,17.0,0,south of the Fiji Islands,south,the Fiji Islands,deep,51.24999999999999,0,CEA-12,9,1785859891956,mb,reviewed,us,0.3076923076923076
aka2026piirqk,3.0,17.0,-148.633,56.679,138.0,0.0,0.0,251.0,2.4,30.0,0,"244 km ESE of Chiniak, Alaska",244 km ESE,"Chiniak, Alaska",shallow,37.5,0,,,1785859203443,ml,reviewed,ak,0.09615384615384615
us6000ti0y,4.4,10.0,104.7613,28.5388,298.0,0.0,0.0,106.0,7.45,49.0,0,"10 km NNE of Xunchang, China",10 km NNE,"Xunchang, China",shallow,55.00000000000001,0,CEA-12,15,1785859114535,mb,reviewed,us,0.3653846153846154
aka2026piikvw,2.7,1.3,-156.816,66.225,112.0,0.0,0.0,77.0,0.1,31.0,0,"61 km NNW of Huslia, Alaska",61 km NNW,"Huslia, Alaska",shallow,33.75,0,CEA-12,1,1785858634802,ml,reviewed,ak,0.03846153846153849
pr71527538,3.41,15.85,-64.594,18.9686666666667,179.0,1.0,2.0,294.0,0.5094,4.0,0,"73 km NNE of Cruz Bay, U.S. Virgin Islands",73 km NNE,"Cruz Bay, U.S. Virgin Islands",shallow,42.625,0,SCEDC-01,13,1785857936030,md,reviewed,pr,0.17500000000000002
aka2026pihhbt,2.7,12.1,-173.534,51.508,112.0,0.0,0.0,298.0,0.8,19.0,0,"89 km SSE of Atka, Alaska",89 km SSE,"Atka, Alaska",shallow,33.75,0,,,1785856596928,ml,reviewed,ak,0.03846153846153849
aka2026pigzdk,2.9,12.1,-173.469,51.507,129.0,0.0,0.0,216.0,0.8,20.0,0,"91 km SSE of Atka, Alaska",91 km SSE,"Atka, Alaska",shallow,36.25,0,PNSN-07,2,1785856055338,ml,reviewed,ak,0.0769230769230769
us6000ti1a,3.5,15.123,176.2388,51.8734,188.0,0.0,0.0,200.0,1.41,22.0,0,"234 km ESE of Attu Station, Alaska",234 km ESE,"Attu Station, Alaska",shallow,43.75,0,SCEDC-01,6,1785855673018,ml,reviewed,us,0.1923076923076923
us6000ti0n,4.3,31.514,-173.5526,51.5653,284.0,0.0,0.0,129.0,0.752,139.0,0,"83 km SSE of Atka, Alaska",83 km SSE,"Atka, Alaska",shallow,53.75,0,CEA-12,6,1785855445233,mb,reviewed,us,0.3461538461538461
us6000ti0r,5.1,10.0,-175.2303,-24.6061,400.0,0.0,0.0,133.0,5.21,61.0,0,south of Tonga,south,Tonga,shallow,63.74999999999999,1,PNSN-07,3,1785855374381,mb,reviewed,us,0.4999999999999999
pr2026216003,3.82,108.0,-64.1143,18.8206,225.0,1.0,3.1,320.0,0.4382,11.0,0,"89 km NE of Cruz Bay, U.S. Virgin Islands",89 km NE,"Cruz Bay, U.S. Virgin Islands",intermediate,47.75,0,SCEDC-01,8,1785855107350,md,reviewed,pr,0.25384615384615383
pr2026216002,3.49,7.0,-67.5828,18.9141,187.0,0.0,0.0,206.0,0.6495,17.0,0,"69 km NW of San Antonio, Puerto Rico",69 km NW,"San Antonio, Puerto Rico",shallow,43.625,0,,,1785853482950,md,reviewed,pr,0.19038461538461543
hv75012817,2.5,9.6,-156.429833333333,19.6006666666667,96.0,0.0,0.0,270.0,0.3927,28.0,0,"45 km W of Kailua-Kona, Hawaii",45 km W,"Kailua-Kona, Hawaii",shallow,31.25,0,PNSN-07,3,1785853299650,ml,reviewed,hv,0.0
aka2026pifhbx,3.0,8.4,-173.467,51.499,138.0,0.0,0.0,296.0,0.8,22.0,0,"92 km SSE of Atka, Alaska",92 km SSE,"Atka, Alaska",shallow,37.5,0,PNSN-07,10,1785853005754,ml,reviewed,ak,0.09615384615384615
us6000ti0a,4.6,40.428,142.3433,38.3126,326.0,1.0,2.0,120.0,2.664,156.0,0,"79 km E of Onagawa Chō, Japan",79 km E,"Onagawa Chō, Japan",shallow,57.49999999999999,0,SCEDC-01,11,1785852026620,mb,reviewed,us,0.40384615384615374
nc75411117,3.34,9.78,-119.930666666667,36.0948333333333,172.0,2.0,2.2,45.0,0.08999,74.0,0,"10 km NNE of Kettleman City, CA",10 km NNE,"Kettleman City, CA",shallow,41.75,0,CEA-12,7,1785849669230,mw,reviewed,nc,0.1615384615384615
aka2026pictqf,2.9,108.7,-179.376,51.748,129.0,0.0,0.0,145.0,0.3,38.0,0,"189 km W of Adak, Alaska",189 km W,"Adak, Alaska",intermediate,36.25,0,PNSN-07,3,1785848473362,ml,reviewed,ak,0.0769230769230769
aka2026picqfc,2.6,20.0,-174.101,51.657,104.0,0.0,0.0,274.0,0.5,17.0,0,"60 km S of Atka, Alaska",60 km S,"Atka, Alaska",shallow,32.5,0,PNSN-07,12,1785848238363,ml,reviewed,ak,0.019230769230769246
us6000thzy,4.4,10.0,57.5377,26.1194,298.0,0.0,0.0,109.0,1.679,47.0,0,"120 km SSE of Mīnāb, Iran",120 km SSE,"Mīnāb, Iran",shallow,55.00000000000001,0,CEA-12,,1785847212643,mb,reviewed,us,0.3653846153846154
nm60626196,2.63,9.86,-89.7573333333333,36.1006666666667,108.0,9.0,2.2,49.0,0.04878,63.0,0,"6 km ENE of Steele, Missouri",6 km ENE,"Steele, Missouri",shallow,32.875,0,PNSN-07,9,1785845080700,md,reviewed,nm,0.024999999999999977
us6000tj1e,3.1,10.0,176.3903,52.0587,148.0,0.0,0.0,187.0,1.316,20.0,0,"234 km ESE of Attu Station, Alaska",234 km ESE,"Attu Station, Alaska",shallow,38.75,0,CEA-12,0,1785845066208,ml,reviewed,us,0.11538461538461539
us6000thzg,4.2,35.0,-93.2458,14.5819,271.0,0.0,0.0,154.0,3.428,80.0,0,"87 km SW of El Arenal, Mexico",87 km SW,"El Arenal, Mexico",shallow,52.5,0,SCEDC-01,6,1785841673191,mb,reviewed,us,0.3269230769230769
pr71527448,3.07,19.09,-65.5076666666667,19.1236666666667,145.0,0.0,0.0,242.0,0.8394,9.0,0,"84 km NNE of Vieques, Puerto Rico",84 km NNE,"Vieques, Puerto Rico",shallow,38.375,0,USGS-WEST,8,1785838766850,md,reviewed,pr,0.10961538461538459
us6000tj02,4.4,626.943,171.3024,-14.8158,298.0,0.0,0.0,91.0,7.106,29.0,0,Vanuatu region,,Vanuatu region,deep,55.00000000000001,0,SCEDC-01,9,1785837885807,mb,reviewed,us,0.3653846153846154
aka2026phwtod,2.7,127.1,-151.005,62.971,112.0,0.0,0.0,32.0,0.5,99.0,0,"54 km NNW of Petersville, Alaska",54 km NNW,"Petersville, Alaska",intermediate,33.75,0,SCEDC-01,5,1785837671912,ml,reviewed,ak,0.03846153846153849
aka2026phwetk,3.3,60.9,-149.14,62.441,168.0,2.0,2.0,24.0,0.5,155.0,0,"48 km NE of Susitna North, Alaska",48 km NE,"Susitna North, Alaska",shallow,41.25,0,USGS-WEST,,1785836740158,ml,reviewed,ak,0.1538461538461538
us6000thyw,4.1,35.0,57.3862,27.9774,259.0,0.0,0.0,150.0,3.2,36.0,0,"98 km NNE of Mīnāb, Iran",98 km NNE,"Mīnāb, Iran",shallow,51.24999999999999,0,SCEDC-01,5,1785836002315,mb,reviewed,us,0.3076923076923076
us6000tj01,4.5,35.0,130.6354,29.3081,312.0,0.0,0.0,89.0,2.199,33.0,0,"103 km S of Koshima, Japan",103 km S,"Koshima, Japan",shallow,56.25,0,PNSN-07,11,1785835759183,mb,reviewed,us,0.3846153846153846
us6000tj18,3.7,10.0,176.3428,52.0878,211.0,0.0,0.0,153.0,1.347,29.0,0,"230 km ESE of Attu Station, Alaska",230 km ESE,"Attu Station, Alaska",shallow,46.25,0,,,1785835205006,mb,reviewed,us,0.23076923076923078
pr71527648,3.33,18.27,-64.9206666666667,18.7355,171.0,0.0,0.0,257.0,0.3826,5.0,0,"43 km N of Charlotte Amalie, U.S. Virgin Islands",43 km N,"Charlotte Amalie, U.S. Virgin Islands",shallow,41.625,0,,,1785833070520,md,reviewed,pr,0.15961538461538463
pr2026216000,3.65,77.0,-68.2045,19.5315,205.0,0.0,0.0,228.0,1.0129,11.0,0,"107 km NNE of Punta Cana, Dominican Republic",107 km NNE,"Punta Cana, Dominican Republic",intermediate,45.625,0,SCEDC-01,0,1785832872920,md,reviewed,pr,0.22115384615384612
us6000tj16,3.0,10.0,-165.2358,53.4369,138.0,0.0,0.0,214.0,0.728,23.0,0,"85 km SSE of Akutan, Alaska",85 km SSE,"Akutan, Alaska",shallow,37.5,0,SCEDC-01,12,1785830864544,ml,reviewed,us,0.09615384615384615
us6000ti1e,3.3,10.0,176.2912,51.9645,168.0,0.0,0.0,194.0,1.374,11.0,0,"232 km ESE of Attu Station, Alaska",232 km ESE,"Attu Station, Alaska",shallow,41.25,0,PNSN-07,8,1785830813936,ml,reviewed,us,0.1538461538461538
us6000thyr,4.2,54.834,142.1552,40.3694,271.0,0.0,0.0,142.0,0.931,31.0,0,"38 km ENE of Kuji, Japan",38 km ENE,"Kuji, Japan",shallow,52.5,0,SCEDC-01,15,1785830772609,mb,reviewed,us,0.3269230769230769
pr71527433,2.92,19.96,-64.9313333333333,18.7468333333333,131.0,0.0,0.0,240.0,0.3931,6.0,0,"44 km N of Charlotte Amalie, U.S. Virgin Islands",44 km N,"Charlotte Amalie, U.S. Virgin Islands",shallow,36.5,0,USGS-WEST,,1785830529250,md,reviewed,pr,0.08076923076923075
pr71527418,3.1,30.89,-64.9256666666667,18.724,148.0,0.0,0.0,213.0,0.3708,7.0,0,"42 km N of Charlotte Amalie, U.S. Virgin Islands",42 km N,"Charlotte Amalie, U.S. Virgin Islands",shallow,38.75,0,PNSN-07,5,1785829803750,md,reviewed,pr,0.11538461538461539
us6000tizz,4.6,10.0,-176.5276,-28.5979,326.0,0.0,0.0,187.0,1.387,14.0,0,Kermadec Islands region,,Kermadec Islands region,shallow,57.49999999999999,0,PNSN-07,15,1785827553295,mb,reviewed,us,0.40384615384615374
us6000thym,4.6,10.0,-93.4564,14.2653,326.0,0.0,0.0,167.0,3.585,109.0,0,"122 km WSW of Puerto Madero, Mexico",122 km WSW,"Puerto Madero, Mexico",shallow,57.49999999999999,0,PNSN-07,5,1785827228179,mb,reviewed,us,0.40384615384615374
us6000tirp,2.5,35.0,-163.4945,53.8879,96.0,0.0,0.0,235.0,0.772,16.0,0,"107 km S of False Pass, Alaska",107 km S,"False Pass, Alaska",shallow,31.25,0,PNSN-07,10,1785827085175,ml,reviewed,us,0.0
us6000thyk,4.0,10.0,-93.279,14.2839,246.0,0.0,0.0,191.0,3.416,30.0,0,"104 km WSW of Puerto Madero, Mexico",104 km WSW,"Puerto Madero, Mexico",shallow,50.0,0,PNSN-07,8,1785826899230,mb,reviewed,us,0.28846153846153844
us6000thyi,4.2,35.0,-93.2599,14.5041,271.0,0.0,0.0,165.0,3.427,48.0,0,"93 km WSW of Puerto Madero, Mexico",93 km WSW,"Puerto Madero, Mexico",shallow,52.5,0,USGS-WEST,2,1785826347797,mb,reviewed,us,0.3269230769230769
us6000tiri,2.6,35.0,-165.3465,53.6882,104.0,0.0,0.0,202.0,0.538,18.0,0,"57 km SSE of Akutan, Alaska",57 km SSE,"Akutan, Alaska",shallow,32.5,0,CEA-12,,1785825042722,ml,reviewed,us,0.019230769230769246
us6000tirh,2.9,21.536,-163.4469,53.5204,129.0,0.0,0.0,239.0,1.14,19.0,0,"148 km S of False Pass, Alaska",148 km S,"False Pass, Alaska",shallow,36.25,0,SCEDC-01,15,1785824129597,ml,reviewed,us,0.0769230769230769
us6000thyc,4.3,10.0,-93.3413,14.268,285.0,1.0,2.0,146.0,3.475,48.0,0,"111 km WSW of Puerto Madero, Mexico",111 km WSW,"Puerto Madero, Mexico",shallow,53.75,0,,,1785823127914,mb,reviewed,us,0.3461538461538461
us6000tizx,4.1,10.0,128.0303,24.8852,259.0,0.0,0.0,94.0,1.955,16.0,0,"142 km SSE of Itoman, Japan",142 km SSE,"Itoman, Japan",shallow,51.24999999999999,0,SCEDC-01,2,1785822551800,mb,reviewed,us,0.3076923076923076
pr2026216001,3.5,68.0,-64.6625,19.097,188.0,0.0,0.0,265.0,0.6599,9.0,0,"85 km N of Cruz Bay, U.S. Virgin Islands",85 km N,"Cruz Bay, U.S. Virgin Islands",shallow,43.75,0,PNSN-07,7,1785822516030,md,reviewed,pr,0.1923076923076923
us6000ti1f,3.4,11.627,176.4105,52.1564,178.0,0.0,0.0,180.0,1.312,12.0,0,"232 km ESE of Attu Station, Alaska",232 km ESE,"Attu Station, Alaska",shallow,42.5,0,USGS-WEST,10,1785822258608,ml,reviewed,us,0.17307692307692304
us6000tir8,2.7,23.971,-164.437,53.3298,112.0,0.0,0.0,229.0,1.083,16.0,0,"125 km SE of Akutan, Alaska",125 km SE,"Akutan, Alaska",shallow,33.75,0,PNSN-07,5,1785821119870,ml,reviewed,us,0.03846153846153849
us6000thy1,4.5,10.0,130.4722,32.5228,312.0,1.0,3.1,107.0,1.011,42.0,0,"12 km W of Honmachi, Japan",12 km W,"Honmachi, Japan",shallow,56.25,0,CEA-12,9,1785819999594,mb,reviewed,us,0.3846153846153846
us6000thxt,4.4,109.577,140.3803,32.8475,298.0,0.0,0.0,152.0,3.721,40.0,0,"241 km S of Tateyama, Japan",241 km S,"Tateyama, Japan",intermediate,55.00000000000001,0,PNSN-07,7,1785818789475,mb,reviewed,us,0.3653846153846154
us6000ti1g,4.0,10.0,176.2201,51.9387,246.0,0.0,0.0,197.0,1.418,17.0,0,"229 km ESE of Attu Station, Alaska",229 km ESE,"Attu Station, Alaska",shallow,50.0,0,PNSN-07,14,1785818003646,mb,reviewed,us,0.28846153846153844
us6000thxh,4.1,35.0,-93.1592,14.4992,259.0,0.0,0.0,164.0,3.331,38.0,0,"83 km WSW of Puerto Madero, Mexico",83 km WSW,"Puerto Madero, Mexico",shallow,51.24999999999999,0,,,1785817683246,mb,reviewed,us,0.3076923076923076
nc75410982,2.61,6.03,-122.500333333333,38.6855,111.0,21.0,3.0,31.0,0.07045,120.0,0,"12 km SE of Middletown, CA",12 km SE,"Middletown, CA",shallow,32.625,0,PNSN-07,2,1785816758020,md,reviewed,nc,0.02115384615384613
us6000tir2,2.9,35.0,-161.4759,54.6603,129.0,0.0,0.0,202.0,0.539,26.0,0,"70 km SE of King Cove, Alaska",70 km SE,"King Cove, Alaska",shallow,36.25,0,,,1785816319048,ml,reviewed,us,0.0769230769230769
us6000tir0,3.4,10.0,176.2851,51.9899,178.0,0.0,0.0,192.0,1.378,14.0,0,"231 km ESE of Attu Station, Alaska",231 km ESE,"Attu Station, Alaska",shallow,42.5,0,PNSN-07,0,1785813707923,ml,reviewed,us,0.17307692307692304
us6000thx7,4.4,510.182,-179.9783,-24.1976,298.0,0.0,0.0,89.0,5.35,41.0,0,south of the Fiji Islands,south,the Fiji Islands,deep,55.00000000000001,0,PNSN-07,6,1785813631937,mb,reviewed,us,0.3653846153846154
us6000tiqz,3.7,10.0,176.3702,52.2461,211.0,0.0,0.0,158.0,1.351,26.0,0,"226 km ESE of Attu Station, Alaska",226 km ESE,"Attu Station, Alaska",shallow,46.25,0,SCEDC-01,13,1785812848480,mb,reviewed,us,0.23076923076923078
us6000thx2,4.0,10.0,-128.3033,43.971,246.0,1.0,1.0,196.0,2.151,83.0,0,off the coast of Oregon,off the coast,Oregon,shallow,50.0,0,USGS-WEST,3,1785811577107,mb,reviewed,us,0.28846153846153844
us6000thwz,4.5,35.0,-25.596,-58.9198,312.0,0.0,0.0,89.0,19.696,33.0,0,South Sandwich Islands region,,South Sandwich Islands region,shallow,56.25,0,USGS-WEST,1,1785810522201,mb,reviewed,us,0.3846153846153846
us6000tizu,4.4,10.0,104.6611,28.495,298.0,0.0,0.0,98.0,7.484,21.0,0,"6 km NW of Xunchang, China",6 km NW,"Xunchang, China",shallow,55.00000000000001,0,PNSN-07,5,1785810302941,mb,reviewed,us,0.3653846153846154
us6000tiqx,2.9,35.0,-167.9557,52.9866,129.0,0.0,0.0,214.0,0.391,18.0,0,"61 km E of Nikolski, Alaska",61 km E,"Nikolski, Alaska",shallow,36.25,0,,,1785807842796,ml,reviewed,us,0.0769230769230769
us6000tiqw,3.8,10.0,176.28,51.9944,222.0,0.0,0.0,192.0,1.381,23.0,0,"230 km ESE of Attu Station, Alaska",230 km ESE,"Attu Station, Alaska",shallow,47.5,0,PNSN-07,7,1785807446393,mb,reviewed,us,0.24999999999999994
aka2026phftwj,2.9,4.6,-157.232,66.319,129.0,0.0,0.0,49.0,0.2,30.0,0,"63 km S of Shungnak, Alaska",63 km S,"Shungnak, Alaska",shallow,36.25,0,SCEDC-01,4,1785807155589,ml,reviewed,ak,0.0769230769230769
us6000tiqu,3.3,14.524,176.2876,51.916,168.0,0.0,0.0,197.0,1.377,12.0,0,"235 km ESE of Attu Station, Alaska",235 km ESE,"Attu Station, Alaska",shallow,41.25,0,SCEDC-01,8,1785805253534,ml,reviewed,us,0.1538461538461538
us6000tiqt,3.2,23.946,176.295,51.9079,158.0,0.0,0.0,197.0,1.373,13.0,0,"236 km ESE of Attu Station, Alaska",236 km ESE,"Attu Station, Alaska",shallow,40.0,0,,,1785804413867,ml,reviewed,us,0.13461538461538464
aka2026phdscb,2.5,15.5,-177.858,51.115,96.0,0.0,0.0,267.0,0.6,13.0,0,"119 km SW of Adak, Alaska",119 km SW,"Adak, Alaska",shallow,31.25,0,PNSN-07,7,1785803392314,ml,reviewed,ak,0.0
pr71527373,2.9,12.5,-66.9105,17.966,129.0,0.0,0.0,170.0,0.03107,17.0,0,"0 km SSW of Guánica, Puerto Rico",0 km SSW,"Guánica, Puerto Rico",shallow,36.25,0,SCEDC-01,10,1785802675050,md,reviewed,pr,0.0769230769230769
us6000thy2,3.0,10.0,-163.1203,52.9723,138.0,0.0,0.0,238.0,1.716,26.0,0,"210 km S of False Pass, Alaska",210 km S,"False Pass, Alaska",shallow,37.5,0,PNSN-07,4,1785801345934,ml,reviewed,us,0.09615384615384615
us6000thy0,3.2,11.242,176.3323,52.1254,158.0,0.0,0.0,183.0,1.357,11.0,0,"228 km ESE of Attu Station, Alaska",228 km ESE,"Attu Station, Alaska",shallow,40.0,0,SCEDC-01,0,1785801085361,ml,reviewed,us,0.13461538461538464
aka2026phaxjo,2.5,38.5,-166.933,53.047,96.0,0.0,0.0,240.0,0.7,14.0,0,"95 km SSW of Unalaska, Alaska",95 km SSW,"Unalaska, Alaska",shallow,31.25,0,PNSN-07,2,1785798368751,ml,reviewed,ak,0.0
us6000thxy,4.2,29.027,176.3271,52.0891,271.0,0.0,0.0,186.0,1.357,41.0,0,"229 km ESE of Attu Station, Alaska",229 km ESE,"Attu Station, Alaska",shallow,52.5,0,PNSN-07,15,1785797602776,mb,reviewed,us,0.3269230769230769
us6000thxw,3.5,3.008,176.2723,51.9633,188.0,0.0,0.0,194.0,1.386,16.0,0,"231 km ESE of Attu Station, Alaska",231 km ESE,"Attu Station, Alaska",shallow,43.75,0,CEA-12,12,1785796975251,ml,reviewed,us,0.1923076923076923
aka2026pgzpes,2.8,38.2,-151.537,59.289,121.0,0.0,0.0,119.0,0.3,67.0,0,"18 km ESE of Port Graham, Alaska",18 km ESE,"Port Graham, Alaska",shallow,35.0,0,,,1785795995219,ml,reviewed,ak,0.057692307692307654
us6000thvq,4.2,10.0,56.0893,27.977,271.0,0.0,0.0,129.0,3.021,46.0,0,"41 km SSE of Ḩājjīābād, Iran",41 km SSE,"Ḩājjīābād, Iran",shallow,52.5,0,CEA-12,10,1785795324741,mb,reviewed,us,0.3269230769230769
us6000thxu,2.5,77.822,-179.8704,51.5331,96.0,0.0,0.0,165.0,0.465,18.0,0,"226 km W of Adak, Alaska",226 km W,"Adak, Alaska",intermediate,31.25,0,SCEDC-01,15,1785793663977,ml,reviewed,us,0.0
us6000thvj,4.9,10.0,157.9627,49.2754,369.0,0.0,0.0,58.0,3.778,78.0,0,"203 km SE of Severo-Kuril’sk, Russia",203 km SE,"Severo-Kuril’sk, Russia",shallow,61.25000000000001,0,USGS-WEST,8,1785793333119,mb,reviewed,us,0.46153846153846156
us6000tiyj,4.4,35.0,158.8853,51.3934,298.0,0.0,0.0,202.0,1.639,17.0,0,"166 km E of Ozernovskiy, Russia",166 km E,"Ozernovskiy, Russia",shallow,55.00000000000001,0,PNSN-07,7,1785792804766,mb,reviewed,us,0.3653846153846154
us6000thva,4.4,93.791,-70.3665,-28.7394,298.0,0.0,0.0,97.0,0.82,27.0,0,"42 km ESE of Vallenar, Chile",42 km ESE,"Vallenar, Chile",intermediate,55.00000000000001,0,PNSN-07,3,1785790028038,mb,reviewed,us,0.3653846153846154
us6000thxs,3.4,35.0,-159.6419,54.3889,178.0,0.0,0.0,215.0,1.497,34.0,0,"118 km SSE of Sand Point, Alaska",118 km SSE,"Sand Point, Alaska",shallow,42.5,0,USGS-WEST,5,1785789166331,ml,reviewed,us,0.17307692307692304
us6000thxr,3.0,10.0,176.3294,51.9988,138.0,0.0,0.0,191.0,1.351,11.0,0,"233 km ESE of Attu Station, Alaska",233 km ESE,"Attu Station, Alaska",shallow,37.5,0,SCEDC-01,3,1785788391133,ml,reviewed,us,0.09615384615384615
us6000thv7,4.7,10.0,-5.1362,32.2354,340.0,2.0,2.0,48.0,0.704,90.0,0,"61 km SW of Midelt, Morocco",61 km SW,"Midelt, Morocco",shallow,58.75,0,SCEDC-01,6,1785788085641,mww,reviewed,us,0.4230769230769231
tx2026pehrsv,2.5,3.1262,-103.482,31.17,96.0,0.0,0.0,38.0,0.0,27.0,0,"22 km SSE of Lindsay, Texas",22 km SSE,"Lindsay, Texas",shallow,31.25,0,CEA-12,6,1785784516866,ml,reviewed,tx,0.0
us6000thxq,3.6,10.0,176.2223,52.0022,199.0,0.0,0.0,193.0,1.417,13.0,0,"226 km ESE of Attu Station, Alaska",226 km ESE,"Attu Station, Alaska",shallow,45.0,0,,,1785784169483,ml,reviewed,us,0.21153846153846154
us6000thxn,3.3,35.0,-169.3657,52.4037,168.0,0.0,0.0,215.0,0.441,20.0,0,"68 km SSW of Nikolski, Alaska",68 km SSW,"Nikolski, Alaska",shallow,41.25,0,PNSN-07,5,1785781053028,ml,reviewed,us,0.1538461538461538
us6000thxk,2.7,6.895,-162.9755,54.6503,112.0,0.0,0.0,197.0,0.329,17.0,0,"36 km SE of False Pass, Alaska",36 km SE,"False Pass, Alaska",shallow,33.75,0,PNSN-07,,1785778981603,ml,reviewed,us,0.03846153846153849
us6000tiyf,4.2,65.728,161.8315,-10.3591,271.0,0.0,0.0,139.0,2.069,25.0,0,"14 km NW of Kirakira, Solomon Islands",14 km NW,"Kirakira, Solomon Islands",shallow,52.5,0,PNSN-07,10,1785778655100,mb,reviewed,us,0.3269230769230769
tx2026pedtmg,2.5,8.2857,-98.971,28.845,96.0,0.0,0.0,83.0,0.1,27.0,0,"13 km ESE of Pearsall, Texas",13 km ESE,"Pearsall, Texas",shallow,31.25,0,USGS-WEST,2,1785777384305,ml,reviewed,tx,0.0
us6000thxj,3.4,10.0,176.2728,51.9704,178.0,0.0,0.0,194.0,1.385,15.0,0,"231 km ESE of Attu Station, Alaska",231 km ESE,"Attu Station, Alaska",shallow,42.5,0,PNSN-07,4,1785776265671,ml,reviewed,us,0.17307692307692304
us6000thsn,3.3,10.0,176.5045,51.9737,168.0,0.0,0.0,190.0,1.242,14.0,0,"245 km ESE of Attu Station, Alaska",245 km ESE,"Attu Station, Alaska",shallow,41.25,0,PNSN-07,10,1785775007304,ml,reviewed,us,0.1538461538461538
us6000thxg,2.6,38.172,-159.7533,55.6122,104.0,0.0,0.0,190.0,0.473,18.0,0,"36 km SSW of Ivanof Bay, Alaska",36 km SSW,"Ivanof Bay, Alaska",shallow,32.5,0,,,1785773261573,ml,reviewed,us,0.019230769230769246
us6000ths9,4.5,35.0,143.3705,39.7187,312.0,0.0,0.0,124.0,2.063,34.0,0,"122 km E of Miyako, Japan",122 km E,"Miyako, Japan",shallow,56.25,0,PNSN-07,4,1785772445807,mb,reviewed,us,0.3846153846153846
us6000tiyd,4.3,556.14,-178.324,-18.0281,284.0,0.0,0.0,136.0,2.689,39.0,0,"249 km E of Levuka, Fiji",249 km E,"Levuka, Fiji",deep,53.75,0,PNSN-07,9,1785771379671,mb,reviewed,us,0.3461538461538461
us6000tiye,4.4,10.0,95.2601,37.8125,298.0,0.0,0.0,141.0,7.009,18.0,0,"266 km S of Dunhuang, China",266 km S,"Dunhuang, China",shallow,55.00000000000001,0,CEA-12,8,1785770751337,mb,reviewed,us,0.3653846153846154
us6000thsp,3.8,10.774,176.2191,51.9247,222.0,0.0,0.0,197.0,1.419,26.0,0,"230 km ESE of Attu Station, Alaska",230 km ESE,"Attu Station, Alaska",shallow,47.5,0,USGS-WEST,12,1785768994710,mb,reviewed,us,0.24999999999999994
us6000ths2,4.7,35.0,146.9239,43.1851,340.0,0.0,0.0,121.0,3.017,78.0,0,"70 km SSE of Shikotan, Russia",70 km SSE,"Shikotan, Russia",shallow,58.75,0,CEA-12,15,1785767984688,mb,reviewed,us,0.4230769230769231
us6000tiyc,4.1,11.576,118.9775,16.3372,259.0,0.0,0.0,123.0,7.099,20.0,0,"87 km W of Macabuboni, Philippines",87 km W,"Macabuboni, Philippines",shallow,51.24999999999999,0,PNSN-07,1,1785767648018,mb,reviewed,us,0.3076923076923076
aka2026pgjqhh,3.2,8.1,-139.425,58.897,158.0,0.0,0.0,155.0,0.6,47.0,0,"74 km SSE of Yakutat, Alaska",74 km SSE,"Yakutat, Alaska",shallow,40.0,0,PNSN-07,15,1785767263214,ml,reviewed,ak,0.13461538461538464
us6000thrs,4.8,60.338,156.1457,-7.4377,354.0,0.0,0.0,33.0,4.254,71.0,0,"106 km NW of Gizo, Solomon Islands",106 km NW,"Gizo, Solomon Islands",shallow,60.0,0,PNSN-07,,1785762844672,mb,reviewed,us,0.44230769230769224
aka2026pggbab,2.6,5.0,-163.107,54.722,104.0,0.0,0.0,190.0,0.2,20.0,0,"24 km SE of False Pass, Alaska",24 km SE,"False Pass, Alaska",shallow,32.5,0,,,1785760829603,ml,reviewed,ak,0.019230769230769246
aka2026pgfxdj,2.5,20.2,-165.579,53.347,96.0,0.0,0.0,244.0,0.8,12.0,0,"86 km SE of Unalaska, Alaska",86 km SE,"Unalaska, Alaska",shallow,31.25,0,PNSN-07,1,1785760555259,ml,reviewed,ak,0.0
us6000thrj,2.9,10.0,-155.0104,18.6654,129.0,0.0,0.0,296.0,0.645,24.0,0,"74 km SE of Naalehu, Hawaii",74 km SE,"Naalehu, Hawaii",shallow,36.25,0,PNSN-07,15,1785760259146,ml,reviewed,us,0.0769230769230769
pr71527288,3.09,43.64,-64.7966666666667,18.1465,147.0,0.0,0.0,217.0,0.255,5.0,0,"20 km S of Cruz Bay, U.S. Virgin Islands",20 km S,"Cruz Bay, U.S. Virgin Islands",shallow,38.625,0,USGS-WEST,9,1785759860890,md,reviewed,pr,0.11346153846153843
pr71527273,2.87,22.91,-64.932,18.7398333333333,127.0,0.0,0.0,222.0,0.3861,7.0,0,"44 km N of Charlotte Amalie, U.S. Virgin Islands",44 km N,"Charlotte Amalie, U.S. Virgin Islands",shallow,35.875,0,CEA-12,10,1785759518320,md,reviewed,pr,0.07115384615384618
pr71527283,2.92,18.3,-64.9378333333333,18.7386666666667,131.0,0.0,0.0,217.0,0.3846,5.0,0,"43 km N of Charlotte Amalie, U.S. Virgin Islands",43 km N,"Charlotte Amalie, U.S. Virgin Islands",shallow,36.5,0,CEA-12,10,1785759397480,md,reviewed,pr,0.08076923076923075
aka2026pgeytv,2.5,5.0,-145.366,69.36,96.0,0.0,0.0,65.0,0.4,28.0,0,"109 km SW of Kaktovik, Alaska",109 km SW,"Kaktovik, Alaska",shallow,31.25,0,PNSN-07,7,1785758874836,ml,reviewed,ak,0.0
us6000thre,4.9,70.241,155.9708,49.9613,369.0,0.0,0.0,79.0,3.331,84.0,0,"80 km S of Severo-Kuril’sk, Russia",80 km S,"Severo-Kuril’sk, Russia",intermediate,61.25000000000001,0,USGS-WEST,3,1785756403809,mb,reviewed,us,0.46153846153846156
us6000thrb,4.6,182.541,-67.1352,-24.4954,326.0,0.0,0.0,63.0,1.81,28.0,0,"88 km WSW of San Antonio de los Cobres, Argentina",88 km WSW,"San Antonio de los Cobres, Argentina",intermediate,57.49999999999999,0,SCEDC-01,1,1785754535633,mb,reviewed,us,0.40384615384615374
us6000thra,4.9,10.0,-176.5648,-17.2428,369.0,0.0,0.0,55.0,3.966,41.0,0,Fiji region,,Fiji region,shallow,61.25000000000001,0,PNSN-07,14,1785753922454,mb,reviewed,us,0.46153846153846156
pr71527238,2.84,13.23,-66.7546666666667,18.0238333333333,124.0,0.0,0.0,126.0,0.03528,25.0,0,"1 km ENE of Magas Arriba, Puerto Rico",1 km ENE,"Magas Arriba, Puerto Rico",shallow,35.5,0,,,1785753096350,md,reviewed,pr,0.06538461538461536
us6000thr7,4.4,38.235,158.846,51.1598,298.0,0.0,0.0,129.0,1.87,44.0,0,"167 km ESE of Ozernovskiy, Russia",167 km ESE,"Ozernovskiy, Russia",shallow,55.00000000000001,0,,,1785752246492,mb,reviewed,us,0.3653846153846154
us6000thr3,4.4,78.458,154.9468,48.9434,298.0,0.0,0.0,135.0,4.517,44.0,0,"210 km SSW of Severo-Kuril’sk, Russia",210 km SSW,"Severo-Kuril’sk, Russia",intermediate,55.00000000000001,0,SCEDC-01,0,1785750634561,mb,reviewed,us,0.3653846153846154
us6000thr2,4.5,10.0,-93.5342,14.0227,312.0,0.0,0.0,148.0,3.647,50.0,0,"142 km WSW of Puerto Madero, Mexico",142 km WSW,"Puerto Madero, Mexico",shallow,56.25,0,CEA-12,0,1785748749853,mb,reviewed,us,0.3846153846153846
aka2026pfzbrd,2.6,20.9,-174.966,51.593,104.0,0.0,0.0,248.0,0.7,12.0,0,"85 km SW of Atka, Alaska",85 km SW,"Atka, Alaska",shallow,32.5,0,PNSN-07,9,1785748271928,ml,reviewed,ak,0.019230769230769246
aka2026pfxhre,3.6,128.1,-153.136,59.998,199.0,0.0,0.0,26.0,0.0,167.0,0,"59 km ENE of Pedro Bay, Alaska",59 km ENE,"Pedro Bay, Alaska",intermediate,45.0,0,USGS-WEST,9,1785745095658,ml,reviewed,ak,0.21153846153846154
us6000thqm,4.0,90.365,-69.093,-20.2539,246.0,1.0,2.0,56.0,0.126,19.0,0,"59 km E of La Tirana, Chile",59 km E,"La Tirana, Chile",intermediate,50.0,0,CEA-12,13,1785740195537,mb,reviewed,us,0.28846153846153844
us6000thsv,3.8,10.0,176.2088,51.9369,222.0,0.0,0.0,197.0,1.425,28.0,0,"229 km ESE of Attu Station, Alaska",229 km ESE,"Attu Station, Alaska",shallow,47.5,0,CEA-12,14,1785737471809,mb,reviewed,us,0.24999999999999994
us6000thqj,4.3,71.54,142.5111,42.0238,284.0,0.0,0.0,88.0,0.481,44.0,0,"26 km WSW of Urakawa, Japan",26 km WSW,"Urakawa, Japan",intermediate,53.75,0,SCEDC-01,0,1785735017694,mb,reviewed,us,0.3461538461538461
us6000thqe,4.5,10.0,-69.6133,19.1944,323.0,31.0,3.8,68.0,0.46,136.0,0,"3 km S of Sánchez, Dominican Republic",3 km S,"Sánchez, Dominican Republic",shallow,56.25,0,SCEDC-01,10,1785733280270,mb,reviewed,us,0.3846153846153846
us6000thqf,4.9,10.0,104.7147,28.6312,369.0,0.0,0.0,43.0,7.354,116.0,0,"15 km SSE of Yibin, China",15 km SSE,"Yibin, China",shallow,61.25000000000001,0,,,1785733248365,mb,reviewed,us,0.46153846153846156
aka2026pfqgsd,2.5,7.5,-164.155,53.362,96.0,0.0,0.0,255.0,1.1,18.0,0,"137 km SE of Akutan, Alaska",137 km SE,"Akutan, Alaska",shallow,31.25,0,USGS-WEST,10,1785732724747,ml,reviewed,ak,0.0
us6000tht0,3.8,179.188,-174.4531,52.3557,222.0,0.0,0.0,113.0,0.123,41.0,0,"24 km NW of Atka, Alaska",24 km NW,"Atka, Alaska",intermediate,47.5,0,SCEDC-01,9,1785731550592,mb,reviewed,us,0.24999999999999994
uu80146951,3.12,0.47,-109.866666666667,41.5633333333333,150.0,0.0,0.0,114.0,0.113,25.0,0,"2 km NNW of Little America, Wyoming",2 km NNW,"Little America, Wyoming",shallow,39.0,0,USGS-WEST,15,1785731390120,ml,reviewed,uu,0.11923076923076925
aka2026pfpjlo,2.5,129.3,-151.012,63.063,96.0,0.0,0.0,40.0,0.5,70.0,0,"64 km SSE of Denali National Park, Alaska",64 km SSE,"Denali National Park, Alaska",intermediate,31.25,0,CEA-12,12,1785730826707,ml,reviewed,ak,0.0
us6000thw2,2.5,35.0,-165.1051,53.7047,96.0,0.0,0.0,209.0,0.537,17.0,0,"64 km SE of Akutan, Alaska",64 km SE,"Akutan, Alaska",shallow,31.25,0,USGS-WEST,6,1785730240864,ml,reviewed,us,0.0
ci40665434,2.52,11.15,-118.314,33.918,184.0,280.0,3.1,79.0,0.01125,110.0,0,"3 km N of Gardena, CA",3 km N,"Gardena, CA",shallow,31.5,0,,,1785729058910,ml,reviewed,ci,0.0038461538461538494
aka2026pfoabo,2.6,15.8,-169.333,52.331,104.0,0.0,0.0,280.0,0.5,12.0,0,"74 km SSW of Nikolski, Alaska",74 km SSW,"Nikolski, Alaska",shallow,32.5,0,PNSN-07,9,1785728375621,ml,reviewed,ak,0.019230769230769246
aka2026pfnykl,2.7,5.0,-137.173,63.144,112.0,0.0,0.0,181.0,2.0,16.0,0,"151 km SE of Dawson City, Canada",151 km SE,"Dawson City, Canada",shallow,33.75,0,PNSN-07,12,1785728234407,ml,reviewed,ak,0.03846153846153849
nc75410402,2.59,17.47,-124.378166666667,40.2948333333333,103.0,0.0,0.0,227.0,0.02795,35.0,0,"9 km WSW of Petrolia, CA",9 km WSW,"Petrolia, CA",shallow,32.375,0,USGS-WEST,0,1785727357840,md,reviewed,nc,0.01730769230769228
nc75410397,2.68,4.19,-120.86,35.5765,111.0,1.0,2.2,63.0,0.05996,69.0,0,"14 km WNW of Templeton, CA",14 km WNW,"Templeton, CA",shallow,33.5,0,PNSN-07,13,1785726838410,md,reviewed,nc,0.034615384615384645
us6000tiy0,4.3,10.0,104.6568,28.4656,284.0,0.0,0.0,152.0,7.513,21.0,0,"5 km WNW of Xunchang, China",5 km WNW,"Xunchang, China",shallow,53.75,0,PNSN-07,1,1785726719221,mb,reviewed,us,0.3461538461538461
us6000thvx,3.8,53.826,176.1899,51.7563,222.0,0.0,0.0,208.0,1.453,22.0,0,"238 km ESE of Attu Station, Alaska",238 km ESE,"Attu Station, Alaska",shallow,47.5,0,CEA-12,7,1785726288275,mb,reviewed,us,0.24999999999999994
us6000tixy,4.3,40.591,138.7572,-2.6837,284.0,0.0,0.0,73.0,1.951,23.0,0,"208 km W of Abepura, Indonesia",208 km W,"Abepura, Indonesia",shallow,53.75,0,PNSN-07,4,1785723864738,mb,reviewed,us,0.3461538461538461
us6000tixx,4.3,10.0,126.9878,10.7429,284.0,0.0,0.0,156.0,16.054,13.0,0,"128 km E of Sulangan, Philippines",128 km E,"Sulangan, Philippines",shallow,53.75,0,PNSN-07,9,1785723103713,mb,reviewed,us,0.3461538461538461
us6000thpt,5.2,123.99,-75.836,-8.6087,418.0,6.0,3.6,86.0,3.5,82.0,0,"71 km ESE of Uchiza, Peru",71 km ESE,"Uchiza, Peru",intermediate,65.0,1,PNSN-07,4,1785721344824,mww,reviewed,us,0.5192307692307693
us6000tht1,3.7,30.783,179.6902,51.231,211.0,0.0,0.0,228.0,0.285,38.0,0,"264 km WSW of Adak, Alaska",264 km WSW,"Adak, Alaska",shallow,46.25,0,PNSN-07,9,1785721317922,mb,reviewed,us,0.23076923076923078
us6000thps,4.3,573.88,-177.452,-19.2678,284.0,0.0,0.0,90.0,4.105,44.0,0,Fiji region,,Fiji region,deep,53.75,0,PNSN-07,12,1785720936242,mb,reviewed,us,0.3461538461538461
pr71527188,3.23,18.42,-64.9345,18.76,161.0,0.0,0.0,214.0,0.406,21.0,0,"46 km N of Charlotte Amalie, U.S. Virgin Islands",46 km N,"Charlotte Amalie, U.S. Virgin Islands",shallow,40.375,0,PNSN-07,5,1785719954340,md,reviewed,pr,0.14038461538461539
us6000thpi,2.7,10.483,-71.3733,46.7622,117.0,19.0,2.7,106.0,1.063,17.0,0,"3 km SSW of L'Ancienne-Lorette, Canada",3 km SSW,"L'Ancienne-Lorette, Canada",shallow,33.75,0,USGS-WEST,10,1785717197167,mb_lg,reviewed,us,0.03846153846153849
pr71527173,3.23,8.36,-67.5578333333333,18.8513333333333,161.0,0.0,0.0,201.0,0.4703,20.0,0,"62 km NW of San Antonio, Puerto Rico",62 km NW,"San Antonio, Puerto Rico",shallow,40.375,0,USGS-WEST,0,1785716957320,md,reviewed,pr,0.14038461538461539
pr71527163,3.11,54.94,-64.8813333333333,18.4491666666667,149.0,0.0,0.0,176.0,0.1198,5.0,0,"12 km NNE of Charlotte Amalie, U.S. Virgin Islands",12 km NNE,"Charlotte Amalie, U.S. Virgin Islands",shallow,38.875,0,USGS-WEST,5,1785715309780,md,reviewed,pr,0.11730769230769228
us6000thpb,5.0,10.0,32.6285,30.3456,585.0,427.0,4.7,40.0,2.124,106.0,0,"42 km NNE of Suez, Egypt",42 km NNE,"Suez, Egypt",shallow,62.5,1,USGS-WEST,15,1785715233315,mww,reviewed,us,0.4807692307692307
ci40665394,2.95,11.09,-115.860166666667,32.9625,134.0,2.0,2.2,30.0,0.05358,63.0,0,"24 km WSW of Westmorland, CA",24 km WSW,"Westmorland, CA",shallow,36.875,0,CEA-12,,1785714271970,ml,reviewed,ci,0.08653846153846156
us6000thp6,4.4,10.0,159.9256,51.264,298.0,0.0,0.0,159.0,1.929,37.0,0,"212 km SSE of Vilyuchinsk, Russia",212 km SSE,"Vilyuchinsk, Russia",shallow,55.00000000000001,0,SCEDC-01,2,1785713757347,mb,reviewed,us,0.3653846153846154
us6000thp0,4.5,67.847,125.3647,5.37,312.0,0.0,0.0,125.0,1.702,41.0,0,"11 km WSW of Sarangani, Philippines",11 km WSW,"Sarangani, Philippines",shallow,56.25,0,SCEDC-01,5,1785710917577,mb,reviewed,us,0.3846153846153846
us6000tinq,4.2,10.0,159.5128,51.1648,271.0,0.0,0.0,200.0,1.936,15.0,0,"210 km SSE of Vilyuchinsk, Russia",210 km SSE,"Vilyuchinsk, Russia",shallow,52.5,0,PNSN-07,7,1785710322089,mb,reviewed,us,0.3269230769230769
us6000tinp,4.0,10.0,159.76,51.1686,246.0,0.0,0.0,174.0,1.98,15.0,0,"217 km SSE of Vilyuchinsk, Russia",217 km SSE,"Vilyuchinsk, Russia",shallow,50.0,0,SCEDC-01,6,1785709434459,mb,reviewed,us,0.28846153846153844
us6000tinr,4.4,10.0,125.3526,10.287,298.0,0.0,0.0,116.0,3.204,20.0,0,"13 km ESE of Hinundayan, Philippines",13 km ESE,"Hinundayan, Philippines",shallow,55.00000000000001,0,CEA-12,14,1785709328633,mb,reviewed,us,0.3653846153846154
us6000tinn,4.4,45.095,98.9508,0.2025,298.0,0.0,0.0,133.0,1.757,26.0,0,"134 km ESE of Teluk Dalam, Indonesia",134 km ESE,"Teluk Dalam, Indonesia",shallow,55.00000000000001,0,USGS-WEST,2,1785708873788,mb,reviewed,us,0.3653846153846154
aka2026pfcyfv,2.5,1.2,-161.646,67.965,96.0,0.0,0.0,76.0,0.5,13.0,0,"52 km E of Red Dog Mine, Alaska",52 km E,"Red Dog Mine, Alaska",shallow,31.25,0,USGS-WEST,14,1785708460468,ml,reviewed,ak,0.0
us6000thnw,4.1,116.929,-69.2412,-31.3576,259.0,0.0,0.0,66.0,0.522,30.0,0,"17 km E of Calingasta, Argentina",17 km E,"Calingasta, Argentina",intermediate,51.24999999999999,0,SCEDC-01,10,1785708425204,mb,reviewed,us,0.3076923076923076
aka2026pfcuob,3.4,68.8,-157.164,56.656,178.0,0.0,0.0,150.0,0.6,155.0,0,"86 km ENE of Chignik, Alaska",86 km ENE,"Chignik, Alaska",shallow,42.5,0,PNSN-07,12,1785708206332,ml,reviewed,ak,0.17307692307692304
us6000tinm,4.0,19.476,82.6058,28.5389,246.0,0.0,0.0,173.0,9.486,22.0,0,"54 km NE of Tulsīpur, Nepal",54 km NE,"Tulsīpur, Nepal",shallow,50.0,0,PNSN-07,5,1785705736837,mb,reviewed,us,0.28846153846153844
us6000thng,4.3,140.357,-67.6577,-27.7343,284.0,0.0,0.0,130.0,2.424,23.0,0,"7 km SSW of Fiambalá, Argentina",7 km SSW,"Fiambalá, Argentina",intermediate,53.75,0,CEA-12,10,1785704010262,mb,reviewed,us,0.3461538461538461
us6000tivl,2.6,35.0,-168.4025,52.7291,104.0,0.0,0.0,224.0,0.367,21.0,0,"38 km SE of Nikolski, Alaska",38 km SE,"Nikolski, Alaska",shallow,32.5,0,PNSN-07,8,1785701330380,ml,reviewed,us,0.019230769230769246
us6000thna,4.5,35.0,147.0047,43.1737,312.0,0.0,0.0,134.0,3.068,95.0,0,"73 km SSE of Shikotan, Russia",73 km SSE,"Shikotan, Russia",shallow,56.25,0,PNSN-07,,1785700930849,mb,reviewed,us,0.3846153846153846
us6000tinl,4.2,10.0,104.644,28.5952,271.0,0.0,0.0,95.0,7.383,27.0,0,"14 km SE of Baixi, China",14 km SE,"Baixi, China",shallow,52.5,0,PNSN-07,6,1785700442212,mb,reviewed,us,0.3269230769230769
us6000tivk,2.8,28.86,-178.8989,51.3381,121.0,0.0,0.0,205.0,0.222,13.0,0,"167 km WSW of Adak, Alaska",167 km WSW,"Adak, Alaska",shallow,35.0,0,USGS-WEST,15,1785700198943,ml,reviewed,us,0.057692307692307654
us6000tink,4.3,10.0,104.5433,28.4435,284.0,0.0,0.0,154.0,7.525,24.0,0,"2 km ENE of Qingfu, China",2 km ENE,"Qingfu, China",shallow,53.75,0,,,1785698963669,mb,reviewed,us,0.3461538461538461
us6000tinj,4.5,10.0,-176.4003,-28.4122,312.0,0.0,0.0,89.0,1.577,15.0,0,Kermadec Islands region,,Kermadec Islands region,shallow,56.25,0,CEA-12,,1785696358631,mb,reviewed,us,0.3846153846153846
us6000thn1,4.3,10.0,176.2624,52.2109,284.0,0.0,0.0,159.0,1.41,49.0,0,"220 km ESE of Attu Station, Alaska",220 km ESE,"Attu Station, Alaska",shallow,53.75,0,PNSN-07,8,1785695493364,mb,reviewed,us,0.3461538461538461
us6000thn0,5.0,10.0,104.7446,28.5301,385.0,0.0,0.0,26.0,7.457,122.0,0,"8 km NNE of Xunchang, China",8 km NNE,"Xunchang, China",shallow,62.5,1,CEA-12,10,1785694905760,mww,reviewed,us,0.4807692307692307
us6000thmv,4.4,34.424,-77.1911,7.6498,298.0,0.0,0.0,95.0,1.45,35.0,0,"24 km NNW of Riosucio, Colombia",24 km NNW,"Riosucio, Colombia",shallow,55.00000000000001,0,CEA-12,9,1785690755137,mb,reviewed,us,0.3653846153846154
us6000thmt,4.3,140.288,-75.7595,-3.1069,284.0,0.0,0.0,100.0,3.485,17.0,0,"85 km ENE of Alianza Cristiana, Peru",85 km ENE,"Alianza Cristiana, Peru",intermediate,53.75,0,SCEDC-01,4,1785690584170,mb,reviewed,us,0.3461538461538461
us6000thmq,3.6,103.923,-161.9305,55.13,199.0,0.0,0.0,137.0,0.043,42.0,0,"25 km ENE of King Cove, Alaska",25 km ENE,"King Cove, Alaska",intermediate,45.0,0,CEA-12,6,1785688976886,mb,reviewed,us,0.21153846153846154
us6000thmm,4.1,10.0,176.3961,52.3037,259.0,0.0,0.0,155.0,1.348,44.0,0,"225 km ESE of Attu Station, Alaska",225 km ESE,"Attu Station, Alaska",shallow,51.24999999999999,0,SCEDC-01,13,1785688070154,mb,reviewed,us,0.3076923076923076
us6000thmn,4.7,10.575,126.0831,4.226,340.0,0.0,0.0,86.0,2.869,47.0,0,"147 km SSE of Sarangani, Philippines",147 km SSE,"Sarangani, Philippines",shallow,58.75,0,USGS-WEST,10,1785688018814,mb,reviewed,us,0.4230769230769231
us6000thmh,4.6,135.313,-85.9413,11.549,326.0,0.0,0.0,49.0,0.908,71.0,0,"7 km NW of Belén, Nicaragua",7 km NW,"Belén, Nicaragua",intermediate,57.49999999999999,0,CEA-12,14,1785686970414,mb,reviewed,us,0.40384615384615374
us6000tivc,2.8,10.0,-174.1338,51.4876,121.0,0.0,0.0,216.0,0.716,13.0,0,"78 km S of Atka, Alaska",78 km S,"Atka, Alaska",shallow,35.0,0,PNSN-07,7,1785686939800,ml,reviewed,us,0.057692307692307654
us6000thmd,5.0,10.0,-175.1319,-24.9401,385.0,0.0,0.0,124.0,9.568,40.0,0,south of Tonga,south,Tonga,shallow,62.5,1,CEA-12,0,1785684931146,mb,reviewed,us,0.4807692307692307
us6000thm9,4.8,58.692,142.9048,42.299,355.0,2.0,2.7,83.0,0.34,103.0,0,"18 km NNE of Urakawa, Japan",18 km NNE,"Urakawa, Japan",shallow,60.0,0,SCEDC-01,15,1785682187039,mb,reviewed,us,0.44230769230769224
us6000tinc,4.4,10.0,99.4762,35.563,298.0,0.0,0.0,144.0,3.454,24.0,0,"197 km SW of Xihai, China",197 km SW,"Xihai, China",shallow,55.00000000000001,0,CEA-12,6,1785681437031,mb,reviewed,us,0.3653846153846154
us6000thm7,4.9,10.0,99.3961,35.3877,369.0,0.0,0.0,91.0,3.546,59.0,0,"202 km NW of Oula Xiuma, China",202 km NW,"Oula Xiuma, China",shallow,61.25000000000001,0,PNSN-07,15,1785681103060,mb,reviewed,us,0.46153846153846156
us6000thm6,4.6,10.0,121.1954,-8.3793,326.0,0.0,0.0,83.0,3.327,27.0,0,"72 km NW of Ende, Indonesia",72 km NW,"Ende, Indonesia",shallow,57.49999999999999,0,USGS-WEST,14,1785680256726,mb,reviewed,us,0.40384615384615374
us6000thm3,3.1,10.0,-148.7275,56.3928,148.0,0.0,0.0,203.0,2.524,30.0,0,"255 km ESE of Chiniak, Alaska",255 km ESE,"Chiniak, Alaska",shallow,38.75,0,CEA-12,3,1785677295533,ml,reviewed,us,0.11538461538461539
us6000thm1,5.1,10.0,-111.2632,27.2104,400.0,0.0,0.0,126.0,1.824,63.0,0,"79 km ENE of Mulegé, Mexico",79 km ENE,"Mulegé, Mexico",shallow,63.74999999999999,1,CEA-12,5,1785676246579,mww,reviewed,us,0.4999999999999999
us6000tina,4.1,158.642,98.9984,2.576,259.0,0.0,0.0,68.0,0.14,22.0,0,"11 km SE of Parapat, Indonesia",11 km SE,"Parapat, Indonesia",intermediate,51.24999999999999,0,SCEDC-01,6,1785675979694,mb,reviewed,us,0.3076923076923076
nc75410062,3.36,3.44,-121.181666666667,36.5786666666667,181.0,19.0,3.9,56.0,0.007574,85.0,0,"6 km NNW of Pinnacles, CA",6 km NNW,"Pinnacles, CA",shallow,42.0,0,USGS-WEST,,1785674217210,ml,reviewed,nc,0.16538461538461535
us6000tin9,4.6,10.0,-175.2185,-24.7508,326.0,0.0,0.0,124.0,9.376,21.0,0,south of Tonga,south,Tonga,shallow,57.49999999999999,0,SCEDC-01,10,1785674210788,mb,reviewed,us,0.40384615384615374
us6000thly,5.3,10.0,-12.2406,-3.2242,432.0,0.0,0.0,29.0,5.131,104.0,0,north of Ascension Island,north,Ascension Island,shallow,66.25,1,PNSN-07,4,1785671552671,mb,reviewed,us,0.5384615384615384
us6000thlj,5.3,10.0,-175.0368,-23.6117,432.0,0.0,0.0,33.0,6.18,74.0,0,"251 km S of ‘Ohonua, Tonga",251 km S,"‘Ohonua, Tonga",shallow,66.25,1,PNSN-07,6,1785666854336,mb,reviewed,us,0.5384615384615384
us6000tin5,4.5,10.0,-175.9373,-25.1457,312.0,0.0,0.0,207.0,9.247,18.0,0,south of Tonga,south,Tonga,shallow,56.25,0,PNSN-07,5,1785665778837,mb,reviewed,us,0.3846153846153846
us6000tin4,4.3,61.951,128.5322,27.4479,284.0,0.0,0.0,52.0,0.652,47.0,0,"13 km NNW of China, Japan",13 km NNW,"China, Japan",shallow,53.75,0,SCEDC-01,5,1785665436633,mb,reviewed,us,0.3461538461538461
us6000thlf,4.6,10.0,130.6919,32.3966,326.0,2.0,2.7,130.0,0.908,31.0,0,"14 km SE of Honmachi, Japan",14 km SE,"Honmachi, Japan",shallow,57.49999999999999,0,PNSN-07,15,1785664808813,mb,reviewed,us,0.40384615384615374
us6000thlb,5.0,10.0,-12.1915,-3.3087,385.0,0.0,0.0,73.0,5.075,58.0,0,north of Ascension Island,north,Ascension Island,shallow,62.5,1,,,1785662231170,mb,reviewed,us,0.4807692307692307
us6000tirg,2.8,10.0,-163.2611,53.5268,121.0,0.0,0.0,212.0,1.156,27.0,0,"148 km S of False Pass, Alaska",148 km S,"False Pass, Alaska",shallow,35.0,0,PNSN-07,10,1785661925555,ml,reviewed,us,0.057692307692307654
aka2026pecwkt,3.6,5.0,-158.647,56.427,200.0,2.0,4.1,65.0,0.1,134.0,0,"15 km NNW of Chignik Lagoon, Alaska",15 km NNW,"Chignik Lagoon, Alaska",shallow,45.0,0,,,1785661557878,ml,reviewed,ak,0.21153846153846154
us6000thl6,4.5,167.674,-67.1048,-24.2872,312.0,0.0,0.0,94.0,1.654,26.0,0,"80 km W of San Antonio de los Cobres, Argentina",80 km W,"San Antonio de los Cobres, Argentina",intermediate,56.25,0,PNSN-07,,1785660592218,mb,reviewed,us,0.3846153846153846
us6000thl3,5.6,53.374,178.1622,-37.5922,494.0,24.0,4.7,46.0,0.119,68.0,0,"12 km W of Hicks Bay, New Zealand",12 km W,"Hicks Bay, New Zealand",shallow,70.0,1,,,1785659727743,mww,reviewed,us,0.596153846153846
us6000thl2,4.9,42.04,156.3251,49.2847,369.0,0.0,0.0,135.0,4.019,72.0,0,"155 km S of Severo-Kuril’sk, Russia",155 km S,"Severo-Kuril’sk, Russia",shallow,61.25000000000001,0,PNSN-07,15,1785658926843,mb,reviewed,us,0.46153846153846156
us6000thl7,3.9,10.0,176.2896,52.0283,234.0,0.0,0.0,190.0,1.376,29.0,0,"229 km ESE of Attu Station, Alaska",229 km ESE,"Attu Station, Alaska",shallow,48.75,0,PNSN-07,11,1785658750499,mb,reviewed,us,0.2692307692307692
us6000tin1,4.5,10.0,-108.5917,-27.0583,312.0,0.0,0.0,97.0,0.666,27.0,0,"83 km E of Hanga Roa, Chile",83 km E,"Hanga Roa, Chile",shallow,56.25,0,PNSN-07,3,1785657892927,mb,reviewed,us,0.3846153846153846
us6000tirf,3.5,241.843,-174.4178,52.4114,188.0,0.0,0.0,124.0,0.112,23.0,0,"28 km NNW of Atka, Alaska",28 km NNW,"Atka, Alaska",intermediate,43.75,0,CEA-12,,1785657206405,mb,reviewed,us,0.1923076923076923
aka2026peainn,2.5,12.1,-169.491,52.254,96.0,0.0,0.0,287.0,0.6,15.0,0,"87 km SSW of Nikolski, Alaska",87 km SSW,"Nikolski, Alaska",shallow,31.25,0,,,1785656999498,ml,reviewed,ak,0.0
us6000tin0,4.4,10.0,-60.5302,14.0621,298.0,0.0,0.0,100.0,1.314,43.0,0,"42 km ENE of Dennery, Saint Lucia",42 km ENE,"Dennery, Saint Lucia",shallow,55.00000000000001,0,CEA-12,14,1785654268285,mb,reviewed,us,0.3653846153846154
aka2026pdypwo,3.4,79.0,-151.687,60.622,180.0,8.0,2.9,37.0,0.2,205.0,0,"20 km W of Salamatof, Alaska",20 km W,"Salamatof, Alaska",intermediate,42.5,0,CEA-12,12,1785653909860,ml,reviewed,ak,0.17307692307692304
us6000timz,4.3,21.508,125.2948,5.4051,284.0,0.0,0.0,190.0,1.678,17.0,0,"18 km W of Sarangani, Philippines",18 km W,"Sarangani, Philippines",shallow,53.75,0,SCEDC-01,3,1785653625773,mb,reviewed,us,0.3461538461538461
us6000tirb,2.9,10.868,178.1296,51.251,129.0,0.0,0.0,222.0,0.735,17.0,0,"Rat Islands, Aleutian Islands, Alaska",,"Rat Islands, Aleutian Islands, Alaska",shallow,36.25,0,PNSN-07,15,1785652969689,ml,reviewed,us,0.0769230769230769
hv75011712,2.74,8.24,-155.233,18.8355,116.0,0.0,0.0,267.0,0.385,31.0,0,"44 km SE of Naalehu, Hawaii",44 km SE,"Naalehu, Hawaii",shallow,34.25,0,PNSN-07,,1785652215960,ml,reviewed,hv,0.04615384615384619
us6000timv,4.5,10.0,-176.3083,-23.4417,312.0,0.0,0.0,123.0,34.525,20.0,0,"271 km SSW of ‘Ohonua, Tonga",271 km SSW,"‘Ohonua, Tonga",shallow,56.25,0,PNSN-07,9,1785651341996,mb,reviewed,us,0.3846153846153846
us6000timw,4.4,46.39,-177.6343,-29.6232,298.0,0.0,0.0,213.0,0.456,11.0,0,"Kermadec Islands, New Zealand",,"Kermadec Islands, New Zealand",shallow,55.00000000000001,0,PNSN-07,3,1785651255466,mb,reviewed,us,0.3653846153846154
pr71527088,3.16,99.81,-67.2018333333333,18.2618333333333,154.0,0.0,0.0,222.0,0.0702,13.0,0,"3 km SSW of La Playa, Puerto Rico",3 km SSW,"La Playa, Puerto Rico",intermediate,39.5,0,SCEDC-01,3,1785650374020,md,reviewed,pr,0.12692307692307694
us6000thki,4.8,10.0,143.6372,-6.5232,354.0,0.0,0.0,103.0,4.513,45.0,0,"41 km S of Mendi, Papua New Guinea",41 km S,"Mendi, Papua New Guinea",shallow,60.0,0,USGS-WEST,0,1785649138072,mb,reviewed,us,0.44230769230769224
us6000thkg,4.8,48.984,-173.4424,51.625,354.0,0.0,0.0,135.0,0.743,93.0,0,"82 km SE of Atka, Alaska",82 km SE,"Atka, Alaska",shallow,60.0,0,PNSN-07,9,1785647920623,mb,reviewed,us,0.44230769230769224
us6000tinw,4.3,10.0,147.1236,14.6668,284.0,0.0,0.0,153.0,1.405,14.0,0,"159 km ESE of Saipan, Northern Mariana Islands",159 km ESE,"Saipan, Northern Mariana Islands",shallow,53.75,0,PNSN-07,0,1785647588518,mb,reviewed,us,0.3461538461538461
us6000timu,4.4,36.446,138.9669,-2.6255,298.0,0.0,0.0,111.0,1.738,23.0,0,"185 km W of Abepura, Indonesia",185 km W,"Abepura, Indonesia",shallow,55.00000000000001,0,CEA-12,3,1785647448935,mb,reviewed,us,0.3653846153846154
aka2026pdudch,2.8,9.9,-135.541,67.417,121.0,0.0,0.0,163.0,1.2,16.0,0,"130 km SW of Inuvik, Canada",130 km SW,"Inuvik, Canada",shallow,35.0,0,PNSN-07,9,1785645817429,ml,reviewed,ak,0.057692307692307654
pr71527073,3.15,34.22,-64.9296666666667,18.7281666666667,153.0,0.0,0.0,221.0,0.3746,6.0,0,"42 km N of Charlotte Amalie, U.S. Virgin Islands",42 km N,"Charlotte Amalie, U.S. Virgin Islands",shallow,39.375,0,PNSN-07,0,1785644321270,md,reviewed,pr,0.12499999999999997
us6000tipl,2.8,35.0,-173.2618,51.4903,121.0,0.0,0.0,217.0,0.919,17.0,0,"101 km SE of Atka, Alaska",101 km SE,"Atka, Alaska",shallow,35.0,0,CEA-12,1,1785641064563,ml,reviewed,us,0.057692307692307654
us6000timq,4.2,10.0,49.5487,31.6629,271.0,0.0,0.0,237.0,4.627,17.0,0,"38 km SE of Masjed Soleymān, Iran",38 km SE,"Masjed Soleymān, Iran",shallow,52.5,0,PNSN-07,9,1785641018892,mb,reviewed,us,0.3269230769230769
us6000thk4,4.5,10.0,-68.6809,10.589,320.0,20.0,4.1,86.0,0.799,37.0,0,"1 km SW of Yumare, Venezuela",1 km SW,"Yumare, Venezuela",shallow,56.25,0,PNSN-07,7,1785640604955,mb,reviewed,us,0.3846153846153846
pr71527063,2.57,13.99,-64.932,18.7536666666667,102.0,0.0,0.0,219.0,0.3998,8.0,0,"45 km N of Charlotte Amalie, U.S. Virgin Islands",45 km N,"Charlotte Amalie, U.S. Virgin Islands",shallow,32.125,0,PNSN-07,9,1785640595460,md,reviewed,pr,0.013461538461538431
us6000thk5,4.3,10.0,91.4797,33.5607,284.0,0.0,0.0,122.0,10.33,39.0,0,"237 km NNW of Nagqu, China",237 km NNW,"Nagqu, China",shallow,53.75,0,CEA-12,4,1785640536892,mb,reviewed,us,0.3461538461538461
us6000tipf,2.8,10.0,-163.2638,53.5174,121.0,0.0,0.0,221.0,1.164,26.0,0,"149 km S of False Pass, Alaska",149 km S,"False Pass, Alaska",shallow,35.0,0,PNSN-07,3,1785637362652,ml,reviewed,us,0.057692307692307654
pr71527053,2.94,17.55,-64.9268333333333,18.7695,133.0,0.0,0.0,216.0,0.4158,19.0,0,"47 km N of Charlotte Amalie, U.S. Virgin Islands",47 km N,"Charlotte Amalie, U.S. Virgin Islands",shallow,36.75,0,PNSN-07,11,1785636464130,md,reviewed,pr,0.0846153846153846
aka2026pdoaig,2.6,13.0,-169.44,52.091,104.0,0.0,0.0,294.0,0.7,15.0,0,"102 km SSW of Nikolski, Alaska",102 km SSW,"Nikolski, Alaska",shallow,32.5,0,SCEDC-01,14,1785634838381,ml,reviewed,ak,0.019230769230769246
pr71527038,3.34,14.42,-64.3385,19.035,172.0,0.0,0.0,293.0,0.5452,17.0,0,"91 km NNE of Cruz Bay, U.S. Virgin Islands",91 km NNE,"Cruz Bay, U.S. Virgin Islands",shallow,41.75,0,PNSN-07,,1785634739160,md,reviewed,pr,0.1615384615384615
us6000timk,4.2,63.425,141.3539,37.6016,271.0,0.0,0.0,211.0,2.728,15.0,0,"33 km E of Minami-Sōma, Japan",33 km E,"Minami-Sōma, Japan",shallow,52.5,0,PNSN-07,12,1785634725243,mb,reviewed,us,0.3269230769230769
us6000thjv,4.2,10.0,56.6209,27.6358,271.0,0.0,0.0,144.0,2.705,33.0,0,"60 km NE of Bandar Abbas, Iran",60 km NE,"Bandar Abbas, Iran",shallow,52.5,0,SCEDC-01,0,1785634625718,mb,reviewed,us,0.3269230769230769
pr71527023,3.14,20.65,-64.9425,18.7155,152.0,0.0,0.0,209.0,0.3614,24.0,0,"41 km N of Charlotte Amalie, U.S. Virgin Islands",41 km N,"Charlotte Amalie, U.S. Virgin Islands",shallow,39.25,0,,,1785634459500,md,reviewed,pr,0.1230769230769231
us6000thjs,4.4,23.601,-71.9983,-33.5301,298.0,1.0,2.0,140.0,0.345,40.0,0,"36 km W of Cartagena, Chile",36 km W,"Cartagena, Chile",shallow,55.00000000000001,0,PNSN-07,4,1785633698828,mwr,reviewed,us,0.3653846153846154
us6000timl,4.0,539.392,-178.2554,-20.8247,246.0,0.0,0.0,165.0,4.641,21.0,0,Fiji region,,Fiji region,deep,50.0,0,SCEDC-01,11,1785633672862,mb,reviewed,us,0.28846153846153844
us6000thjm,4.7,46.52,142.6163,40.2093,340.0,0.0,0.0,134.0,1.317,79.0,0,"68 km E of Noda, Japan",68 km E,"Noda, Japan",shallow,58.75,0,PNSN-07,7,1785631538699,mww,reviewed,us,0.4230769230769231
hv75011622,2.75,21.25,-155.534,18.772,116.0,0.0,0.0,290.0,0.2421,43.0,0,"33 km S of Naalehu, Hawaii",33 km S,"Naalehu, Hawaii",shallow,34.375,0,PNSN-07,0,1785631439550,ml,reviewed,hv,0.04807692307692307
pr71527013,3.02,17.54,-64.9281666666667,18.7818333333333,140.0,0.0,0.0,228.0,0.428,7.0,0,"48 km N of Charlotte Amalie, U.S. Virgin Islands",48 km N,"Charlotte Amalie, U.S. Virgin Islands",shallow,37.75,0,USGS-WEST,,1785631318800,md,reviewed,pr,0.1
pr71527003,2.68,17.27,-66.9411666666667,18.166,110.0,0.0,0.0,72.0,0.1306,21.0,0,"4 km ESE of Maricao, Puerto Rico",4 km ESE,"Maricao, Puerto Rico",shallow,33.5,0,USGS-WEST,10,1785631076400,md,reviewed,pr,0.034615384615384645
us6000thj5,5.1,92.38,155.2385,49.7284,400.0,0.0,0.0,45.0,10.198,114.0,0,"122 km SSW of Severo-Kuril’sk, Russia",122 km SSW,"Severo-Kuril’sk, Russia",intermediate,63.74999999999999,1,USGS-WEST,11,1785629619721,mww,reviewed,us,0.4999999999999999
us6000tht2,3.3,35.0,-173.8329,51.8021,168.0,0.0,0.0,203.0,0.459,43.0,0,"50 km SSE of Atka, Alaska",50 km SSE,"Atka, Alaska",shallow,41.25,0,CEA-12,9,1785628762002,mb,reviewed,us,0.1538461538461538
us6000thj0,4.2,80.749,-92.6917,15.1075,271.0,0.0,0.0,206.0,3.064,25.0,0,"7 km S of El Arenal, Mexico",7 km S,"El Arenal, Mexico",intermediate,52.5,0,PNSN-07,8,1785627597284,mb,reviewed,us,0.3269230769230769
us6000thit,4.4,35.0,-93.4256,14.4739,298.0,0.0,0.0,189.0,3.581,48.0,0,"109 km SW of El Arenal, Mexico",109 km SW,"El Arenal, Mexico",shallow,55.00000000000001,0,USGS-WEST,13,1785627326453,mb,reviewed,us,0.3653846153846154
us6000tim9,4.3,10.0,158.1963,49.2089,284.0,0.0,0.0,136.0,3.83,30.0,0,"220 km SE of Severo-Kuril’sk, Russia",220 km SE,"Severo-Kuril’sk, Russia",shallow,53.75,0,USGS-WEST,5,1785626599218,mb,reviewed,us,0.3461538461538461
us6000thin,4.3,35.0,-92.9863,14.4036,284.0,0.0,0.0,205.0,3.15,27.0,0,"70 km WSW of Puerto Madero, Mexico",70 km WSW,"Puerto Madero, Mexico",shallow,53.75,0,PNSN-07,3,1785626561576,mb,reviewed,us,0.3461538461538461
pr71526998,2.51,15.19,-64.9056666666667,18.7733333333333,97.0,0.0,0.0,293.0,0.4215,3.0,0,"47 km N of Charlotte Amalie, U.S. Virgin Islands",47 km N,"Charlotte Amalie, U.S. Virgin Islands",shallow,31.374999999999996,0,PNSN-07,5,1785625926640,md,reviewed,pr,0.001923076923076882
us6000thii,4.9,35.0,-173.5095,51.5522,369.0,0.0,0.0,138.0,0.778,95.0,0,"86 km SSE of Atka, Alaska",86 km SSE,"Atka, Alaska",shallow,61.25000000000001,0,SCEDC-01,15,1785625623593,mb,reviewed,us,0.46153846153846156
nc75409887,2.73,6.33,-118.289166666667,37.2676666666667,115.0,0.0,0.0,83.0,0.03727,32.0,0,"9 km E of Wilkerson, CA",9 km E,"Wilkerson, CA",shallow,34.125,0,,,1785625109510,md,reviewed,nc,0.044230769230769226
us6000tii1,2.5,10.0,179.8577,51.2029,96.0,0.0,0.0,224.0,0.391,15.0,0,"254 km WSW of Adak, Alaska",254 km WSW,"Adak, Alaska",shallow,31.25,0,PNSN-07,15,1785624962831,ml,reviewed,us,0.0
us6000tim8,4.8,10.0,-175.2289,-24.6267,354.0,0.0,0.0,165.0,9.28,20.0,0,south of Tonga,south,Tonga,shallow,60.0,0,SCEDC-01,8,1785624900375,mb,reviewed,us,0.44230769230769224
us6000thid,4.4,531.582,-178.0831,-20.2858,298.0,0.0,0.0,122.0,4.444,44.0,0,Fiji region,,Fiji region,deep,55.00000000000001,0,SCEDC-01,3,1785623380161,mb,reviewed,us,0.3653846153846154
hv75011592,2.52,12.27,-154.942833333333,20.0285,98.0,0.0,0.0,291.0,0.3371,18.0,0,"25 km NE of Honomu, Hawaii",25 km NE,"Honomu, Hawaii",shallow,31.5,0,PNSN-07,11,1785620437500,ml,reviewed,hv,0.0038461538461538494
us6000thi4,4.5,10.0,138.9391,-2.6266,312.0,0.0,0.0,87.0,1.766,26.0,0,"188 km W of Abepura, Indonesia",188 km W,"Abepura, Indonesia",shallow,56.25,0,SCEDC-01,3,1785619567206,mb,reviewed,us,0.3846153846153846
aka2026pddzte,2.6,95.3,-152.282,60.208,104.0,0.0,0.0,32.0,0.3,88.0,0,"38 km WNW of Ninilchik, Alaska",38 km WNW,"Ninilchik, Alaska",intermediate,32.5,0,PNSN-07,,1785616805983,ml,reviewed,ak,0.019230769230769246
pr71526963,3.37,7.0,-64.937,18.7776666666667,175.0,0.0,0.0,222.0,0.4234,12.0,0,"48 km N of Charlotte Amalie, U.S. Virgin Islands",48 km N,"Charlotte Amalie, U.S. Virgin Islands",shallow,42.125,0,USGS-WEST,0,1785616667680,md,reviewed,pr,0.16730769230769232
us6000tima,4.1,10.0,44.5123,35.3201,259.0,0.0,0.0,144.0,0.841,44.0,0,"19 km SSE of Kirkuk, Iraq",19 km SSE,"Kirkuk, Iraq",shallow,51.24999999999999,0,PNSN-07,5,1785616148290,mb,reviewed,us,0.3076923076923076
us6000thht,4.4,10.0,44.5765,35.2431,298.0,1.0,3.4,86.0,0.826,82.0,0,"30 km SE of Kirkuk, Iraq",30 km SE,"Kirkuk, Iraq",shallow,55.00000000000001,0,USGS-WEST,11,1785616055947,mb,reviewed,us,0.3653846153846154
pr71526988,3.01,17.25,-64.9308333333333,18.747,139.0,1.0,0.0,215.0,0.3932,17.0,0,"44 km N of Charlotte Amalie, U.S. Virgin Islands",44 km N,"Charlotte Amalie, U.S. Virgin Islands",shallow,37.625,0,,,1785614908050,md,reviewed,pr,0.09807692307692303
us6000tihy,3.3,10.0,176.2268,51.7164,168.0,0.0,0.0,209.0,1.436,11.0,0,"242 km ESE of Attu Station, Alaska",242 km ESE,"Attu Station, Alaska",shallow,41.25,0,PNSN-07,1,1785614901188,ml,reviewed,us,0.1538461538461538
us6000tim2,4.1,56.089,126.4682,2.804,259.0,0.0,0.0,115.0,8.046,24.0,0,"208 km NW of Tobelo, Indonesia",208 km NW,"Tobelo, Indonesia",shallow,51.24999999999999,0,PNSN-07,3,1785614888844,mb,reviewed,us,0.3076923076923076
us6000thhr,5.2,56.61,155.2981,49.3423,416.0,0.0,0.0,124.0,4.246,84.0,0,"159 km SSW of Severo-Kuril’sk, Russia",159 km SSW,"Severo-Kuril’sk, Russia",shallow,65.0,1,CEA-12,12,1785614567387,mww,reviewed,us,0.5192307692307693
us6000tihx,3.7,10.0,176.2309,51.8878,211.0,0.0,0.0,199.0,1.414,21.0,0,"233 km ESE of Attu Station, Alaska",233 km ESE,"Attu Station, Alaska",shallow,46.25,0,PNSN-07,4,1785614462630,mb,reviewed,us,0.23076923076923078
pr2026213000,4.07,19.0,-64.9225,18.7861,258.0,10.0,3.4,218.0,0.4346,28.0,0,"49 km N of Charlotte Amalie, U.S. Virgin Islands",49 km N,"Charlotte Amalie, U.S. Virgin Islands",shallow,50.875,0,PNSN-07,3,1785614441590,md,reviewed,pr,0.30192307692307696
us6000tihv,3.2,35.0,-176.8848,51.2835,158.0,0.0,0.0,213.0,0.526,26.0,0,"67 km SSW of Adak, Alaska",67 km SSW,"Adak, Alaska",shallow,40.0,0,USGS-WEST,14,1785612716941,ml,reviewed,us,0.13461538461538464
us6000thhk,5.3,35.0,131.9561,32.0214,432.0,1.0,2.7,80.0,1.379,97.0,0,"44 km SE of Tsunō, Japan",44 km SE,"Tsunō, Japan",shallow,66.25,1,CEA-12,0,1785611453802,mww,reviewed,us,0.5384615384615384
us6000thhj,4.3,41.096,125.8721,10.6831,284.0,0.0,0.0,123.0,3.602,54.0,0,"28 km S of Sulangan, Philippines",28 km S,"Sulangan, Philippines",shallow,53.75,0,CEA-12,,1785610798340,mb,reviewed,us,0.3461538461538461
aka2026pczsck,2.6,60.1,-150.906,60.792,104.0,1.0,1.0,42.0,0.1,98.0,0,"18 km SW of Point Possession, Alaska",18 km SW,"Point Possession, Alaska",shallow,32.5,0,USGS-WEST,13,1785609081541,ml,reviewed,ak,0.019230769230769246
us6000tim0,4.2,37.109,143.8951,12.4943,271.0,0.0,0.0,81.0,1.444,29.0,0,"119 km SW of Merizo Village, Guam",119 km SW,"Merizo Village, Guam",shallow,52.5,0,USGS-WEST,8,1785608701262,mb,reviewed,us,0.3269230769230769
us6000thhe,4.4,10.0,130.2218,-2.7767,298.0,0.0,0.0,64.0,1.763,39.0,0,"150 km ENE of Masohi, Indonesia",150 km ENE,"Masohi, Indonesia",shallow,55.00000000000001,0,SCEDC-01,1,1785605401453,mb,reviewed,us,0.3653846153846154
ci40664738,3.22,8.18,-116.322,33.9781666666667,172.0,46.0,2.7,31.0,0.08123,85.0,0,"17 km E of Desert Hot Springs, CA",17 km E,"Desert Hot Springs, CA",shallow,40.25,0,PNSN-07,6,1785603066380,ml,reviewed,ci,0.1384615384615385
us6000tihd,3.8,42.141,176.0285,51.5734,222.0,0.0,0.0,220.0,1.588,42.0,0,"240 km SE of Attu Station, Alaska",240 km SE,"Attu Station, Alaska",shallow,47.5,0,USGS-WEST,4,1785602156220,mb,reviewed,us,0.24999999999999994
us6000tih6,2.7,35.0,-160.1501,54.3331,112.0,0.0,0.0,264.0,1.288,16.0,0,"113 km SSE of Sand Point, Alaska",113 km SSE,"Sand Point, Alaska",shallow,33.75,0,SCEDC-01,,1785600487344,ml,reviewed,us,0.03846153846153849
us6000thgz,4.6,10.0,130.4701,32.4796,326.0,1.0,2.7,108.0,0.729,85.0,0,"12 km WSW of Honmachi, Japan",12 km WSW,"Honmachi, Japan",shallow,57.49999999999999,0,USGS-WEST,4,1785600441868,mb,reviewed,us,0.40384615384615374
us6000thgx,5.1,78.182,-176.9632,-24.3891,400.0,0.0,0.0,77.0,4.913,168.0,0,south of the Fiji Islands,south,the Fiji Islands,intermediate,63.74999999999999,1,SCEDC-01,9,1785599472182,mww,reviewed,us,0.4999999999999999
aka2026pctvdm,2.5,14.5,-159.854,54.492,96.0,0.0,0.0,278.0,1.3,15.0,0,"102 km SSE of Sand Point, Alaska",102 km SSE,"Sand Point, Alaska",shallow,31.25,0,USGS-WEST,0,1785598491829,ml,reviewed,ak,0.0
us6000tily,4.4,8.549,126.554,6.8125,298.0,0.0,0.0,38.0,1.001,48.0,0,"25 km ESE of Bobon, Philippines",25 km ESE,"Bobon, Philippines",shallow,55.00000000000001,0,,,1785597227467,mb,reviewed,us,0.3653846153846154
us6000thgp,4.1,153.742,129.663,-6.8006,259.0,0.0,0.0,85.0,2.276,23.0,0,Banda Sea,,Banda Sea,intermediate,51.24999999999999,0,PNSN-07,0,1785594912461,mb,reviewed,us,0.3076923076923076
us6000tilw,4.6,8.133,178.5317,-16.3231,326.0,0.0,0.0,109.0,0.82,23.0,0,"89 km W of Labasa, Fiji",89 km W,"Labasa, Fiji",shallow,57.49999999999999,0,PNSN-07,1,1785594613142,mb,reviewed,us,0.40384615384615374
us6000tilv,4.5,112.086,-175.115,-20.0389,312.0,0.0,0.0,106.0,4.985,27.0,0,"83 km WSW of Pangai, Tonga",83 km WSW,"Pangai, Tonga",intermediate,56.25,0,PNSN-07,2,1785593688877,mb,reviewed,us,0.3846153846153846
us6000tigt,3.0,30.269,-165.6261,53.2112,138.0,0.0,0.0,215.0,0.899,34.0,0,"95 km SE of Unalaska, Alaska",95 km SE,"Unalaska, Alaska",shallow,37.5,0,PNSN-07,,1785593639568,ml,reviewed,us,0.09615384615384615
us6000tigs,2.7,21.953,-160.3419,55.1916,112.0,0.0,0.0,195.0,0.834,37.0,0,"18 km SSE of Sand Point, Alaska",18 km SSE,"Sand Point, Alaska",shallow,33.75,0,USGS-WEST,2,1785593545446,ml,reviewed,us,0.03846153846153849
us6000tilu,4.2,10.0,125.1448,4.8637,271.0,0.0,0.0,146.0,2.234,18.0,0,"69 km SSW of Sarangani, Philippines",69 km SSW,"Sarangani, Philippines",shallow,52.5,0,PNSN-07,5,1785590257129,mb,reviewed,us,0.3269230769230769
us6000thgi,4.1,10.0,-129.2929,49.6572,259.0,0.0,0.0,184.0,1.235,33.0,0,"188 km SW of Port McNeill, Canada",188 km SW,"Port McNeill, Canada",shallow,51.24999999999999,0,SCEDC-01,8,1785589074694,mb,reviewed,us,0.3076923076923076
us6000thgg,4.9,10.0,130.5789,32.654,369.0,0.0,0.0,101.0,1.146,70.0,0,"8 km W of Matsubase, Japan",8 km W,"Matsubase, Japan",shallow,61.25000000000001,0,PNSN-07,7,1785588443360,mb,reviewed,us,0.46153846153846156
us6000thgf,4.5,10.0,130.8088,-3.2875,312.0,0.0,0.0,78.0,1.484,33.0,0,"170 km WSW of Fakfak, Indonesia",170 km WSW,"Fakfak, Indonesia",shallow,56.25,0,,,1785587449350,mb,reviewed,us,0.3846153846153846
us6000thgc,4.5,10.0,130.2762,-2.8888,312.0,0.0,0.0,92.0,1.664,28.0,0,"152 km ENE of Masohi, Indonesia",152 km ENE,"Masohi, Indonesia",shallow,56.25,0,USGS-WEST,0,1785586327612,mb,reviewed,us,0.3846153846153846
nc75409602,2.68,4.09999990463257,-122.935501098633,38.7761650085449,112.0,5.0,3.4,31.0,0.06242,69.0,0,"8 km ESE of Cloverdale, CA",8 km ESE,"Cloverdale, CA",shallow,33.5,0,CEA-12,9,1785585040700,md,automatic,nc,0.034615384615384645
aka2026pclxzr,3.0,96.5,-151.708,61.681,139.0,1.0,1.0,22.0,0.2,140.0,0,"38 km SSW of Skwentna, Alaska",38 km SSW,"Skwentna, Alaska",intermediate,37.5,0,PNSN-07,1,1785584301927,ml,reviewed,ak,0.09615384615384615
aka2026pclwxk,2.7,14.7,-148.31,62.488,112.0,0.0,0.0,29.0,0.7,96.0,0,"77 km N of Chickaloon, Alaska",77 km N,"Chickaloon, Alaska",shallow,33.75,0,USGS-WEST,7,1785584224742,ml,reviewed,ak,0.03846153846153849
nc75409587,2.76,6.30000019073486,-122.947830200195,38.7716674804688,120.0,9.0,3.4,38.0,0.05246,77.0,0,"7 km ESE of Cloverdale, CA",7 km ESE,"Cloverdale, CA",shallow,34.5,0,PNSN-07,13,1785584126220,md,automatic,nc,0.049999999999999954
us6000tilt,4.7,10.0,-15.9417,-39.3144,340.0,0.0,0.0,70.0,3.632,17.0,0,Tristan da Cunha region,,Tristan da Cunha region,shallow,58.75,0,SCEDC-01,13,1785582783962,mb,reviewed,us,0.4230769230769231
us6000thg5,5.2,10.0,-15.8701,-39.4578,416.0,0.0,0.0,65.0,3.677,38.0,0,Tristan da Cunha region,,Tristan da Cunha region,shallow,65.0,1,SCEDC-01,9,1785582440193,mb,reviewed,us,0.5192307692307693
aka2026pcjfnm,2.5,2.0,-176.986,51.173,96.0,0.0,0.0,231.0,0.6,24.0,0,"81 km SSW of Adak, Alaska",81 km SSW,"Adak, Alaska",shallow,31.25,0,PNSN-07,1,1785579422869,ml,reviewed,ak,0.0
tx2026ozyipl,2.8,8.3252,-101.678,31.729,121.0,0.0,0.0,61.0,0.1,56.0,0,"23 km SW of Garden City, Texas",23 km SW,"Garden City, Texas",shallow,35.0,0,SCEDC-01,3,1785579373074,ml,reviewed,tx,0.057692307692307654
tx2026ozygak,2.7,7.3486,-101.682,31.722,112.0,1.0,1.0,61.0,0.1,50.0,0,"24 km SW of Garden City, Texas",24 km SW,"Garden City, Texas",shallow,33.75,0,USGS-WEST,5,1785579139688,ml,reviewed,tx,0.03846153846153849
us6000thfp,5.1,10.0,-15.9654,-39.7185,400.0,0.0,0.0,80.0,3.902,35.0,0,Tristan da Cunha region,,Tristan da Cunha region,shallow,63.74999999999999,1,SCEDC-01,2,1785577833882,mb,reviewed,us,0.4999999999999999
us6000tils,4.5,10.0,-176.6412,-27.9847,312.0,0.0,0.0,94.0,1.691,16.0,0,Kermadec Islands region,,Kermadec Islands region,shallow,56.25,0,USGS-WEST,7,1785577210770,mb,reviewed,us,0.3846153846153846
us6000tig5,3.1,10.0,-165.9422,52.171,148.0,0.0,0.0,230.0,1.712,22.0,0,"193 km SSE of Unalaska, Alaska",193 km SSE,"Unalaska, Alaska",shallow,38.75,0,PNSN-07,9,1785573262283,ml,reviewed,us,0.11538461538461539
us6000thfh,4.6,26.688,-93.2563,14.3653,326.0,0.0,0.0,145.0,3.404,152.0,0,"98 km WSW of Puerto Madero, Mexico",98 km WSW,"Puerto Madero, Mexico",shallow,57.49999999999999,0,PNSN-07,13,1785572509778,mb,reviewed,us,0.40384615384615374
aka2026pcfeuy,2.6,7.6,-179.907,51.025,104.0,0.0,0.0,238.0,0.6,26.0,0,"246 km WSW of Adak, Alaska",246 km WSW,"Adak, Alaska",shallow,32.5,0,CEA-12,3,1785572176789,ml,reviewed,ak,0.019230769230769246
nc75409452,3.67,6.69,-122.939666666667,38.7766666666667,283.0,190.0,4.0,31.0,0.04796,123.0,0,"7 km ESE of Cloverdale, CA",7 km ESE,"Cloverdale, CA",shallow,45.875,0,,,1785571065720,mw,reviewed,nc,0.22499999999999998
us6000thf5,4.4,140.113,-68.482,-21.4476,298.0,0.0,0.0,69.0,0.788,29.0,0,"34 km SW of Ollagüe, Chile",34 km SW,"Ollagüe, Chile",intermediate,55.00000000000001,0,USGS-WEST,14,1785570645823,mb,reviewed,us,0.3653846153846154
us6000thf3,5.4,559.266,-179.0866,-22.3531,449.0,0.0,0.0,42.0,5.314,117.0,0,south of the Fiji Islands,south,the Fiji Islands,deep,67.5,1,CEA-12,2,1785570364307,mww,reviewed,us,0.5576923076923077
us6000tilq,4.4,54.0,142.6077,23.9985,298.0,0.0,0.0,137.0,3.108,27.0,0,"Volcano Islands, Japan region",,"Volcano Islands, Japan region",shallow,55.00000000000001,0,SCEDC-01,3,1785570031099,mb,reviewed,us,0.3653846153846154
us6000they,4.3,10.0,133.1672,53.5757,284.0,0.0,0.0,103.0,8.679,69.0,0,"52 km NNE of Tokur, Russia",52 km NNE,"Tokur, Russia",shallow,53.75,0,CEA-12,6,1785567726253,mb,reviewed,us,0.3461538461538461
us6000tig0,3.7,10.0,176.2784,51.9758,211.0,0.0,0.0,193.0,1.382,38.0,0,"231 km ESE of Attu Station, Alaska",231 km ESE,"Attu Station, Alaska",shallow,46.25,0,PNSN-07,11,1785567295003,mb,reviewed,us,0.23076923076923078
us6000thex,4.4,35.0,154.7756,48.2913,298.0,0.0,0.0,133.0,5.168,42.0,0,"282 km SSW of Severo-Kuril’sk, Russia",282 km SSW,"Severo-Kuril’sk, Russia",shallow,55.00000000000001,0,PNSN-07,12,1785566891447,mb,reviewed,us,0.3653846153846154
us6000tilp,4.3,10.0,128.0415,1.6408,284.0,0.0,0.0,98.0,4.076,23.0,0,"10 km SSE of Tobelo, Indonesia",10 km SSE,"Tobelo, Indonesia",shallow,53.75,0,USGS-WEST,12,1785566431594,mb,reviewed,us,0.3461538461538461
pr71526913,3.3,25.84,-65.7055,19.4135,168.0,0.0,0.0,251.0,1.171,20.0,0,"109 km N of Suárez, Puerto Rico",109 km N,"Suárez, Puerto Rico",shallow,41.25,0,CEA-12,8,1785566344460,md,reviewed,pr,0.1538461538461538
us6000thev,4.4,35.0,142.5175,24.377,298.0,0.0,0.0,138.0,2.724,50.0,0,"Volcano Islands, Japan region",,"Volcano Islands, Japan region",shallow,55.00000000000001,0,SCEDC-01,6,1785564118119,mb,reviewed,us,0.3653846153846154
us6000tifw,3.2,76.548,178.9348,51.6563,158.0,0.0,0.0,177.0,0.358,16.0,0,"Rat Islands, Aleutian Islands, Alaska",,"Rat Islands, Aleutian Islands, Alaska",intermediate,40.0,0,SCEDC-01,6,1785562015505,ml,reviewed,us,0.13461538461538464
us6000tilm,4.6,10.0,-16.1054,-39.6346,326.0,0.0,0.0,85.0,35.416,26.0,0,southern Mid-Atlantic Ridge,,southern Mid-Atlantic Ridge,shallow,57.49999999999999,0,,,1785561514352,mb,reviewed,us,0.40384615384615374
pr71526908,3.28,7.13,-65.072,18.9903333333333,166.0,0.0,0.0,237.0,0.6439,16.0,0,"73 km NNW of Charlotte Amalie, U.S. Virgin Islands",73 km NNW,"Charlotte Amalie, U.S. Virgin Islands",shallow,41.0,0,,,1785560988270,md,reviewed,pr,0.14999999999999997
us6000tilk,4.2,10.0,-129.0355,49.7473,271.0,0.0,0.0,193.0,1.066,23.0,0,"167 km SW of Port McNeill, Canada",167 km SW,"Port McNeill, Canada",shallow,52.5,0,,,1785560258499,mb,reviewed,us,0.3269230769230769
us6000tift,3.1,207.897,-173.043,52.6966,148.0,0.0,0.0,159.0,0.709,20.0,0,"96 km NE of Atka, Alaska",96 km NE,"Atka, Alaska",intermediate,38.75,0,USGS-WEST,15,1785559814817,ml,reviewed,us,0.11538461538461539
us6000thel,4.5,512.867,-179.7368,-23.6347,312.0,0.0,0.0,140.0,6.214,30.0,0,south of the Fiji Islands,south,the Fiji Islands,deep,56.25,0,PNSN-07,,1785559814404,mb,reviewed,us,0.3846153846153846
us6000thej,5.6,10.0,-129.3017,49.604,486.0,12.0,2.7,152.0,1.281,105.0,0,"192 km SW of Port McNeill, Canada",192 km SW,"Port McNeill, Canada",shallow,70.0,1,SCEDC-01,5,1785559741457,mww,reviewed,us,0.596153846153846
us6000tifg,2.5,35.0,-163.4788,53.8609,96.0,0.0,0.0,237.0,0.8,19.0,0,"110 km S of False Pass, Alaska",110 km S,"False Pass, Alaska",shallow,31.25,0,PNSN-07,,1785559517782,ml,reviewed,us,0.0
aka2026pbydwn,3.0,5.0,176.312,51.941,138.0,0.0,0.0,341.0,1.4,7.0,0,"235 km ESE of Attu Station, Alaska",235 km ESE,"Attu Station, Alaska",shallow,37.5,0,USGS-WEST,,1785559511329,ml,reviewed,ak,0.09615384615384615
us6000tilj,4.5,181.436,154.1739,-5.3776,312.0,0.0,0.0,205.0,2.324,15.0,0,"178 km NW of Panguna, Papua New Guinea",178 km NW,"Panguna, Papua New Guinea",intermediate,56.25,0,PNSN-07,3,1785557566201,mb,reviewed,us,0.3846153846153846
us6000thef,4.6,35.0,124.954,5.5448,327.0,4.0,4.1,116.0,1.637,45.0,0,"34 km S of Daliao, Philippines",34 km S,"Daliao, Philippines",shallow,57.49999999999999,0,USGS-WEST,4,1785555770743,mb,reviewed,us,0.40384615384615374
us6000the7,4.8,117.29,167.3487,-45.1468,359.0,12.0,3.8,96.0,0.346,36.0,0,"41 km NW of Te Anau, New Zealand",41 km NW,"Te Anau, New Zealand",intermediate,60.0,0,USGS-WEST,3,1785554635125,mb,reviewed,us,0.44230769230769224
us6000thdk,5.5,74.853,141.97,41.3318,468.0,7.0,3.8,124.0,0.873,102.0,0,"63 km E of Mutsu, Japan",63 km E,"Mutsu, Japan",intermediate,68.75,1,PNSN-07,7,1785552480535,mww,reviewed,us,0.5769230769230769
us6000tili,4.5,35.0,125.2117,5.0135,312.0,0.0,0.0,135.0,2.075,19.0,0,"51 km SSW of Sarangani, Philippines",51 km SSW,"Sarangani, Philippines",shallow,56.25,0,,,1785552159840,mb,reviewed,us,0.3846153846153846
us6000thdg,4.3,10.0,-83.8285,9.7369,300.0,33.0,4.8,167.0,0.384,22.0,0,"7 km SSE of Orosi, Costa Rica",7 km SSE,"Orosi, Costa Rica",shallow,53.75,0,PNSN-07,9,1785550587675,mb,reviewed,us,0.3461538461538461
us6000thdc,4.5,10.0,99.5171,35.4076,312.0,0.0,0.0,115.0,3.445,49.0,0,"195 km NW of Oula Xiuma, China",195 km NW,"Oula Xiuma, China",shallow,56.25,0,PNSN-07,,1785547776477,mb,reviewed,us,0.3846153846153846
us6000thdb,4.7,10.0,39.1938,18.9321,340.0,0.0,0.0,55.0,6.605,68.0,0,"164 km ENE of Tokār, Sudan",164 km ENE,"Tokār, Sudan",shallow,58.75,0,PNSN-07,12,1785547449688,mb,reviewed,us,0.4230769230769231
aka2026pbqmpx,2.5,5.0,-151.633,63.256,96.0,0.0,0.0,39.0,0.3,46.0,0,"32 km S of Denali National Park, Alaska",32 km S,"Denali National Park, Alaska",shallow,31.25,0,PNSN-07,6,1785545731214,ml,reviewed,ak,0.0
us6000tile,4.5,44.9,-25.4429,-57.2752,312.0,0.0,0.0,114.0,19.634,20.0,0,South Sandwich Islands region,,South Sandwich Islands region,shallow,56.25,0,PNSN-07,10,1785544763103,mb,reviewed,us,0.3846153846153846
